:040000006F208008E5
:10000400000000000000000090000020E804002030
:10001400A9BDF9F3900000200000000000000000DA
:10002400900000209000002000000000000000006C
:10003400900000200000000090000020000000005C
:1000440090000020900000209000002090000020EC
:1000540090000020900000209000002090000020DC
:1000640090000020900000209000002090000020CC
:10007400EC0500209000002090000020900000205B
:1000840090000020900000209000002090000020AC
:1000940001A0B717004041119387870398433AC6DC
:1000A40094433247E39CE6FE324541018280732744
:1000B4000080218B9387019001CB7327008098C324
:1000C40098435D9B731007800F10000037170040A2
:1000D40013070704930670052300D700930680FADC
:1000E4002300D7000F100000B716004003C6B60463
:1000F4001376F60DA385C60423000700F3260080BB
:100104009843218B558F7310078023A001900F1003
:100114000000137705026301071A37170040290707
:1001240003470700118B3DE773270080218B01CB28
:100134007327008098C398435D9B731007800F104A
:1001440000003717004013070704930670052300C7
:10015400D700930680FA2300D7000F100000B716CB
:10016400004003C6A600136646002385C60023008C
:100174000700F32600809843218B558F7310078066
:1001840023A001900F1000001307004B0100010091
:100194007D176DFF73270080218B01CB73270080AF
:1001A40098C398435D9B731007800F1000003717A6
:1001B400004013070704930670052300D700930635
:1001C40080FA2300D7000F100000B71600407D8985
:1001D4002394A60001000100010001002300070090
:1001E400F32600809843218B558F7310078023A03A
:1001F40001900F10000073270080218B01CB73271F
:10020400008098C398435D9B731007800F10000013
:100214003717004013070704930670052300D7001F
:10022400930680FA2300D7000F1000000F1000007F
:10023400B726004013061005A383C68023000700D9
:10024400F32600809843218B558F7310078023A0D9
:1002540001900F10000073270080218B01CB7327BE
:10026400008098C398435D9B731007800F100000B3
:100274003717004013070704930670052300D700BF
:10028400930680FA2300D7000F100000B716004031
:1002940003C6B60413660608A385C6042300070034
:1002A400732700809C43A18BD98F7390078023A070
:1002B40001900F100000828013770504630607166F
:1002C40037170040290703470700418B3DE7732791
:1002D4000080218B01CB7327008098C398435D9BDA
:1002E400731007800F10000037170040130707042E
:1002F400930670052300D700930680FA2300D700E5
:100304000F100000B716004003C6A60013660601CE
:100314002385C60023000700F32600809843218B21
:10032400558F7310078023A001900F10000013074E
:10033400007D010001007D176DFF73270080218B74
:1003440001CB7327008098C398435D9B731007808B
:100354000F100000371700401307070493067005B9
:100364002300D700930680FA2300D7000F10000063
:100374001376F50113660604B71600402394C600ED
:10038400010001000100010023000700F3260080A2
:100394009843218B558F7310078023A001900F1071
:1003A4000000130760046311E50473270080218BA8
:1003B40001CB7327008098C398435D9B731007801B
:1003C4000F10000037170040130707049306700549
:1003D4002300D700930680FA2300D7000F100000F3
:1003E400B7260040094689BD73270080218B01CBC5
:1003F4007327008098C398435D9B731007800F1088
:100404000000371700401307070493067005230004
:10041400D700930680FA2300D7000F100000B726F8
:1004240000401306200509BD73270080218B01CBF2
:100434007327008098C398435D9B731007800F1047
:1004440000003717004013070704930670052300C4
:10045400D700930680FA2300D7000F100000B716C8
:10046400004003D686001366060C2394C600F9B335
:100474004111814601468145114506C6A124F32751
:100484000080A18B9386019081CBF32700809CC2CE
:100494009C42DD9B739007800F100000B71700404B
:1004A40093870704130770052380E700130780FA76
:1004B4002380E7000F10000037170040034667044D
:1004C400136616002303C7042380070073270080E4
:1004D4009C42A18BD98F7390078023A001900F10A9
:1004E4000000B240410182804111814601468145AC
:1004F400114506C6C12A73270080218B938701907A
:1005040001CB7327008098C398435D9B73100780C9
:100514000F100000371700401307070493067005F7
:100524002300D700930680FA2300D7000F100000A1
:10053400B71600407D562396C60223000700F32613
:1005440000809843218B558F7310078023A001905E
:100554000F10000073270080218B01CB73270080CC
:1005640098C398435D9B731007800F1000003717E2
:10057400004013070704930670052300D700930671
:1005840080FA2300D7000F100000B716004003C6FE
:100594006604136616002383C6042300070073272A
:1005A40000809C43A18BD98F7390078023A0019076
:1005B4000F10000001A0BD473305F50201007D15B1
:1005C40075FD8280411122C426C206C6AA84014454
:1005D40063179400B240224492444101828005048E
:1005E4001305803E4204C13F4180DDB7B717004088
:1005F400130700032388E702854723ACF194828024
:10060400411106C6A92DFDBF23030480154723030A
:10061400E48001002302A480828083076480E3CE07
:1006240007FE23030480828083076480E3CE07FEF1
:1006340003454480828083076480E3CE07FE23025F
:10064400A4808280411126C44AC24EC006C61377D4
:10065400F50BAD47AA892E8995446306F700194521
:100664006537653F8D444E854537FD59FD146398C4
:100674003401B240A2441249824941018280135597
:1006840009011375F50F453F2209CDB7011126CC99
:1006940006CEB704080051371545BD3771376937A1
:1006A4002AC6A53F32459377150089EB13651500DB
:1006B4001375F50FF240E24405618280FD14E9FCF4
:1006C4000145CDBF397126DC4ADA4ED852D656D40C
:1006D4005AD25ED006DE62CE66CCB7E700E07D5724
:1006E40083AA070022C603AA470023A0E71823A26F
:1006F400E718B7170040130770052380E7041307B2
:1007040080FA2380E70483C74704930B75FFB684FC
:10071400E20793FBFB0F8546AA892E8B3289372487
:100724000040E187015763FA76016308D5008946E2
:10073400130700026313D5000157D98F93F7F70FFE
:10074400B71C00402382FC0411472303E4801305F3
:10075400F00F5D3D094CD135636D7C11B705070081
:10076400DA9537870700795563F2E504B387950076
:10077400636EF702370B0800A94733EB65016399F1
:10078400F90689E48144513D26850DA0DA850945A1
:10079400553D05090345F9FFFD14050B693D81C469
:1007A4009377FB0FFDF7DD3569FD7D55B7170040E5
:1007B400130770052380E704130780FA2380E704F6
:1007C40003C74704418B2382E704F250B7E700E0F4
:1007D40023A0571123A24711E25432445259C2595B
:1007E400325AA25A125B825B724CE24C21618280C3
:1007F400A5476395F90685691309F00FB3069900B7
:10080400B3742B01B6941349F9FFB3749900856B43
:1008140033796901416B9387F9FFB3F7270199E3B2
:1008240063FC340193D94900C147E3E637FF99BF1C
:100834000569C1697D19D9B71305800D63886901FC
:10084400130500026384790113051008CA85DD3B92
:10085400353D21DD4E99B3843441D9B7DA852D4530
:10086400D533CA94E30099F205097D3BA30FA9FE91
:10087400D5BF9387F9FF93F7F70F6361FC0C83C728
:100884001C0413073008631FF70437070800636B61
:10089400EB04B3079B00B706100063F5D704334B92
:1008A400EB0089476393F9068980D549E38C04EC0E
:1008B400DA850945413B11090327C9FF91472320E4
:1008C400E48003076480E34E07FE23033481FD17AD
:1008D400EDFBFD14110B81C49377FB0FE9FF7D330E
:1008E40071F5E1B5B717004003C75704B70708000F
:1008F4001377070219E3B78707007955E378FBEA12
:1009040033079B00E3FFE7F855B58547E382F9F227
:10091400DA852D45053B9389F4FFE38504E6293305
:1009240093F7390091EB832604800327090093078A
:100934004900E39AE6E43E89CE84F1BFB547639665
:10094400F9001305900BC93135BDB1471305B00A41
:10095400E38BF9FE99476391F904B7050800B36581
:10096400BB002D45C53181448D4BA1497539639632
:100974007401832704802320F9008504E39834FF5D
:100984008327048013172B01635507002312F900F2
:10099400D5BB2322F900FDB39D476399F902814534
:1009A4001305B0044531BD44232009002322090066
:1009B400FD599D3993F77400CA9703C70700FD14C6
:1009C400398D2380A700E39634FF6DBBA147639262
:1009D400F9046D398144630D0B008D479304C00302
:1009E4006308FB009304000563048B019304400433
:1009F4001375C507E30895D81945393139390545C3
:100A0400213126850D3909453D314931E31C05D68F
:100A140069BB91476399F90013056006F536F53E05
:100A2400130590090DB7E38F09D4F154A9BB19CD6F
:100A340091CD09CE81473387F500834607003307FC
:100A4400F50085072300D700E317F6FE828019C955
:100A540091C909CA910583A7C5FF11057D16232EE7
:100A6400F5FEC5BF828001C919C62A960505A30FE4
:100A7400B5FEE31DA6FE828081473307F500030718
:100A8400070019E33E8582808507C5BF01112E86C4
:100A940026CAAA84131506019305F004418122CCC9
:100AA40006CE32C6EF00F0512A8401C53246A6852F
:100AB400BD3F2285F2406244D2440561828085476D
:100AC40015C18DC105C28147B306F5003387F50012
:100AD40083C60600034707006398E6008507E3150D
:100AE400F6FE85473E8582808147EDBF9307F6FF7A
:100AF400BE952A966313C5008280FD1583C7150031
:100B04000505A30FF5FEFDB7AA87014581CF09CEE0
:100B14003E96850703C7F7FF6317B700E39BC7FE3D
:100B2400054582808280014582807971938741974F
:100B340022D4804306D626D24AD04ECE52CC56CAB0
:100B44005AC85EC65DCCB7C4C901014B9389C1962E
:100B54009384F437173A0000130A4A5A973A00006C
:100B6400938A8A5D17390000130949618357240069
:100B740085E35C44631B0B0023AAF196832BC4001A
:100B84002285EF0070505E84B9A82326FB00FDB7D0
:100B940083A7090082971C443307F5406376F50068
:100BA400032749001D8F2A9763E0E4089737000064
:100BB40023AC07588355240003450400974000E004
:100BC400E78060435C405844A1CB0C4403264900B1
:100BD400AE97BE8663E4B70063E4C700B386C7403C
:100BE40014C4228B3A8459F0973700009387C75472
:100BF4009C4B09476370F706F91717370000232544
:100C0400F754B250225492540259F249624AD24AD9
:100C1400424BB24B4561828063150B0023AAE196D7
:100C2400B1BF2326EB0099BF03274A0209CF63EF24
:100C3400A7003385A74083A70A016376F500973799
:100C4400000023A3A750228B404471BF032749000F
:100C5400BA97C5B79737000023A8074E5DB741116F
:100C640022C4173400001304A44F1C4006C626C235
:100C74004AC091C782979737000023A3074E97373E
:100C8400000083C7B767858B973400009384C466DC
:100C940095C397370000A383076683C7740015477D
:100CA400637AF700052B83C77400F5178A07A297A8
:100CB4009C4382971C4491C382971389019603270E
:100CC400090017360000034636479737000083C7EC
:100CD400A74693961700BA9683D60600C5CE9737D3
:100CE400000083C7674563E1C70C9737000023857D
:100CF40007441C40639507129737000083C7576069
:100D040091CF83C7740093F7F70F89EB97370000EF
:100D1400A388075E974001E0E78000609387C1964F
:100D24009C43638E070E9737000093872745DC4367
:100D340017370000232AF740CD3B973700009387ED
:100D4400E73BDC53E9CF173700001307E73E184BA6
:100D54009737000083C7D73B6363F70C83C77400DE
:100D64001547636EF70A9737000083C7675D918B59
:100D7400DDE7032609009736000083C6F63B63C609
:100D8400D70A2244B240924402494101175302E077
:100D94006700C3F3850793F7F70F97360000238D99
:100DA400F638E3E4C7F225BF86073E97835507006C
:100DB4002310070023940196938781979C4317354A
:100DC40000000345653713172500BA979C438297A3
:100DD40083D78196173700000347073693C7F7FF79
:100DE4007D8D93171700032709003E97835707004B
:100DF4005D8D2310A7009737000083C7E73391C7A1
:100E04008507173700002309F73217370000034717
:100E1400A7329737000083C73732E378F7ECB24044
:100E24002244924402494101828013971700329769
:100E3400035707006DF7850799B7AD6737C70040BB
:100E4400BD072326F7200F10000097370000938773
:100E5400A72EC84F83278726BD66BD0693C7F7FF15
:100E640099836A052326D7205D8D82804111B717A7
:100E74000040985F3AC6945F3247E39CE6FE3245F1
:100E8400410182801305F00F828001119737000021
:100E94009387C75222CC03A4070C26CA06CE2AC4C1
:100EA4002EC6854419E40145F2406244D2440561EA
:100EB40082808347910003471400858B6304F70005
:100EC4000044CDB719469305A10013052400C53E7F
:100ED400E31895FE0545C9BF138741A31C43930638
:100EE400001094C301000100010001001C4323A071
:100EF40007008346150003482500A2064208C2964F
:100F040003480500C296034835006208C29694D788
:100F14008346550003486500A2064208C29603486A
:100F24004500C296034875006208C296D4D783462A
:100F340095000348A500A2064208C296034885000E
:100F4400C2960348B5006208C29694DB8346D50076
:100F54000348E500A2064208C2960348C5000345BB
:100F6400F500C2966205AA96D4DB83C6150003C5B4
:100F74002500A2064205AA9603C50500AA9603C544
:100F840035006205AA9694CF83C6550003C5650053
:100F9400A2064205AA9603C54500AA9603C5750094
:100FA4006205AA96D4CF83C6950003C5A500A20600
:100FB4004205AA9603C58500AA9603C5B500620535
:100FC400AA9694D383C6D50003C5E500A2064205BC
:100FD400AA9603C5C50083C5F500AA96E205AE9698
:100FE400D4D3D443F59AD4C3D44393E61600D4C3DC
:100FF400944393E6160094C3BA879443D842058B6E
:1010040059E3984E01452300E6009843184F218385
:10101400A300E6009843184F41832301E600984358
:10102400184F6183A301E6009C43D84F2302E600D6
:10103400D84F2183A302E600D84F41832303E6005F
:10104400D84F6183A303E60098532304E600985322
:101054002183A304E600985341832305E6009853B3
:101064006183A305E600D8532306E600D853218301
:10107400A306E600D85341832307E600DC53E1834B
:10108400A307F600828001008DBF138781A3144358
:10109400411122C49C5E4AC006C6998326C2858B30
:1010A4003A84138941A3D1C79C5E9734000093848A
:1010B400A42493F7F7F99CDE17370000034727248D
:1010C40093070008631BF700832709009C4393F7E9
:1010D4000704173700002304F72283C7040093F79B
:1010E40007048DC39387C1969C438297973700006A
:1010F40023ACA72083C7040093F7F70B173700002E
:10110400230CF71E83C7440093F707049DE3854728
:1011140017370000A304F71E938741A49C43096773
:1011240098C7130700FC973600002389E61CD844AF
:10113400F8D31C40985F1183058B09CB985F3D9BC6
:1011440098DF054797360000238AE61A985F1D83C7
:10115400058B11CB985F1377F7F798DF854717371F
:101164000000230DF71883270900D8430583058B56
:1011740019C7D843759BD8C3D843799BD8C3B24009
:1011840022449244024941018280397106DE16DC10
:101194001ADA1ED82AD62ED432D236D03ACE3ECC43
:1011A40042CA46C872C676C47AC27EC0F93DF250BD
:1011B400E2525253C2533255A255125682567247C6
:1011C400E2475248C248324EA24E124F824F21612A
:1011D40073002030938741A494439737000093878A
:1011E400A71103C70700058B11CB9737000023878E
:1011F400071097370000A3830710828003C71700E6
:10120400058B65F7F85271FF83C75700DDB7138864
:1012140081A3032708001C5F9583858BD1E709C64A
:101224001C5BBD832300F60085CA83270800985BF6
:101234004607935767016356070093E707C0C20741
:10124400C18303970600C207C18709C7BA97094734
:10125400B3C7E7022390F60085CD834715008DCBF5
:101264009736000083C6A60993F6060413879700F1
:1012740089478DCA3A9503470500854699471376F1
:10128400F7066311D60262076187B947634C07000A
:10129400832708009C5FED838D8B17370000A30222
:1012A400F70681473E8582808547EDBF411122C400
:1012B40006C6138441A418402DE9AE877453FDFE7D
:1012C4003E85B2859737000023890702974001E0E5
:1012D400E780C0D9938781A39C43B70680009843D5
:1012E400558F98C3D857719BD8D797370000A387D9
:1012F400070097370000A38107001C40094798C3E3
:10130400144017370000130727FF83472700858BF6
:1013140089EB83473700858BD9C397370000238F28
:1013240007FCB2402244410182808D47631EF500D0
:10133400938781A39C43B70680009843558F98C335
:10134400D857719BD8D76DBF8547E31BF5FA54472F
:10135400F977FD17F58F5CC70F1000001C40096773
:1013640098C7130700F8173600002309E6F8138717
:1013740081A31043184231830D8B11E713076019C1
:10138400F8D3D4C7B5BF1842094631830D8B631512
:10139400C7001307E043EDB71307E01BD5B7FC52B2
:1013A400ADF741B75D71A2C4A6C22A8413068002B8
:1013B4002800AE849305100886C6CAC04EDE52DCEF
:1013C400EFF06FEA3545974001E0E780800613832C
:1013D40081A3832703009376F41F138EC1A423A44F
:1013E4000700984B938E41A4370FFCFF1367F70354
:1013F40098CBF84F130510F8B7020400137707E0F1
:10140400558FF8CF9843F576FD16758F98C398439A
:10141400B7063300930380251377F7E798C39843FF
:1014240011497D1F1377F7E71367071098C3032744
:101434000E008549930F80021C47D58F1CC783A7D4
:101444000E001307900D3400B8CB014793553700B5
:10145400A69583C7050013767700B3D7C740858B5D
:10146400E1C38327030083280E00239C07042390F1
:10147400070603A8C8021378D8FF23A6080383A885
:1014840007001378F70793F808F833E8080123A056
:10149400070103A847023368580023A2070383A85F
:1014A4000E00014823A2780603DA070663074803FF
:1014B40003A80703038A06001358F80062081358A8
:1014C400884163580A0103A807031358F8002380CE
:1014D400060103D807061378F80F03AA4806630623
:1014E4000A0003DA8705E37F49FB03A84702337840
:1014F400E80123A2070383870600635CF40003C8A2
:1015040005003396C9001346F6FF3376060123809F
:10151400C5003E8663D3A7002A861315860161851C
:1015240005071377F70F8506E312F7F3B640264451
:1015340096440649F259625A61618280938641A4B5
:101544009C42D84713161701635506029847131691
:101554001701635006027D57B8D7173700001307E9
:10156400A7BD584F0507173600002325E6BE1167AF
:1015740098C798470D83058B1DCB17370000034789
:10158400C7D713671700173600002308E6D61307DA
:1015940000F8173600002303E6D6214798C71387BF
:1015A40081A310435856719B1367170058D6984768
:1015B400058B0DC717370000034717D413671700AF
:1015C40017360000A30AE6D2054798C7138781A3FC
:1015D40010435856719B1367170058D698470983D0
:1015E400058B09E798470583058B21CF9847173664
:1015F4000000130666D0138581A30983058B63035A
:1016040007101841184331830D8B75EBAC4B184E02
:1016140093F5050203471700CDCD79EF1307700644
:10162400D8CF0347060013671700173600002305B9
:10163400E6CC114798C718415C57F19B93E7170014
:101644005CD79C4298479316370163D606029736B7
:10165400000083C626DEC18A17370000130707D6A9
:10166400C5CE034787071367070297360000238315
:10167400E6DC056798C798479316270163D10602ED
:1016840017370000034787C762076187635707005E
:101694000547973600002383E6C6096798C798472D
:1016A4009316070163D606029736000083C696D8C0
:1016B400858A17370000130767D0ADCE0347970715
:1016C4001367270097360000A386E6D6216798C7DC
:1016D400828029D785456315B7001307B00689B7FB
:1016E40089456315B7001307F0061DBF8D456315C3
:1016F400B700130730072DB71307500715B71307A3
:10170400600739BF03473600136717001736000018
:10171400A305E6BE094739BF834687070946BD8A44
:101724006388C600034787078D463D8BE313D7F4D0
:10173400114725BF83469707918AC9DA034797075C
:101744001367870041B7397106DE16DC1ADA1ED832
:101754002AD62ED432D236D03ACE3ECC42CA46C84D
:1017640072C676C47AC27EC0D13BF250E252525362
:10177400C2533255A255125682567247E247524816
:10178400C248324EA24E124F824F21617300203064
:10179400938741A498438567938707777CD393877E
:1017A400C1A49C4383A607091396560063580600F8
:1017B40083A6070913966600634406007453FDF27A
:1017C400828061C1AA870145DDCD8D07C207C1832F
:1017D400F19BC207C18313074003636BF7021387AE
:1017E40041AD08431387C1AC14436396A60217376F
:1017F40000001307A790185B014551C74111C207A8
:1018040006C60545DD8D0297B2400145410182803F
:10181400138701ADF9B70357650035E30357450056
:10182400636FF704B306F7402146637CD6020328AE
:101834000500938687001D8FAA966117173600004E
:101844000356E68F2392E60023A0060123930600A5
:1018540014C12312F500130786FF97360000239066
:10186400E68E2313B5009735000083D5458DB387E5
:10187400F540173700002314F78C210582800841B6
:10188400ADB701458280828009CD938741AD03A322
:1018940007009387C1AC83A8070081469A8763E356
:1018A4001701828003A807006369F50A6367A80A21
:1018B40013878700E367E5FE03D667002167050702
:1018C4006317E60003C7C1A005072386E1A0973587
:1018D40000009385658603D6470003D765002393EC
:1018E4000700329742074183173500002319E58426
:1018F40063886702138501AD08416303F50203D5CC
:10190400660019ED83D7460023A0060121073E9601
:1019140021062392C600973700002392E782B687F8
:101924009843E30017F9938601AD9442E30BD7F68D
:1019340083566700BDF683D6470003564700184315
:10194400A106B2962392D70098C383D76500A10756
:10195400172700002315F77E8280BE86C28781B7D1
:101964000327851163020712411122C406C6834767
:10197400C5008345E5042A8493F7C70F2306F500C1
:10198400834697000356C70013958601618563F269
:10199400C508635B05060345870093F6F607A304B1
:1019A400D700054693E627006314C50093E61700A5
:1019B4002306D4005C4389075CC3A30AB40003254F
:1019C40004112E864C430905EFF06F86832784119A
:1019D40003465401D44303D7C700B296118FD4C32E
:1019E4002396E7008947A30DF40003476403972770
:1019F400000083C7C7716378F7048347C40093E783
:101A040007012306F40081A093E717002306F400DE
:101A14006DB79376F60F635D050203458700854530
:101A240013E627006314B50013E617002306C40069
:101A3400A30AD400A30407008547A30DF400832759
:101A440084119C43DDF3B24022440145410182806C
:101A540093E717002306F400A30AD400A3040700A5
:101A6400032504114C430905EFE07FFC832784110F
:101A740003465401D44303D7C700B296118FD4C38D
:101A84002396E7008D4755BF05458280938741AE75
:101A94009C43411122C406C6858B2A84C5EF416547
:101AA400130525F597F001E0E78080D445C5834709
:101AB400A5002315F50083270412BDE72320A412F3
:101AC4002322A41285472311F4042320050083470D
:101AD400640154412316F5000347D4002304E500B0
:101AE4000547A304E500173700001307E780184FE4
:101AF4001385170215811C437D151375F50F9CC2C0
:101B04005C43DCC21C479CC65C47DCC61C4B9CCABD
:101B14005C4BDCCA1C4F9CCE5C4FDCCE19CD93864B
:101B2400060213070702C1BF8327441288C38357E1
:101B340024042322A412850779B79737000083D79A
:101B44006788850717370000231EF786B2402244B2
:101B5400410182808347C40023090400054593C7DB
:101B640047002306F400DDB78347850193F7E70FA9
:101B7400C5EF83479501CDEB034625018346C50098
:101B840009CA83456503172700000347575863E7CD
:101B9400E50013F7060151CB014709C6C18A035773
:101BA400651C81C68356A51C369741C31307C7120B
:101BB400172500000355055DB335A70237460F000E
:101BC400411113060624814622C426C206C67D544A
:101BD4003305A702970000E0E780806097270000A4
:101BE40083C75753B384A700972700009387077DC3
:101BF40003A787098327070963F387003E841843F3
:101C040075FB9387C1969C43829781476364A400C4
:101C1400B307A440B2402244B3B7970093C7170058
:101C240092443E854101828081473E85828093872C
:101C340041A498437C53FDFF8280797126D206D655
:101C440022D44AD04ECE52CC56CA5AC85EC6834716
:101C5400550303447513AA843E941374F40F930735
:101C6400400263F687001304B4FD1374F40F03AA4F
:101C7400841383AAC413A38B841222865285D68527
:101C8400970000E0E780204E058915E503CBD412C8
:101C940001498149337B6403930B50024A86528580
:101CA400D685970000E0E780004C058915C563914F
:101CB40069031374F90F238B8412B2502254925483
:101CC4000259F249624AD24A424BB24B4561828080
:101CD4008509E20993D989410509E31179FDE1BF39
:101CE4008327850903560504797193D60701BD8EB0
:101CF400C206C182358E1357764093575640898B5E
:101D0400058B5D8F93573640918B5D8F93571640AB
:101D1400A18B5D8F93171600C18B5D8F93173600CF
:101D240093F707025D8F931756009355860093F738
:101D340007041E065D8F1376F60F518F93D7554017
:101D440013D63540118A898BD18F13D67540D18F24
:101D540013D61540218AD18F13961500418AD18F4D
:101D64001396350013760602D18F13965500137619
:101D740006049E05D18F93F5F50FCD8FA207454636
:101D84005D8F3307C70222D42A8426D252CC56CA86
:101D9400032A8413832AC4135AC806D636974207E3
:101DA400418393577740135557400989858BC98FD1
:101DB400135537401189C98F135517402189C98F8D
:101DC400131517004189C98F1315370013750502C0
:101DD400C98F1315570093558700137505041E0703
:101DE400C98F1377F70FD98F13D5354013D75540C3
:101DF4001189098B498F13D57540498F13D5154027
:101E04002189498F139515004189498F1395350010
:101E140013750502498F13955500137505049E0526
:101E2400498F93F5F50F4D8F2207D98FB387C702DA
:101E34004AD04ECE5EC662C4B697C207C18313D7DA
:101E4400774013D557400989058B498F13D53740FF
:101E54001189498F13D517402189498F139517008C
:101E64004189498F1395370013750502498F1395DE
:101E7400570093D58700137505049E07498F93F780
:101E8400F70FD98F13D5354013D755401189098BD6
:101E9400498F13D57540498F13D515402189498F32
:101EA400139515004189498F139535001375050263
:101EB400498F13955500137505049E05498F93F5B5
:101EC400F50F4D8F2207D98FB387C702130650022F
:101ED4005285D685B697BD8E93940601C18033F69C
:101EE400C402137BF60F970000E0E780C027058942
:101EF4000DED8347D41201498149B3849702130C31
:101F04005002C1804A865285D685970000E0E7805A
:101F140080250589937BF90F11C5638634038509F0
:101F240093F9F90F0509E31F89FD230B6413B250DC
:101F3400225492540259F249624AD24A424BB24B59
:101F4400224C456182805E8BCDB7797122D406D64E
:101F540083C735002E8423160100A307F10083C72D
:101F64004500100802C02307F10083C755008A8585
:101F740002C2A306F10002C402C802CA02CC02CE05
:101F8400EFE09FF50347F101834704000145631027
:101F9400F7020347E1018347140001456319F70081
:101FA4000345D101834724001D8D13351500B2501C
:101FB40022544561828001119727000093870740CE
:101FC40022CC03A4870C26CA4AC84EC606CEAA84CD
:101FD40013092500854915C083C71400034734003D
:101FE400858B6304F700405CFDB7194693054400F4
:101FF4004A85EFE0DFACE31835FF2285F240624406
:10200400D2444249B24905618280411197270000B8
:102014009387C73A22C403A4870C26C24AC006C6C3
:1020240093042500054901E82285B24022449244E4
:10203400024941018280A6851305A4023937E305CC
:1020440025FF405CCDB741119727000093870737E0
:1020540022C403A4870C26C24AC006C693042500E2
:10206400054901E82285B2402244924402494101D3
:102074008280A6851305A401C93DE30525FF405CC4
:04208400CDB70000D4
:1020880097110020938101D017610020130101F7F7
:102098001305400097E5FF1F938545F617060020B6
:1020A800130606FE63FAC5008322050023A0550027
:1020B80011059105E3EAC5FE174502001305C5CCD5
:1020C80097050020938505FC1386C18F63FAC50028
:1020D8008322050023A0550011059105E3EAC5FEFA
:1020E80013850190972500209385453F6377B500B8
:1020F800232005001105E36DB5FEFD42739002BC77
:102108008D4273904280930280087390023097E268
:10211800FF1F9382A2EE93E232007390523037177A
:102128000040930770052300F704930780FA230003
:10213800F7040F1000003C47B70600FAE116F58FC8
:10214800B70600069506D58F3CC7973200009382E4
:10215800C2AA739012347300203019CA9307000280
:10216800918F6348F000011633D5C5000147BA8541
:10217800828033D7C5003355C500B395F5004D8D22
:10218800FDB719CA93070002918F6348F000011642
:10219800B315C50001473A8582803317C500B3954A
:1021A800C5003355F500C98DFDB701CE9307000270
:1021B800918F6349F000011613D7F54133D5C54017
:1021C800BA85828033D7C5403355C500B395F5002D
:1021D8004D8DFDB7AA882E8332872A88AE876396ED
:1021E800062097350200938525D56371C30CC16617
:1021F8006377D60A9336061093B616008E063355C3
:10220800D600AA9583C5050013050002AE96B3054E
:10221800D540630BD500B317B300B3D6D800331736
:10222800B600D58F3398B8009355070133D3B7025A
:10223800131607014182B3F7B7021A85B30866027D
:102248009396070193570801D58F63FC1701BA9736
:102258001305F3FF63E7E70063F517011305E3FFD1
:10226800BA97B3871741B3D8B70242081358080181
:10227800B3F7B702B3061603C2073368F800C68778
:10228800637BD8003A989387F8FF6366E800637425
:10229800D8009387E8FF42055D8D81458280370528
:1022A8000001E146E37DA6F4C14691BF814609CA13
:1022B800C167637FF6089336061093B616008E063C
:1022C800B357D600BE9583C70500B697930600029C
:1022D800B385F6406395F608B307C3408545935820
:1022E800070133DE170313160701418293560801CD
:1022F800B3F7170372853303C603C207D58F63FC90
:102308006700BA971305FEFF63E7E70063F5670008
:102318001305EEFFBA97B387674033D31703420814
:1023280013580801B3F71703B3066602C2073368E8
:10233800F8009A87637BD8003A989307F3FF63669F
:10234800E8006374D8009307E3FF42055D8D82803F
:10235800B7070001E146E375F6F6C14695B73317AE
:10236800B600B356F300135507013313B300B3D7C0
:10237800F800B3E7670033D3A602131607014182BA
:102388003398B800B3F6A602B3086602939506011F
:1023980093D60701CD8E9A8563FC1601BA969305EC
:1023A800F3FF63E7E60063F516019305E3FFBA96CA
:1023B800B3861641B3D8A602C207C183B3F6A602F4
:1023C80033061603C206D58FC68663FCC700BA97C4
:1023D8009386F8FF63E7E70063F5C7009386E8FF95
:1023E800BA97C205918FD58DDDBD63E1D514C1675C
:1023F80063FFF60213B70610133717000E07B3D59D
:10240800E60097370200938727B3AE9783C7070084
:10241800BA9713070002B305F7406311F7020545A1
:10242800E3EE66E633B5C800133515008280B707BA
:1024380000016147E3F5F6FC4147D1B73357F60091
:10244800B396B600D98E3357F3003313B300B3D71E
:10245800F800B3E7670013D30601B35E6702139869
:102468000601135808013316B60033776702330E96
:10247800D8031315070113D70701498F7685637CA5
:10248800C70136971385FEFF6367D7006375C701D9
:102498001385EEFF36973307C741335E6702C207DD
:1024A800C183337767023308C8034207D98F72871D
:1024B80063FC0701B6971307FEFF63E7D70063F5D0
:1024C80007011307EEFFB6974205416E598D930633
:1024D800FEFF3377D500B3870741F18E1358050106
:1024E80041823303D702B306D8023307C702330841
:1024F800C8023306D7001357030132976373D70016
:10250800729893560701C29663E0D702E397D7D82B
:10251800C167FD177D8F42073373F300B398B80086
:102528001A978145E3FCE8D67D1585BB81450145B1
:1025380082803288AA872E876393061A973802000A
:102548009388889F63F6C50AC166637CD60893366C
:10255800061093B616008E063353D6009A9883C891
:10256800080013030002C696B308D340630BD300D8
:1025780033971501B356D50033181601558FB31785
:10258800150113560801B356C702131508014181F6
:102598003377C702B386A6029315070113D707013D
:1025A8004D8F6378D7004297636507016373D7003F
:1025B8004297158FB356C7023377C702B386A60270
:1025C800C2074207C183D98F63F8D700C29763E572
:1025D800070163F3D700C297958F33D5170181455B
:1025E800828037030001E146E37866F6C146ADB75D
:1025F800814609CA41676374E6069336061093B6A6
:1026080016008E063357D600BA9803C708003697C7
:1026180093060002B388E640639AE6043387C54010
:10262800935508013356B70213150801418193D613
:1026380007013377B7023306A6024207558F63783E
:10264800C7004297636507016373C7004297118FFC
:10265800B356B7023377B702B386A60295B73707E2
:102668000001E146E370E6FAC14669BF3318160176
:10267800B3D6E500B3171501B39515013357E50037
:10268800135508014D8FB3D5A60213130801135330
:102698000301B3F6A602B3856502139606019356A5
:1026A8000701D18E63F8B600C29663E5060163F3AD
:1026B800B600C2968D8E33D6A60242074183B3F682
:1026C800A60233066602C206558F6378C700429792
:1026D800636507016373C7004297118F91B763ED74
:1026E800D516416863F7060513B8061013381800A5
:1026F8000E0833D30601973802009388E8839A9826
:1027080083C8080013030002C298330813416319F1
:10271800130363E4B600636BC5003306C540B38694
:10272800D5403337C500B2873387E6403E85BA8542
:102738008280B70800016148E3FD16FB414855BF98
:10274800B3571601B3960601DD8E33D7150113DE94
:102758000601335FC7031393060113530301B397AD
:102768000501B3551501DD8D93D705013316060113
:10277800331505013377C703B30EE3034207D98F37
:102788007A8763FCD701B6971307FFFF63E7D70083
:1027980063F5D7011307EFFFB697B387D741B3DEC9
:1027A800C703C205C181B3F7C703768E3303D303CA
:1027B800C207DD8D63FC6500B695138EFEFF63E7E7
:1027C800D50063F56500138EEEFFB69593170701E4
:1027D800416FB3E7C701B38565401303FFFF33F7C4
:1027E8006700135E0601C18333736600B30E670288
:1027F800338367023307C703B387C703330E670002
:1028080013D70E01729763736700FA971353070182
:102818009A9741637D13337767004207B3FE6E00D2
:10282800769763E6F500639BF5006379E500330668
:10283800C7403333C7009A963287958F3307E540F0
:102848003335E5009D8D898DB39815013357070100
:1028580033E5E800B3D505018280397101436EC6BE
:1028680019A0397141536AC866CA62CC5ECE19A0F4
:10287800397101535AD056D252D44ED64AD826DA94
:1028880022DC06DE33016140828241114AC026C241
:1028980022C406C68282B24D4101024D924C224C9E
:1028A800B24B4101024B924A224AB24941010249C4
:1028B80092442244B24041018280B717004003C7C6
:1028C80077051377E70FA38BE704B71700401307C3
:1028D80000F8A38DE704B71700403D47238CE704B1
:1028E800B717004013075003A38CE7048280B7177B
:1028F80000409387E70283C707000D8993F7C70F46
:1029080033E7A700F3270080A18B9386019081CB42
:10291800F32700809CC29C42DD9B739007800F10B8
:102928000000B7170040938707041306700523803B
:10293800C700130680FA2380C7000F10000037165F
:1029480000402307E60223800700732700809C428B
:10295800A18BD98F7390078023A001900F100000DE
:10296800828041112A838148930E407E130F0019FB
:10297800930F4006131803011358080163E50E1757
:102988001303001933736502854E0D4FA14FFD42A5
:1029980063E4BE187D16B2987946C20893D8080138
:1029A8003307C70213D61700BE07C207C183329781
:1029B8006146B3F6C60213068070B386C602369720
:1029C8004207D98F371700401307F70283460700DD
:1029D80093F60608A307D1000346F10083460700D3
:1029E80093F60608E314D6FE0347F10009EB371700
:1029F80000401307F7028346F10063850616732724
:102A08000080218B93860190631D07160F1000002C
:102A18003717004013070704130670052300C70083
:102A2800130680FA2300C7000F1000003716004075
:102A3800232A1603B715004003C5150313064603DA
:102A480013650508A388A50223000700F325008065
:102A58009842218B4D8F7310078023A001900F108F
:102A680000003715004091651305C503FD15184290
:102A780003280500334707016D8F75FB7327008016
:102A8800218B01CB7327008098C298425D9B7310FD
:102A980007800F10000037170040130707041306BC
:102AA80070052300C700130680FA2300C7000F1023
:102AB8000000371600405CDAB717004003C617035A
:102AC80013660604A388C702230007007327008043
:102AD8009C42A18BD98F7390078023A001900F107F
:102AE8000000410182807D13336EE3031308E01672
:102AF800630E0E00336EF3031308D01663080E003E
:102B080013783300133818001308D816469893180A
:102B1800080193D80801B9BD639AE5030548630D18
:102B28000300130E4006337EC503014863060E00FA
:102B3800137835001338180071084698FD15931856
:102B48000801C20593D80801C18199B513F8150089
:102B580063F4BF007908D5B7338802414208135897
:102B68000801E1BF8346070093F60608A307D100D2
:102B78000346F1008346070093F60608E314D6FEE1
:102B88009DBD7327008098C298425D9B7310078093
:102B9800B5BD5971DEC686D6A2D4A6D2CAD0CECECD
:102BA800D2CCD6CADAC8E2C4E6C2EAC06EDEAA8BC4
:102BB80002D6EF00101EF3270080A18B138D019021
:102BC80091CBF32700802320FD0083270D00DD9B98
:102BD800739007800F100000371700401307070491
:102BE800930770052300F700930780FA2300F70086
:102BF8000F100000B717004003C6F7021376760FD0
:102C0800A387C70203C6F70213668600A387C70215
:102C1800230007007327008083270D00A18BD98F1D
:102C28007390078023A001900F100000F327008005
:102C3800A18B91CBF32700802320FD0083270D0073
:102C4800DD9B739007800F100000B71D0040938D27
:102C58000D04130770052380ED00130780FA238005
:102C6800ED000F100000371700400346E702137607
:102C7800C60F2307C7020346E70213661600230799
:102C8800C70223800D007326008003270D00218BC7
:102C9800518F7310078023A001900F1000001306B6
:102CA80080C13346C5021167930A5002B7450F0029
:102CB800130707E8938505248544B39474018D842C
:102CC8008569938909FA130C60FBB3997901014A64
:102CD800014B13097005130480FAB30A5603B3476E
:102CE800E5023D67130707A63345B5023EC69305BF
:102CF8000010B3CAEA02B384C402B30750413ECC01
:102D0800330C86031306A0AAB389A902B384C402AC
:102D1800B347EC02B3C9B9023ECAB3C4E4029397FD
:102D28003900B71900403EC89389390573260080D9
:102D3800218A11CA732600802320CD0003260D00A6
:102D48005D9A731006800F100000930770052380AA
:102D5800FD0023808D000F10000003C609001376C4
:102D6800860F2380C90003C6090013661600238056
:102D7800C90023800D00F325008003260D00218A59
:102D88004D8E7310068023A001900F100000371C91
:102D98000040130C0C05916C73260080218A11CA1F
:102DA800732600802320CD0003260D005D9A731042
:102DB80006800F100000930770052380FD00238014
:102DC8008D000F10000003C60900A16513660602F6
:102DD8002380C90003560C003366960142064182DF
:102DE8002310CC0003560C004D8E2310CC002380FA
:102DF8000D00F325008003260D00218A4D8E7310E7
:102E0800068023A001900F10000003C60900137666
:102E180006026305063E03C60900218A6DDE6810B6
:102E2800452F73260080218A11CA7326008023202B
:102E3800CD0003260D005D9A731006800F10000068
:102E480023802D0123808D000F10000003C6090088
:102E5800A1651376F60D2380C90003C60900136621
:102E680006022380C90003560C0033669601420609
:102E780041822310CC0003560C004D8E2310CC0049
:102E880023800D00F325008003260D00218A4D8E36
:102E98007310068023A001900F10000003C60900DC
:102EA800137606026308063803C60900218A6DFEF8
:102EB80097D0FF1FE780A01D2A8632CE97D0FF1F2C
:102EC800E780E01C7246E30AC5FE03560C00325543
:102ED80033669601420641822310CC00112F03C6A7
:102EE8000900218A6DDE3716004083550C00034522
:102EF800260511667D16F18D3306C502B247B295D7
:102F08009D8D63D5BA00E24763C2F5360946637101
:102F1800663773260080218A11CA73260080232011
:102F2800CD0003260D005D9A731006800F10000077
:102F380023802D0123808D000F10000003C6090097
:102F480093F5FB0F1376860F2380C90003C609008B
:102F58004D8E2380C90023800D0073250080032631
:102F68000D00218A498E7310068023A001900F104E
:102F7800000003C609001D8A63197637732600808E
:102F8800218A11CA732600802320CD0003260D0054
:102F98005D9A731006800F10000023802D01238096
:102FA8008D000F10000003C6090011651376F60D99
:102FB8002380C90003C60900136606022380C900DE
:102FC8003716004083550605C98D2318B604835566
:102FD80006052165C98D2318B60423800D00F32545
:102FE800008003260D00218A4D8E7310068023A0D1
:102FF80001900F10000003C6090013760602630E45
:10300800063003C60900218A6DDE6810D1237326B5
:103018000080218A11CA732600802320CD00032650
:103028000D005D9A731006800F10000023802D019B
:1030380023808D000F10000003C609001165137668
:10304800F60D2380C90003C6090013660602238013
:10305800C9003716004083550605C98D2318B604E4
:10306800835506052165C98D2318B60423800D00F4
:10307800F325008003260D00218A4D8E73100680EB
:1030880023A001900F10000003C609001376060262
:103098006301062C03C60900218A6DFE97D0FF1F25
:1030A800E780E0FEAA8C97D0FF1FE78040FEE30C84
:1030B80095FF37160040835506051165C98D3255B1
:1030C8002318B604352303C60900218A6DDE73264A
:1030D8000080218A9385019001CA7326008090C1DF
:1030E80090415D9A731006800F10000023802D0117
:1030F80023808D000F10000003C609001376F60D1B
:103108002380C90023800D00732500809041218A07
:10311800498E7310068023A001900F100000371607
:1031280000403715004013060605035606000348FD
:10313800250511657D15698E3305A802C2472A96B3
:103148001D8E1305800C6352C0243306A602334635
:103158009602050609453346A602371500401305B1
:10316800C5026352C02A035505001308F00F1581E4
:1031780032956358A8320946637F4621F3270080B9
:10318800A18B81CBF32700809CC19C41DD9B739070
:1031980007800F100000B717004093870704130734
:1031A80070052380E700130780FA2380E7000F10DB
:1031B8000000371700408356C70209660116D18EF2
:1031C8002316D70223800700732700809C41A18B18
:1031D800D98F7390078023A001900F100000B6507C
:1031E800265496540659F649664AD64A464BB64B73
:1031F800264C964C064DF25D6561828073260080F0
:10320800218A11CA732600802320CD0003260D00D1
:103218005D9A731006800F10000023802D01238013
:103228008D000F10000003C60900136606022380F4
:10323800C90075BE73260080218A11CA73260080D2
:103248002320CD0003260D005D9A731006800F1011
:10325800000023802D0123808D000F10000003C67D
:103268000900136606022380C90019B9E3130BCAC3
:10327800D247050B139615003346F602137BFB0F56
:103288006353B006050689453346B602F325008028
:10329800A18991C9F32500802320BD0083250D0055
:1032A800DD99739005800F10000023802D01238085
:1032B8008D000F100000371500408355C5022E966B
:1032C800420641822316C50223800D00F3250080A3
:1032D80003260D00218A4D8E7310068023A00190CD
:1032E8000F10000055BC7D1679BF73260080218A17
:1032F80011CA732600802320CD0003260D005D9A95
:10330800731006800F10000023802D0123808D008C
:103318000F10000003C6090025B973260080218A12
:1033280011CA732600802320CD0003260D005D9A64
:10333800731006800F10000023802D0123808D005C
:103348000F10000003C60900136606022380C90097
:1033580069B173260080218A11CA73260080232050
:10336800CD0003260D005D9A731006800F10000033
:1033780023802D0123808D000F10000003C6090053
:10338800136606022380C900D5B13306A602334668
:1033980096027D16C1B373260080218A01CA73265E
:1033A800008090C190415D9A731006800F10000054
:1033B8003716004013060604130570052300A600FF
:1033C800130580FA2300A6000F10000037180040EC
:1033D8000355C802856881181375F50F3365150103
:1033E8002316A80223000600732500809041218A35
:1033F800498E7310068023A001900F100000050A63
:10340800137AFA0F25B251CE035505003308C04090
:10341800158163580509094663734605F32700803B
:10342800A18B81CBF32700809CC19C41DD9B7390CD
:1034380007800F100000B717004093870704130791
:1034480070052380E700130780FA2380E7000F1038
:103458000000371700408356C702FD8A95B37326CC
:103468000080218A01CA7326008090C190415D9A2C
:10347800731006800F10000023802D0123808D001B
:103488000F100000371500400356C50205680118E3
:103498001376F60F336606012316C50223800D0046
:1034A800A1B7F3270080A18B81CBF32700809CC1B3
:1034B8009C41DD9B739007800F100000B7170040F8
:1034C80093870704130770052380E700130780FA22
:1034D8002380E7000F100000B716004003D7C6028C
:1034E80016063297420741832396E602E1B99147CF
:1034F80063E6B70697270200938707F18A05BE950A
:1035080098413E97B71700409387470B0287984327
:103518001345F5FF698F98C3B71700409387070BCA
:103528009843698F98C3B71700409387070A984351
:10353800798D88C3828094431347F5FFF98E94C32D
:10354800B71700409387070B9443C98E94C3B717E6
:1035580000409387070A9443758F98C382809843E5
:10356800498F98C3B71700409387070B98431345B3
:10357800F5FF45BF94431347F5FF758F98C3B717F9
:1035880000409387070A9843498FC1BF9843498FE2
:10359800F5B7B717004003D78700931707011377CC
:1035A8000704C18309EBFD8B3755E8011305058036
:1035B8003345F5028280216513F7070C9306000452
:1035C800130505D0E318D7FEFD8B37459C1CF9BFC2
:1035D80037E700E01C435443A183E206D58F1CC1A2
:1035E800FD572320F7182322F7180F1000008280B8
:1035F80013178500B7E700E023A0E710618123A235
:10360800A7108280B7F700E08847CC478280411135
:1036180022C406C62A84B53F2947B307E502B2404B
:103628008D83B3D7870222449507B3D7E70237378C
:103638000040C207C1832316F740410182807165AB
:1036480041111305052006C6D937B73700401307BF
:1036580070F82381E740B73700400D47A381E74062
:10366800B737004013070004A380E740B73700408E
:1036780005472387E740B24041018280411106C6D1
:1036880083A7019191C3829783A7C19091C3829721
:1036980017F7FF1F035747EF9307C01263F6E704B6
:1036A80097F6FF1F83D666EE1306B0126361D60441
:1036B80003A6819011C6B2401305C01241010286CB
:1036C8003385D740E5473305F5020507158F4207CF
:1036D800418309839307F7FF3E953345E502137548
:1036E800F50FB2404101828013054006DDBF014558
:1036F800CDBF2D4525EFDC41411122C426C206C6A7
:1037080003C7070083C717003284B684A207D98F7E
:103718000D67130797A1639AE7028D3797F7FF1F85
:10372800938767E603C707006374E5002380A70053
:1037380083C7070005472390E4002300F4000145F0
:10374800B24022449244410182800D67130787905A
:103758002945E397E7FECC4589472390F6000946BB
:10376800228597D0FF1FE780402CD1BF8280DC41A3
:10377800411122C406C626C203C8070083C7170022
:103788002944A207B3E707010D6813082890639638
:1037980007038547B284EF70600D2A8419ED03A7EB
:1037A800419101CF83C7140083C60400A207D58FB7
:1037B80093B71700138517000297B2402285224459
:1037C80092444101828083474500858BADC7011132
:1037D80022CC2A8403552500938581AF06CEEF704D
:1037E800A003058929C503552400014781460546DC
:1037F800ED45EF60D03C2AC61DC997F7FF1F83D758
:10380800C78B2314F10085472315F10097F7FF1F95
:1038180083C767D72300F5000355240001462C0011
:10382800EF70705C09C5ED452800EF601051F2405B
:10383800624405618280828041654111938581AF30
:103848007D1506C6EF80B049B24097F6FF1F9386F4
:1038580066834146954517F5FF1F130565834101AA
:103868006F80103D23AAA190828085476318F502D6
:10387800834706002382F19017F7FF1F0347A7D05D
:103888006370F702411117050000130505F406C619
:10389800EFA0307FB2400145410182800945828016
:1038A8000145828089476305F50263EBA70011EDA6
:1038B80097F7FF1F83C727CD2380F5000145828036
:1038C8008D47630EF5000945828083C74190EDB7A7
:1038D80097E7FF1F83D7677C2390F500C5B797F755
:1038E800FF1F83D727CA2392F50097E7FF1F938707
:1038F800277A03D7A70283D7A7032390E50023914C
:10390800F50085472383F50055BF411106C6BD3331
:1039180097F7FF1F938727C703C70700637AE50058
:103928002380A70017050000130525EAEFA070758E
:10393800B240014541018280C167F917630CF50265
:10394800411122C406C685472A84639AF500228558
:103958002244B240938581AF41016F805038894736
:103968006396F5008545EFA0506C75D1B2402244AE
:103978004101828082803285D041411106C683454B
:103988001600034806000D66A205B3E50501139865
:103998000501135808411306A6A2634906030D66DC
:1039A800130626A26359060375761306C65DB295FB
:1039B800C205C18119466364B602172802001308BC
:1039C800E8A58A05C2959041429602860D661306BF
:1039D80006A5630DC81023900600A94525A01D461D
:1039E8009D456361E6022146198E63F3C7003E8652
:1039F8002390C60093858191BA9597D0FF1FE780E1
:103A0800C0028145B2402E85410182802D469D45E8
:103A1800E36AE6FE3146198E63F3C7003E862390BB
:103A2800C60097250200938525A8F9B731469D451C
:103A3800E36AE6FC3546198E63F3C7003E86239099
:103A4800C60097250200938525A57DB741469D456B
:103A5800E36AE6FA4546198E63F3C7003E8623906B
:103A6800C600972502009385E5A179B741469D4593
:103A7800E36AE6F84546198E63F3C7003E8623904D
:103A8800C600972502009385A59EBDB741469D4572
:103A9800E36AE6F64546198E63F3C7003E8623902F
:103AA800C600972502009385659BB9B741469D4599
:103AB800E36AE6F44546198E63F3C7003E86239011
:103AC800C60097250200938525983DB735469D4544
:103AD800E36AE6F23946198E63F3C7003E862390FF
:103AE800C600972502009385259539B719469D4547
:103AF800E36AE6F03386E54063F3C7003E86239029
:103B0800C60097F5FF1F938565A8FDB597E6FF1FCB
:103B18009386065D4146CD4517E5FF1F1305055DF4
:103B28006F80101182802A8783C7819203A5C19272
:103B380083C6718299E301458280035605006316A6
:103B4800E60003466500E309D6FEFD1793F7F70F75
:103B58002105CDB7B2862E86AA8517250200130542
:103B6800A5956FF0314F0111930500030D4506CE61
:103B7800EF30E07F930500051145EF30407F930556
:103B8800C0030545EF30A07E85471306F100854543
:103B980013055030A307F100EF700153F24005619F
:103BA80082808547631AF5001166130686A9894540
:103BB80003C5C1936F10405A89476317F5008945BB
:103BC80003C5C1936F10807A828085476398F5009A
:103BD80019E2238AB1922388C192828009476399A6
:103BE800E50019E6238AF19203D521936F00300886
:103BF8008280011122CC06CE83A741922E8499C7D8
:103C08009C4789C76244F240056182876C001305AE
:103C18007040EF50D142324622858145EF608104E1
:103C2800F24062440561828001119397050126CA1A
:103C380006CE22CC4AC84EC652C4C187AE8463D7CA
:103C4800070803C5C193EF1040092A8439C90347FF
:103C580005009307000D6313F704834725004547C4
:103C6800638BE7046547639BE7021725020013058A
:103C7800E586EFF0313E130954009309B400172A82
:103C88000200130AEA868345090052850509EFF008
:103C9800713CE31A39FF2945EFF0113E2285EF0008
:103CA800B07C2165258DF2406244D2444249B24934
:103CB800224A056182800346650083457500172501
:103CC800020013056583EFF0F138C9BF93F71500BB
:103CD80085C317E6FF1F1306265597E5FF1F938533
:103CE800E55303C5C193EF70211413C5140065BFD4
:103CF80013F525004DD911391166130686A9894592
:103D080003C5C193EF10404513C5240069BF7971FD
:103D180022D44AD052CC06D626D24ECE56CA914785
:103D28002A842E89138A81936314F50483D7A50006
:103D38001306E1008545130550302399F1922307B6
:103D48000100238A0192EF70213883A7419291C71D
:103D5800DC4781C7CA852285829723208A00B25012
:103D6800225492540259F249624AD24A45618280E9
:103D780003270A00E31BF7FC9384219303D504006F
:103D880085455D3E03D504008545EF00C07383DAA1
:103D98000400C167F917639BFA0285449305E100A3
:103DA80013055041238A0192A383918223070100BE
:103DB800EF50F1288347E100A1E303C7019391473E
:103DC800E315F7F84D332388019241B783A9C192CF
:103DD80083C48192F9D003D5290011C99305E10064
:103DE800EF70E00809C54C455685EF80406FFD141B
:103DF80093F4F40FA109F9BF83A7019283C7470081
:103E0800898BC5DF9305000A0D45EF3040569305B1
:103E1800000A1145EF30A05581450545EF30205582
:103E28001306E10085451305503023079100EF7014
:103E3800A12961B7011117050000130525DF06CE7A
:103E480022CCEF1060761384C19385471306F100E6
:103E580085452300A40013054041A307F100EF6046
:103E680001077D55EF60E01D7D55EF8020647939AD
:103E7800EFF09F9CE123170500001305C5D2EFF072
:103E88007F9E17050000130525CAF92B034504007A
:103E98006244F240854505616F10201523A2B19256
:103EA80023A0A192828023A6B1922384A19282802A
:103EB800797106D622D426D24AD04ECE52CC83A7C8
:103EC80081931147639BE70483C7419399EB41446E
:103ED800B2502285225492540259F249624A4561ED
:103EE8008280B284368903A4C19283C7819203C7B2
:103EF800718299E35544E9BF83464400639AA6005A
:103F0800834654006396B60083466400638EE604D5
:103F1800FD1793F7F70F2104E9BF0947E389E7FA8B
:103F28002C001305504123040100EF505111834721
:103F380081008DCB930500020D45EF30404393057A
:103F480000031145EF30A04295450545EF3020426A
:103F5800854730008545130550302304F100EF7084
:103F6800A116B5B70931A5B703552400930561001B
:103F7800EF60F06F41D1938921934C4503D5090037
:103F8800EF60900905893DD503D5090001478146B1
:103F98002686ED45035A0400EF6060422AC64D4468
:103FA800E30805F22686CA852314410123159100EA
:103FB80097D0FF1FE78060A703D5090001462C00B2
:103FC800EF7060622A84E30505F0ED452800EF6094
:103FD800C056FDBD411126C2B684D4414AC006C6AA
:103FE80022C403C41600328903C6060022042E88A0
:103FF800518C8D6601CF9386B6A42D456309D406EE
:10400800B240224492440249410182809386D6A458
:104018006300D4028D66938626A2630BD400F576DE
:104028009386E65CA296C206C1820546636CD602F8
:104038000355A800CD3C1DC183A741922286224486
:1040480003A8070083455500B24003454500CA87C9
:10405800268702499244854641010288239004003C
:10406800014579BF8D669386B6A46318D40203D63A
:1040780001831D45E376C7F8198E63D3C7003E86D2
:104088008325C8002390C40042064182BA954A8518
:1040980097D0FF1FE7806099E1B78D679387A7A442
:1040A8006319F40091472390F40011468325C80052
:1040B800F9BF8D67938787906317F400894723902A
:1040C800F4000946E5B78D679387E7A4631AF400FF
:1040D800DC452390C40083C707002300F90049B7D3
:1040E8008D6793877790E31DF4F6C9BF011106CE5B
:1040F80022CC26CA4AC82317D10063130710DC4113
:104108002E89B28403C4170083C607008D67220472
:10411800558C9387D7A46307F4008D67938727A3EB
:10412800631DF4020355A900EFF0FF9F01E9014563
:10413800F2406244D24442490561828083A7419299
:1041480003A807008345550003454500A6871307C4
:10415800E100814622860298E1BF8D679387C7A454
:104168006314F4020357E10085473545E312F7FC71
:104178008347060013050008E36CF7FA03A741928A
:1041880058433E85029765B78D6793872790631ECE
:10419800F4028356E1008547EF60406D51F983C70B
:1041A800140003C704000356A900A207D98F83C6C9
:1041B800819203A7C192A5DE835527006384C504B5
:1041C800FD1693F6F60F2107FDB78D679387E7A4D1
:1041D800E31FF4F40357E10085473545E31AF7F484
:1041E8008347060013050008E364F7F4D845333520
:1041F800F00009052300F70003A74192584359B777
:104208002D453DB783A64192034547008345570096
:10421800054703A8060089466383E7008D460D66B7
:10422800A6871307E10013062690029809B74111E3
:1042380022C441641305F4FF938581B106C626C2E2
:104248004AC0EF80C0291305F4FF938581B0EF8041
:10425800002997E6FF1F9386E6FD4146E94517E5E5
:10426800FF1F1305E5FDEF80A01C97E4FF1F938453
:1042780024FDCC4C2A890945EFF0CFE2938741828F
:1042880003C6170013870182138481B2834607008F
:1042980083C507000347170083D7A40CA302C400F3
:1042A800A30AC40003D6A4132310F400A306E40051
:1042B80083D7A40DA30EE40003D7A41603D5A41036
:1042C8002318C40003D6A4142311F400231CE4000B
:1042D800854703D781812303F4002306D4002307ED
:1042E800F4002319C400230ED4002302B4002314BD
:1042F800A400230AB40023150400230B0400231D83
:104308000400230F04002312E40203D7A4189385A2
:1043180001B50D452310E4022303F402231104021E
:10432800EFF04FD8A2851D45BD3EB24022449244CD
:104338004A850249410182808D67938727A36301DB
:10434800F6048D679387D7A4631DF6008947639C9D
:10435800F500854735456397F600834707002380B6
:10436800F194014582808D472945E39DF5FE8547F7
:104378003545E399F6FE83470700A38EF192D5B73A
:1043880085473545E390F6FE83470700238FF19272
:10439800C9BF8D67938727A3630AF6028D67938742
:1043A800D7A40145631AF6008947639BF50083C7C4
:1043B80001942300F70005452390A600014582805B
:1043C8008D47E39BF5FE83C7D193E5B783C7E19398
:1043D800CDB70145828025E3DC41AE8803C80700DC
:1043E80083C71700A207B3E707010D681308F8A4ED
:1043F800639A0703914735486390F60403A5C800FC
:104408003283411111469A8506C697C0FF1FE7807F
:10441800C061054583A701958297B240014842854E
:10442800410182808D6893882890294863961701F6
:1044380085476F60A0432D484285828041654111C0
:10444800938501B67D1506C6EF806009B24097E6F0
:10445800FF1F9386E6F84146994517E5FF1F1305A8
:10446800E5F841016F70D07C23A8A19482800111E6
:10447800938501B622CC06CE2A84EF60E0390589FF
:104488001DCD014781460546ED452285EF50307325
:104498002AC615C597E7FF1F83D7E7FA2314F1004B
:1044A80085472315F1002300050001462C002285CD
:1044B800EF70601309C5ED452800EF600008F24071
:1044C800624405618280C167F917630CF5024111E6
:1044D80022C406C685472A84639AF50022852244A9
:1044E800B240938501B641016F70707F894763962A
:1044F800F5008545EFA0603375D1B24022444101F3
:104508008280828011456FE0CFE8411193962500A3
:10451800AA852D4506C697C0FF1FE780601AB240DE
:10452800014541018280011122CC26CA93962500BB
:104538002A84B284AA850146254506CE36C697C088
:10454800FF1FE780E017B2462686A285294597C057
:10455800FF1FE780E016F2406244D244014505613E
:104568008280011106CE22CC26CA4AC84EC6B71789
:10457800004003C47705B717004083C9B705B717CC
:10458800004003C98705B717004083C49705EFE0CB
:10459800CFB2B717004003C7A7059387A7051374C1
:1045A800F40F1367170093F9F90F1379F90F93F4C0
:1045B800F40F2380E70003C70700058B6DFFB717CB
:1045C800004003D5C705B7170040A38D3705B717B7
:1045D8000040238C2705B7170040A38C9704B71712
:1045E8000040A38B8704F2406244D2444249B24956
:1045F8000561828041119397050122C406C626C22F
:10460800C1872E8463DD0700EF00206D11C1A92D3D
:104618002165218DB240224492444101828093F762
:10462800150013C51500FDF79397250163D40702FC
:10463800EF10010DC13D37F60200130606E089654B
:1046480003C54195EF00503189673D8C131504016E
:104658004181C9B7916433F595004DDD1715020006
:10466800130545EBEFF0C12113060064916503C5FE
:104678004195EF00702E258CD1BF1D7149469715C5
:104688000200938565E9171502001305652586CE96
:10469800A2CC97C0FF1FE780404201E9171502002E
:1046A8001305C5E8EFF0C11D01A037F700E0795602
:1046B80010CBFD5654CBB7E700E0056423A0871064
:1046C8009306F00214C323A087180F1000001306E6
:1046D800C0038145480897C0FF1FE780803897E7E7
:1046E800FF1F938727213ECA896793870780231C6A
:1046F800F100B5472304F102A167938707E03ECE96
:10470800B7070105938707103ED0ED472312F10242
:1047180085472303F10297070000938747DFBEC44C
:1047280097070000938767E0BEC68567938717D011
:104738002315F10297F7FFFF938707ED3EDAB7F5E8
:10474800070097070000938707E23EDE8146970738
:104758000000938767DB7000E1051945BEC097C06C
:10476800FF1FE780E0F519466C001305E102EFF042
:10477800010DD24789C78357810163F3870001A0E0
:104788004808EF00F065AA8501C91715020013054E
:1047980025DBEFF0210C01A0F640664425618280FC
:1047A800411117050000130525E506C622C4EF00D0
:1047B800B05F138441952300A40019280345040021
:1047C8002244B24013060032896541016F00D018B7
:1047D800411106C673270080218B9387019001CB76
:1047E8007327008098C398435D9B731007800F1050
:1047F80000003717004013070704930670052300CD
:10480800D700930680FA2300D7000F100000B716D0
:10481800004003C6F6021376A60FA387C60223003C
:104828000700F32600809843218B558F731007806B
:1048380023A001900F10000073270080218B01CB6B
:104848007327008098C398435D9B731007800F10EF
:10485800000037170040130707049306700523006C
:10486800D700930680FA2300D7000F100000B71670
:10487800004003C6F60213662600A387C60223007B
:104888000700732700809C43A18BD98F7390078002
:1048980023A001900F1000000545EFE04F859D31E2
:1048A8001305407E81470147814605468545EFE06F
:1048B8004F8BB240014541016F10000782803D894E
:1048C8007D15954763EEA70E17170200130707DA41
:1048D8000A053A951C41011106CEBA9782872C0029
:1048E80013054030EF60816E2C000545EF40703DA8
:1048F800171502001305C5C6EFE09178F24005616F
:10490800828003C725008D4717150200130545C689
:10491800E316F7FEF24005616FE0917603C72500C4
:104928009547E31DF7FC83D7A5000D6613060620FF
:10493800914503C50184239BF182EF00F00117150F
:1049480002001305E5C3F9B703C725008D471715FE
:1049580002001305A5C3E313F7FA6DBF83C725004B
:104968001147171502001305E5C3638EE7021947BF
:104978006394E70283C5650017150200130545C453
:10498800EFE0516D8547300085451305503023040D
:10499800F100EF6061739DB71547E395E7FE1715C2
:1049A80002001305A5C3EFE0B16DE9BFF24083C56E
:1049B8002500171502001305E5C305616FE091692D
:1049C80082803688BA863E87631808028D67938787
:1049D800D7A483C606002A8EAE8832836319F600F0
:1049E80089476396F50085473545639EF6021A8622
:1049F800C68572856FF05F9485476314F8006FF081
:104A08005F998947631FF80041111306401F8945C4
:104A180003C5018406C6EF002074B2400145410178
:104A2800828001458280828001112305A100340023
:104A380021468545014506CE23140100A305010042
:104A480002C6EFF0EFC6F2400561828041119397EC
:104A5800050122C406C626C2C1872E8463DE07006C
:104A680003C501849D2C11C101242165218DB2400B
:104A7800224492444101828093F7150013C5150022
:104A8800FDF793F7450099CF83C701841307401FAB
:104A980081462146A14503D56183EF604132134524
:104AA8004400F1B793F785009DC30147894609463D
:104AB800814503D56183EF60910CAA851715020023
:104AC800130545B4EFE01159134584004DB713F5AC
:104AD800250051DD9384418303C50400B13783C7A2
:104AE80004007147850793F7F70F6373F700914741
:104AF80001452380F4000D3F1306007D894503C559
:104B08000184992D134524009DB701111705000054
:104B1800130505F406CE22CC26CAEF00F0289384AC
:104B2800018405442380A400700085451305503096
:104B380023068100EF60415917E6FF1F130606920E
:104B4800D54513056030EF60215817E6FF1F13069F
:104B58006692BD4513057030EF60015717160200C5
:104B6800130646B2D5450145EF50403C8D477000CD
:104B78009145130570402305F10023048100A30526
:104B8800810002C6A3040100EF506134300085455E
:104B980013050040EF50A133130691008545130516
:104BA8001040EF50C1321306A1008545130520407F
:104BB800EF50E1311306B100854513055040EF5021
:104BC800013199477000854505452306F100EFE05E
:104BD800DFC9EFF0CFE597E5FF1F9385258713859C
:104BE8008183EFF0AFAB624403C50400F240D244C6
:104BF80085450561DDAE41111305800406C697B0F1
:104C0800FF1FE780804AB71700409387870A9843B9
:104C18008D45130500201367072098C3EFE03F8DEB
:104C2800EFE0FFA117150200130585CBEFE0514512
:104C3800EFF0BFA4EFF0DFB6EF60A174EFF08F9F45
:104C4800E93597C0FF1FE780609B23AC05FE1C4138
:104C580091E7010001000CC18280BA8703A787FF92
:104C68006DFF23ACB7FE82801DC18346E5FF1307A5
:104C7800F00F9147639EE600411106C697D0FF1FCB
:104C8800E78040C0B24081473E8541018280954718
:104C98003E85828001E9014582800145B240224477
:104CA8004101828095654111938505D022C4C98D43
:104CB8002A842105C2054205C181418106C697D0D3
:104CC800FF1FE780C0AF71D9FD57232005002312CD
:104CD80085002303F5002105D1B71387C1951C432F
:104CE800411122C426C24AC006C601440149BA84F9
:104CF80089E7A165A52D0DC401A803C7E7FF6318BF
:104D0800A7021DC8A165D5249840832784FF63178F
:104D1800E40223AEF194FD57232C04FE230FF4FE86
:104D28002285B2402244924402494101828011E026
:104D38003E8983A787FF6DBF3E84E5BF232CF9FE1C
:104D4800D9BFA1CD411122C406C62A8497F7FF1FF7
:104D580083C7173E2E856375F400894763E887008B
:104D680021370D45B24022444101828083A785FF47
:104D780099E703C7E5FF9307F00F6305F700ED35E3
:104D88001545CDB7238F85FE1385C1957D3D2285B9
:104D98002244B240A165410189AC1545828023AE09
:104DA80001948280938741979C4399E33E85828052
:104DB80003D727006316B70003C70700E308A7FE59
:104DC800DC47E5B7BDCD797122D406D626D24AD0C4
:104DD8004ECE01444147B3D78540858BB1CF1205EC
:104DE800314722953305E5029387419603A90700C9
:104DF8008544B3948400C204C180BE892A990327DC
:104E0800090011C7032549002EC60297B24531474C
:104E18003304E40283A709003E941C4489E7232055
:104E2800090023220900B2502254A58D0259925438
:104E3800F2492E85456182800504E31EE4F8814429
:104E4800DDB72E85828041111397050122C406C65D
:104E580026C24AC041872E84635E0700BD3D11C14A
:104E68002135A1673D8C2285B240224492440249F3
:104E780041018280EDD9AA8701474146B356E440F3
:104E8800858A9DCA9207BA97B146B387D702938697
:104E9800419603A906008544B394E400C204C18086
:104EA8003E9983270900032549008297232009009A
:104EB80023220900258C45BF0507E311C7FC81445F
:104EC800D5BF97F7FF1F9387E7229C53411122C450
:104ED80006C61384418499C782971C403E9523A235
:104EE800A18429A09387C1969C43FDF70840B74742
:104EF80003009387D73F3305F502B7A726009387AA
:104F080037ECB24022443E9523A2A184410182801D
:104F180079C99387C1969C43797122D426D24AD005
:104F28004ECE52CC56CA5AC806D65EC63A8AB689FA
:104F3800328BAE8A2A898297938741969843BE849A
:104F48000144B146C147B30BD4023306770110427E
:104F580051E6C165938505F0414597D0FF1FE7806D
:104F680000861DE597F7FF1F9387C7189C5B2D45A3
:104F780089C71145814582972D45B25022549254D4
:104F88000259F249624AD24A424BB24B4561828089
:104F98009387419798431DEF23AAA1962300050004
:104FA8009C40054733178700232605002324650105
:104FB8002311E50023224501DE9723A0270123A220
:104FC800570123A447010145E38909FA2380890091
:104FD8006DB73E875C47F5FF48C7C9B70504E314BA
:104FE800F4F6214559BF0945828097F7FF1F83C70B
:104FF8003714637FF500138701969317150008434C
:105008003E9583570500DD8D2310B500014582804C
:105018000D45828097F7FF1F83C797116371F502CB
:105028001387019693171500084393C5F5FF3E951E
:1050380083570500FD8D2310B500014582800D457D
:105048008280130705FF1377F70FFD4763E5E70A2B
:10505800B146B306D5029387419698438947369758
:10506800184359CB011122CC4EC60544935945002B
:105078003D893315A40013140501418026CA4E85C5
:10508800AE84A2854AC806CE313B2A89814721CD04
:10509800A2854E8541379387C1969C43829797F79F
:1050A800FF1F83D7A70D338797022A8481461306EB
:1050B8000064B3B7970213050732B335E500BE9510
:1050C800EFD04F91B307850097F6FF1F9386860AA6
:1050D8003E87D44263E4A70063E4D7003387D74010
:1050E8002324E9008147F2406244D2444249B2494C
:1050F8003E850561828089473E858280011126CAE6
:1051080006CE22CC4AC84EC6BD47894463EEA702E4
:1051180031473307E502938741969C438944BA9700
:105128009C439DC305443314A400420441802E8946
:105138000145A285EFF01FC7AA89814411C5A28540
:105148000145C93D23A42901F2406244268542490C
:10515800D244B2490561828097F7FF1F83C757FD84
:105168006364F5000145828001119387C19656C298
:1051780083AA070006CE22CC26CA4AC84EC652C405
:10518800638E0A0A17FAFF1F130ACAFE83244A000D
:10519800B74736FE938707C8AE8997F5FF1F83D5B3
:1051A800E5FDBE94B387C5022A8432898146B3B52A
:1051B800C50213850732B337F50013060064BE95A0
:1051C800EFD04F8163ECA406829A97F5FF1F83D531
:1051D800E5FAB3872503AA84130600648146B3B5AC
:1051E800250313850732B337F500BE95EFC09FFE40
:1051F800B3079500BE8403274A0063E4A70063E46D
:10520800E700B384E740CE852285EFF0BFB901C53A
:1052180004C505452DA0936504F0C205C18141452B
:1052280097C0FF1FE780A05905E597F7FF1F9387F1
:1052380067EC9C5B81C7A285114582970145F240C6
:105248006244D2444249B249224A924A0561828064
:10525800938741979C438DE323AAA19685472326EC
:10526800050004C52311350123008500A300F500BE
:105278002322050079BFBA87D84775FFC8C7F9BF89
:1052880049C9797122D426D24AD04ECE52CC56CAB8
:105298005EC662C466C206D65AC83689328AAE89E4
:1052A800AA844144314C938A4196854C930B000360
:1052B800330B840303A70A005A971C43B1E793757D
:1052C800F400B395BC0013554440C2055286C18111
:1052D8001375F50F51350DC983A70A000145DA97F3
:1052E80084C323A237016304090023008900B25054
:1052F800225492540259F249624AD24A424BB24B62
:10530800224C924C456182800504E31374FB2145CD
:10531800F9BF09458280411122C426C24AC006C687
:105328002A842E89B2840D3DCA852285EFF09FA775
:1053380005CD97F5FF1F83D565E4B38795022A84C9
:10534800130600648146B3B5950213850732B33757
:10535800F500BE95EFC01FE848C00145B2402244A1
:1053680092440249410182802145CDBF411122C4A6
:1053780026C24AC006C62A892E84EFF0BFA2AA8494
:1053880019C123110500A2854A85EFF0BFC897F718
:10539800FF1F83C7E7D96397270183D781965D8C61
:1053A80023948196014591E01945B24022449244E4
:1053B8000249410182809307F00263E6A704411184
:1053C800B14722C43304F50226C2938441969C4017
:1053D80006C6A297984389470DC39377F50085457C
:1053E800B395F500C205C181118149379C40A29748
:1053F80023A0070023A207008147B2402244924419
:105408003E854101828089473E858280411106C6DA
:1054180022C4EFF03F9911E50145B2402244410111
:1054280082809387C1969C430045829797F7FF1F18
:10543800938747D46368A402D843B74636FE938659
:1054480006C83305A4403697E378E5FC13070064E3
:10545800B335E50203D6870081463305E502EFC080
:105468007FD765BFD8433A94C1BF411106C623A868
:10547800A1960295B24097F7FF1F23A7A7CC014535
:1054880041018280994763E9B7008A0597F7FF1FB2
:10549800938787CCBE9588C182804111714681452A
:1054A80017F5FF1F130545CB06C623AA019623A8A7
:1054B800019623A6019697B0FF1FE780805A13062E
:1054C8008002814517F5FF1F130585C697B0FF1F9A
:1054D800E7802059EF50317497F7FF1F83C7F7C251
:1054E80013D527008D8B3E958D473305F5028545ED
:1054F80039051375F50F97F7FF1F238CA7C2994736
:105508003305F5021305052497C0FF1FE780202BFC
:1055180023A2A19659C5994717F6FF1F034666C1EE
:105528003306F60281451306062497B0FF1FE7806D
:105538004053938741969C439387072423ACF19665
:1055480017F7FF1F0347E7BE0A07BA9723A0F1968C
:10555800EFF0FF840D2393878197944397F7FF1FFC
:1055680083C717BD13972700369717060000130641
:10557800A68510C3138717001377F70F0A07369706
:10558800170600001306668C10C3138737008907B7
:1055980093F7F70F8A0797F5FF1FA38BE5B8B69720
:1055A80090C3B2404101828097F7FF1F83C757B865
:1055B80017F7FF1F0347E7B763F1E70213878197E0
:1055C80018439386170017F6FF1FA303D6B69396C2
:1055D8002700369708C33E8582809307F00FE5BF02
:1055E8001C416389071641777D8FB70600208947DC
:1055F8006313D71603574500630F0714411122C4DC
:1056080019462A849305F00F690506C697B0FF1F4F
:10561800E780404F05478D476309E5121C4481CB5D
:105628005858994763030712185C6300071213065A
:10563800C003814517F5FF1F1305C5AB97B0FF1FC2
:10564800E78020421306C003A28517F5FF1F130544
:1056580065AA97B0FF1FE780403D17F7FF1F035764
:1056680027AA97F7FF1F9387E7A819E713070010E2
:1056780097F6FF1F2396E6A817F7FF1F034767A8AB
:1056880011E7054797F6FF1F238DE6A617F7FF1FBB
:10569800035747A711E76D4797F6FF1F2394E6A620
:1056A80017F7FF1F0347F7A511E7154797F6FF1FE1
:1056B800A389E6A417F7FF1F0347E7A411E70547E7
:1056C80097F6FF1F2381E6A417F7FF1F0347B7A329
:1056D80019E703C7F70097F6FF1FA386E6A217F797
:1056E800FF1F034767A211E7354797F6FF1F238D72
:1056F800E6A017F7FF1F034777A119E713078002F2
:1057080097F6FF1FA384E6A017F7FF1F0347D79F4D
:1057180019E71307D00297F6FF1FA387E69E0347F2
:10572800840119E71307C00397F6FF1F2380E69E3D
:105738009C5791C7829797F7FF1F239FA79EFD57F6
:10574800A38DF1AAEFF07FD58147B24022443E8570
:105758004101828089473E85828001114EC697F9B2
:10576800FF1F938929A183A7090006CE22CC26CA48
:105778004AC852C4829713090064B335250303DA73
:1057880089008146528633052503EFC0BFA497F7E9
:10579800FF1F9387E799804FAA8401456306940207
:1057A80033858440636E940003A549005286814680
:1057B800B335A9023305A902EFC0DFA1018D2695F3
:1057C80097F7FF1F23A29798F2406244D2444249B8
:1057D800B249224A05618280011122CC0A852E84B1
:1057E800414697F501009385257406CEEFE0210523
:1057F800180806043A94035504FF97F7FF1F83D748
:105808000798F2406244AA9737450F00130505240C
:105818003355F5020561828097F7FF1F83D72796D6
:1058280051471D45637CF702794719456378F702AC
:105838001307200315456373F7021307B0041145D6
:10584800637EF700130740060D456379F7001307D9
:10585800600909456374F70013B5B70F8280011119
:1058680022CC06CE2A842EC6EFF0AFE5B245F24030
:10587800818D33A5A502229562441375F50F056144
:105888008280011122CC06CE2A842EC6EFF06FE367
:10589800B245F240818D33A5A502229562444205A6
:1058A800418105618280011122CC06CE2A842EC650
:1058B800EFF02FE1B245F240818D33B5A502229574
:1058C80062440561828097F7FF1F9387A7829857E4
:1058D80039CB411122C426C206C6BE84029717F7E7
:1058E800FF1F035767852A8415CBBA876373A70000
:1058F800AA87C207C183BA866373E400A286C20678
:10590800C182958F5147635BF700DC5491C382973E
:10591800EFF0105F97F7FF1F23908782B240224471
:10592800924441018280828097E7FF1F9387877C9A
:10593800DC57011106CEAA8581C72AC68297B245CF
:10594800D1C19C410545A5CFDC41B5CB83D78500A6
:10595800BDC783D7A500A5C783C7C500ADE341462A
:1059680017F5FF1F1305058197B0FF1FE780E00BB0
:1059780097F7FF1F938707809C4323A6F19697E725
:10598800FF1F83C7B7788DE79307800217E5FF1FCE
:105998000355C57E3305F50237460F001306062466
:1059A80081468145EFC01F8397E7FF1FA380A77635
:1059B800170500001305A5DAEFF03FAB0145F240EB
:1059C8000561828097E7FF1F83C7277413978701B4
:1059D80061876354070497E7FF1F23A9077697B7E2
:1059E800FF1F9387474517E7FF1F2325F7787D5744
:1059F80097E7FF1F23A2E778B7873200938727A18D
:105A080097E6FF1F23ACF67697E7FF1F238A0776F2
:105A1800B7C7004023A4E726A1BF13F7170005CF97
:105A2800B7872003938707D017E7FF1F2328F7744A
:105A3800B707C0A817E7FF1F2320F77497B7FF1F02
:105A48009387874217E7FF1F2326F77297E7FF1F01
:105A58002388077231BF617797E6FF1F2390E672AC
:105A680081CB9307003217E7FF1F231AF770C9B7D6
:105A780093072003CDBF011122CC17E4FF1F1304A5
:105A88006467084406CE26CA4AC801E90545F240BB
:105A98006244D2444249056182805C58E5DB185C67
:105AA80075D77000854582971844B247E300F7FE22
:105AB8009305E00417E5FF1F0355856497C0FF1F92
:105AC800E780E0CF17E7FF1F2324A76861D117E617
:105AD800FF1F0356E6629305F00F97B0FF1FE7809C
:105AE80040F8814417E9FF1F1309896497E7FF1FEE
:105AF80083C727610326090263C1F402328597C070
:105B0800FF1FE78020D8014597E7FF1F23A20764FE
:105B180097E7FF1F23A007649DBF97E5FF1F83D565
:105B2800255EB38795020844185C898185043E95F3
:105B380008C2029765BF011156C297EAFF1F938AF0
:105B48006A5B83A78A0022CC4AC84EC606CE26CAFC
:105B580052C45AC0AA892E8432896385072203A7B2
:105B68004A03630707147D476366A71497E4FF1F7A
:105B78009384045C03AA040263170A0A9565938553
:105B880015E017E5FF1F0355A55797C0FF1FE780CE
:105B980000C397E7FF1F23ADA75A2A86630A05109B
:105BA80083A74A0303A58A0097E5FF1F83D54555B8
:105BB8008981829783A78A0003AA040217E7FF1F37
:105BC800232AF7588947639CF908C1476312F40EE2
:105BD80097E5FF1F83D5C552938505FC9147B3C54B
:105BE800F5028A05D29503C705009307A005631D32
:105BF800F70A83C715006399370B4A8522869105F2
:105C080097B0FF1FE78060E29C5052856393471569
:105C18000145F2406244D2444249B249224A924A7A
:105C2800024B05618280D850E38EE7F8956593852D
:105C380025E017E5FF1F0355A54C97C0FF1FE78018
:105C480000B82A8A35C52A8683A74A0303A58A008D
:105C580097E5FF1F83D5C54A89818297A5B78D47E8
:105C6800639DF900C1476315F40497E5FF1F83D5C9
:105C78002549938545FDF199B5B79147639AF90090
:105C88006318340397E5FF1F83D58547A115E5B74A
:105C9800C147639FF900A14763EC870097E5FF1FA1
:105CA80083D50546C115C1BF9C5052856397470DE2
:105CB800294585B71307F006568B6361A70A130AAF
:105CC80005FE1947334AEA0217E7FF1F0357474300
:105CD80097EAFF1F938ACA45330AEA023E9A83A7C6
:105CE8004A026395470183A40A029DE49305E004F0
:105CF80017E5FF1F0355C54097C0FF1FE78020AC7D
:105D0800AA845DD583274B0397E5FF1F83D5453FBD
:105D18002A8689815285829791451307A005898132
:105D280093972500A69783C607006393E60483C666
:105D38001700639C360385058A052286A6954A8541
:105D480097B0FF1FE78060CE83A70A02E38297EC33
:105D5800268597C0FF1FE780E0B25DBD1307E00707
:105D6800E368A7F4130A05F985B783D5270045BF6B
:105D780083A70A02E38E97F2268597C0FF1FE78064
:105D880060B03DB797E7FF1F9387873A8C538DD153
:105D980091479306A0058983139727002E970346FA
:105DA8000700E317D6F003461700631C3601850782
:105DB8008A072286BE954A8597B0FF1FE780E0C60E
:105DC80081BD83572700C1BF97E7FF1F938787329D
:105DD800984739C79C5FA9C705476313E504411174
:105DE80022C417E4FF1F1304A434105006C60DC6BE
:105DF800485097E5FF1F83D5A530898182970850C1
:105E080097C0FF1FE78000A897E7FF1F23A207346A
:105E180097E7FF1F23A00734B24022444101828044
:105E28008280011117E7FF1F1307C72C4EC683296D
:105E3800870022CC26CA4AC806CE52C456C2AA84B3
:105E48002E843289638A09201C5FBA8A99EB294516
:105E5800F2406244D2444249B249224A924A056118
:105E680082805C5BEDD7FD4763E9A70E97E9FF1FCA
:105E78009389092C83A70902B1CB03A58A0083A7BC
:105E880049026395A70689476393F408C147E3105D
:105E9800F4FC17E5FF1F0355A5269147130505FCDC
:105EA8003345F5029317250003A509022286CA8502
:105EB8003E959307A0052300F500A3009500110562
:105EC80097B0FF1FE78060B6014559B79305E00416
:105ED80017E5FF1F0355C52297C0FF1FE780208ED7
:105EE80097E7FF1F23A6A72649F995B783A74A0373
:105EF80003A6090297E5FF1F83D58520898182972C
:105F080083A78A0017E7FF1F2326F724ADBF8D4715
:105F1800639EF400C147E31CF4F217E5FF1F035525
:105F2800251E130545FD9377C5FFBDBF9147639AAD
:105F3800F400E31E94F017E5FF1F0355651C2115B7
:105F4800DDB7C147E395F4F0A147E3E287F017E531
:105F5800FF1F0355E51A4115F9B79307F00663EAE1
:105F6800A706930705FE1947B3C7E70217E7FF1F00
:105F78000357071917EAFF1F130A8A1BB387E7029B
:105F8800BE9983270A02A9CF83274A02639A370753
:105F980003250A0291461308A005FD5593D726004C
:105FA800C207C183139727002A9703460700631D7A
:105FB8000607834817000356270063959806B3061B
:105FC800D64063CF860485078A072286CA853E9510
:105FD800C5BD9307E007E3ECA7E6930705F979B792
:105FE8009305E00417E5FF1F0355851197B0FF1FC0
:105FF800E780E07C97E7FF1F23ACA71451F581BD2C
:1060080083A74A0303260A0297E5FF1F83D5450F96
:1060180089814E85829797E7FF1F23AD37138DBF80
:10602800A300B700B2869DBFB385860017E6FF1FA1
:106038000356060D9105130606FCE3FAC5E01306A0
:1060480034001376C60F1106B29623000701A30089
:1060580097002311D70085BF97E7FF1F9387470D48
:106068009453BE89A1C203A5090291461308A0054D
:10607800FD5593D72600C207C183139727002A9797
:1060880003460700631606058348170003562700D2
:1060980063989800B306D640E3D786F2A300B7000A
:1060A800B286C1BF8357C70017E5FF1F03456505C3
:1060B8009305E0043305F5024205418197B0FF1FBF
:1060C800E780E06F97E7FF1F23A4A70849FD41B3C6
:1060D80017E6FF1F0356C60297E5FF1F83C5650233
:1060E800B385C502338686001106E3E2C5D681BFB3
:1060F80001458280011106CE2EC6EF80406101C99C
:10610800B245F2400355250005616FC0E073F240C7
:10611800494505618280A382019A2382019A23A6B8
:10612800019823A8019823AA019823AC019823A4D5
:10613800019823A2019897E7FF1F9387A7043706C2
:1061480084033707B40090D337C6070098C31306F3
:1061580006B83747A000D8C3D0D337071000416628
:106168009306070AB70550009308060194C723A4AD
:10617800170393860501930816F8D4C723A61703B7
:10618800B706D007B7087F0013080705138506016F
:10619800410723A81703B0C3930816009386060582
:1061A80013861500D8CBF8C323A8070188CF23AEE0
:1061B800070023AA170323AC070223AE070223A470
:1061C8000704F0C7B4CB23AA0704ACCF23AE070556
:1061D800B8D33707A000F8D71307000AB8DB1307AE
:1061E800C01CF8DB37071400B8DF0547F8DF1307D2
:1061F80010F8E8D323A4070623A0070823A2E7087A
:106208008280011126CAAA84214522CC06CE2E847A
:1062180032C636C43AC2EFE0FFA71DC9A2461247EC
:106228003246930700FD2300F5009947A300950027
:106238002301F5002303D500A303E5002312C500BD
:10624800AA8522856244F240D24405616FE07FAF9F
:10625800F2406244D2440561828023A6A1988280DC
:1062680023A8A198828023AAA198828023ACA19810
:106278008280011122CC4AC806CE26CA2A89014446
:10628800B30489006368B400F2406244D2444249CE
:10629800056182802EC6EFE0DFC293170501C18336
:1062A800A183B2452380F4009307140093F7F70FF6
:1062B800850463F9B700CA9709042380A7001374FB
:1062C800F40F7DBF3E847DBFC16717E5FF1F0355EF
:1062D80045F4FD176304F502411117E6FF1F034655
:1062E80066009385C19906C6EF806021B240FD57CC
:1062F80017E7FF1F231FF7F041018280828009C939
:1063080025151375F50F1335850E13451500828075
:106318000145828023900500C9C6797122D426D20E
:106328004ECE52CC5AC806D64AD056CA5EC6368415
:10633800328AAE892A8B814463F34407B3079400F9
:1063480083C70700138914004209939A070193DA57
:106358000A011359090163840A04CA976341FA04BC
:10636800B307240183CB07005E85513F0DC993878E
:10637800FAFF2390F90063906B0313051900229527
:10638800B250225492540259F249624AD24A424BBC
:10639800B24B45618280D694C204C18071BF014569
:1063A800C5B701458280411126C2AE8422C497E751
:1063B800FF1F23A7C7E697E7FF1F23A1B7E697E7C5
:1063C800FF1F23ABA7E42A8441469305F00F2685D7
:1063D8004AC006C6054997A0FF1FE780A072631050
:1063E800250597E7FF1F938767E2884BC14551351D
:1063F80041469305F00F228597A0FF1FE780807024
:10640800854463189502224497E7FF1F938707E0A6
:10641800B24092440249C847C145410199BD41462D
:106428008145268597A0FF1FE780C06DE31225FDF3
:106438004DBF41468145228597A0FF1FE780806CAC
:10644800E30395FCB2402244924402494101828010
:10645800411122C426C22E84AA8413060002814553
:1064680017E5FF1F130585DA06C697A0FF1FE7800B
:10647800405F97E7FF1FA38C97D897E7FF1F2385F7
:1064880087E6EFC0603E854719C181474945B2405C
:10649800224417E7FF1F230BF7D69244410182805D
:1064A800814781CD19C98547631BF50083C755000E
:1064B80093E707FCA382F50085473E8582808947DC
:1064C8006317F50083C7550093F7F703E5B70D4742
:1064D8008547E314E5FE03C755001377F7031367F1
:1064E8000704A382E500D1BF81478DC105C103C759
:1064F80055009306000C85471377070C6308D700EF
:10650800930600048D476303D70089473E85828040
:10651800411122C4005D06C626C21DC8AA840850BF
:1065280009C597B0FF1FE780E035485009C597B007
:10653800FF1FE7802035085409C597B0FF1FE78083
:106548006034228597B0FF1FE780C03323AC040274
:10655800B240224492444101828009ED97E7FF1F2F
:1065680083C7E7CA17E5FF1F1305C5CB81CB138582
:10657800C197828017E5FF1F1305C5CA828017E5FA
:10658800FF1F0345C5C8828097E7FF1F938707C889
:10659800C847828097E7FF1F938747C7884B828049
:1065A80097E7FF1F938787C6DC4B8843828097E76E
:1065B800FF1F9387A7C5D84B1C4385071CC317E546
:1065C800FF1F0345D5C49307F00F6305F5009165D8
:1065D8006FE0BFA18280011122CC06CE2E8432C684
:1065E800EF8020239147B245631FF5009387819977
:1065F8009C438DC303A30700630E030022856244F6
:10660800F24005610283938701999C4381C703A3E4
:106618004700DDB7F24062440545056182800111FB
:1066280022CC2A840355450006CE26CA4AC84EC63F
:10663800EF70507D35C52A89834405008349C5001C
:10664800C13D4A85EF80E05A03554400EF80A0170A
:1066580083C7419AB1CB6399970483C5519A26851C
:10666800EFF05FA919E12382019A03554400EF80F6
:10667800401A9147631FF5000357440097E7FF1F2F
:1066880083D727B96317F700FD5717E7FF1F2312B2
:10669800F7B8F2406244D2444249B2490561828067
:1066A80081499304F00F6DB79307F00FE38FF4FA65
:1066B8008346640003564400034524004E87A6859C
:1066C800EFF03FB45DB779715EC6AA8B2E8552CCC8
:1066D80056CA5AC806D622D426D24AD04ECEAE8A38
:1066E800328B368AEF70107265C5045D2A89EDC059
:1066F8009C50614599C3130540039C5481C75105BB
:106708004205418163050A00710542054181DC505B
:1067180081C75D0542054181EFE0CFD72A844DC985
:106728006146814597A0FF1FE780A03397E9FF1FC7
:1067380083C949A86394090083490900930700FDA8
:106748002300F400A947A30074012301F4002303E4
:1067580064018C50231254011305840191C908C4A3
:106768007146930A440397A0FF1FE780002C5685C3
:106778008C5491C948C45146930A450197A0FF1FFC
:10678800E780A02A5685630C0A0008C87146D2859E
:10679800930AC50197A0FF1FE78020295685CC5092
:1067A80099C548C85D4697A0FF1FE7800028A285C5
:1067B8004E85EFE00FD92254B2509254F249624A02
:1067C800D24A424BB24B4A85025945616FF05FD4B9
:1067D800B250225492540259F249624AD24A424B68
:1067E800B24B4561828001114EC6AA892E854AC8DE
:1067F80006CE22CC26CA2E89EF70D06021C997E434
:10680800FF1F83C4249B99E0834405001945EFE0EA
:106818006FC82A8405CD8145194697A0FF1FE780D8
:106828004024930700FD2300F400B947A300340176
:106838002301F40023122401A2856244F240424954
:10684800B2492685D24405616FE0AFCFF240624479
:10685800D2444249B2490561828039715ECEAA8B21
:106868002E8526DA4ED652D456D25AD006DE22DCEF
:106878004AD8AE84328BB68A3A8ABE8942C6EF704D
:10688800705821CD2A894145EFE0CFC02A8431C50F
:106898004146814597A0FF1FE780A01C17E5FF1F11
:1068A8000345459119E103450900930700FD2300BD
:1068B800F400BD472301F400B247A300740123127A
:1068C800940023046401A304540123054401A3058F
:1068D80034015CC4A285EFE0CFC6F2506254D254B2
:1068E8004259B259225A925A025BF24B2161828074
:1068F800797126D2AA8439454AD04ECE06D622D4FA
:106908002EC6B2893689EFE0EFB821C1B2459307A8
:10691800000D2310F500B1472A842312B500230186
:10692800F500CE851905194697A0FF1FE780E00FEF
:1069380023062401A2852254B2500259F24913F5C4
:10694800F40F925445616FE0CFBFB2502254925475
:106958000259F2494561828017E7FF1F0347378BC9
:106968009307F00F630DF706411126C2AA84394533
:1069780022C406C64AC0EFE0EFB12A8439C993079A
:1069880000FD2300F500A30095002301050097E50D
:10699800FF1F938525890D05194697A0FF1FE780DE
:1069A800C00817E9FF1F1309698683578900A28564
:1069B80017E5FF1F0345B5852315F4008347190024
:1069C8002306F4002244B2409244024941016FE098
:1069D8004FB7B240224492440249410182808280EA
:1069E80001115AC02A8B314526CA4EC652C456C216
:1069F80006CE22CC4AC8AE84B28A368ABA89EFE07B
:106A08006FA935CD2A842685EF70D03F11C503477D
:106A1800C500A1476314F70417D9FF1F0349397F3D
:106A2800930700FD2300F4009D47A30064012301A0
:106A3800F400231294002313540123144401231552
:106A48003401A2856244F240D244B249224A924AB1
:106A5800024B4A85424905616FE0AFAE17E9FF1F57
:106A680003499988E31E0BFA938701AA9C439C4724
:106A7800C5DBCE865286D6852685829755B7F240E5
:106A88006244D2444249B249224A924A024B0561C1
:106A98008280011122CC2A84214506CE2EC6EFE041
:106AA8006F9F21C1B245930700FD2300F500C5473C
:106AB8002301F50083C73500A301F50083D74500FE
:106AC8002312F50083C765002303F50083C775000B
:106AD800AA85A303F50022856244F24005616FE0B0
:106AE8004FA6F240624405618280397162CC2A8CDB
:106AF800594526DA4AD84ED652D456D25AD05ECE06
:106B080006DE22DCAE8432C636C4BA8B3E8BC28A1D
:106B1800468A8359010403494104EFE0AF9725C928
:106B28003246930700FDA2462300F5009547A301CE
:106B3800C500A30085012301F5002A841946110523
:106B4800A9C2B68597A0FF1FE78020EE230664013F
:106B5800230A24012315740123175401231844011F
:106B680023193401A2856254F2504259B259225A6B
:106B7800925A025BF24B624C2685D25421616FE037
:106B88004F9C814597A0FF1FE780A0EDC1B7F25049
:106B98006254D2544259B259225A925A025BF24B69
:106BA800624C2161828097D7FF1F83C747668DCBD0
:106BB8004111AA8519461385C19706C697A0FF1FDC
:106BC800E780A0E69385C19717D5FF1F0345256485
:106BD800EFF01F8DB2401385C19741016FB0504946
:106BE8000145828017D7FF1F034777629307F00F8D
:106BF8006305F708411126C2AA84294522C406C69E
:106C0800EFE04F892A8429C1930700FD2300F5008E
:106C1800A1472301F500A300950097D7FF1F93878D
:106C2800E75E83C727009385C1971105A30FF5FE7B
:106C3800194697A0FF1FE78040DFA28517D5FF1FE1
:106C48000345F55CEFE0EF8F17D7FF1F0347275C7D
:106C58008D47631FF700938741999C4391CB03A30A
:106C68008700630703002244B24092444101028333
:106C7800B240224492444101828017D7FF1F034744
:106C880007598D47631AF700938741999C4389C731
:106C980003A38700E31D03FC8280797122D406D602
:106CA80026D24AD04ECE52CC094455CD2A89035516
:106CB80005002E8A5144EF70F014AA844DC597D769
:106CC800FF1F83C76762FD1793F7F70F054749440E
:106CD800637BF7080347C500A1476314F7006314F3
:106CE8000A089C5C4544C1E3916593854571130589
:106CF800C00297B0FF1FE78080AC88DCAA894D44AA
:106D08003DC11306C002814597A0FF1FE78060D5EB
:106D1800835709009386490036852391F900714607
:106D28009305490036C697A0FF1FE78000D0894722
:106D38002380F90003C5C400B24603560900611553
:106D480097D5FF1F83C5055A13351500EF80D02D41
:106D58002A8463060A00D2852685EF80601801C45C
:106D68002685EFF0EFFA2285B25022549254025948
:106D7800F249624A4561828097D7FF1F83C7C75689
:106D8800FD1793F7F70F0547637AF708894741CA54
:106D9800011122CC26CA4AC84EC652C406CEAA89B8
:106DA800368AB2842E89EF70F0052A84D14739C912
:106DB800485509C597B0FF1FE780C0ACF145268547
:106DC80097A0FF1FE78040CC48D4CD4705CD834628
:106DD800C40021478147639FE600630D0A0003470B
:106DE800A5010356050193062501AA854E85EF8066
:106DF800A016AA8703474400630F090013676700BA
:106E08002302E400F2406244D2444249B249224A91
:106E18003E850561828013674700DDB7C9473E8517
:106E280082809307200463EBA70097D7FF1F9387FF
:106E3800673506053E9503550500828041657D1539
:106E48008280011122CC2A842E8526CA06CEAE84E1
:106E5800EF70407B1DCDB7470F009387F723094597
:106E680063E4870281450A85414697A0FF1FE780B2
:106E780040BFA685231081000A8541802301810037
:106E8800A3010100EF80F005F2406244D24405619D
:106E980082804945D5BF97D7FF1F2386A7448280A4
:106EA8006F80B012797152CC2A8A328522D426D2C8
:106EB8004AD04ECE56CA5AC85EC606D662C4AE8BF3
:106EC800B28A368BBA843E89C2894684EF70807351
:106ED80015C92A8C63140A0213774B0083474500AF
:106EE80015CF93E727012302FC008DEC631C0902F0
:106EF800639A090205E8ED9B2302FC00832B8C03AF
:106F080063910B08B250225492540259F249624AD2
:106F1800D24A424BB24B224C45618280F59B93E7A3
:106F28000701D1B793E747002302FC0001CC1C48B6
:106F38004146A2852324FC0213058C0197A0FF1F5C
:106F4800E780A0AE63930B02D5D80325CC0209C510
:106F580097B0FF1FE7800093F145268597A0FF1F94
:106F6800E78080B22326AC0251BFE30909F8032564
:106F7800CC0209C597B0FF1FE780C090F1454A854C
:106F8800F1BF9DC483A70B0299EB91659385357179
:106F9800714597B0FF1FE780808223A0AB0203A54D
:106FA8000B0219C57146A68597A0FF1FE780E0A7C9
:106FB8006388090283A74B0299EB91659385257134
:106FC8005D4597A0FF1FE780807F23A2AB0203A542
:106FD8004B0219C55D46CE8597A0FF1FE780E0A448
:106FE8001DC483A78B0299EB916593851571514553
:106FF80097A0FF1FE780A07C23A4AB0203A58B0208
:1070080019C55146A28597A0FF1FE78000A2225408
:10701800B2509254F249B24B224CCA865A8602594F
:10702800424BD6855285D24A624A45616FF0AFE934
:10703800011126CA52C406CE22CC4AC84EC62A8A94
:10704800AE84EF70205C25C5AA893945EFD09FC46E
:107058002A8431CD17D9FF1F0349C91563140900C4
:1070680003C909009307000D2310F400AD4723015D
:10707800F4009385690013053400194697A0FF1F93
:10708800E780A09A93F71400858085882306F4008A
:10709800A306940023154401A2856244F240D24419
:1070A800B249224A4A85424905616FD09FC9F240D8
:1070B8006244D2444249B249224A056182800111A0
:1070C8004EC652C456C206CE22CC26CA4AC8AA8A7E
:1070D8002E8AB289EF7000532DCD2A891305C0027C
:1070E800EFD05FBB2A8435C597D4FF1F83C4840CB7
:1070F80099E0834409009307000D2310F400E94741
:107108002301F4009305690013053400194697A07C
:10711800FF1FE7808091D285231554011305C40011
:10712800414697A0FF1FE7804090CE851305C40114
:10713800414697A0FF1FE780408FA2856244F24036
:107148004249B249224A924A2685D24405616FD003
:107158005FBFF2406244D2444249B249224A924A4D
:107168000561828093874198884301CD411106C605
:1071780097A0FF1FE7800071B24023A20198410148
:1071880082808280011106CE22CC26CA4AC82EC629
:10719800EF70404739CDB24517D9FF1F0349890120
:1071A800AA840CD563140900034905004145EFD0B2
:1071B8007FAE2A841DCD9307000D2310F500A54747
:1071C8002301F50083C75400938564001105A30FBC
:1071D800F5FE194697A0FF1FE78020859C54A285DD
:1071E800F2405CC46244D2444A85424905616FD08A
:1071F8005FB5F2406244D2444249056182801D7104
:10720800A2CC86CE2A842EC6EF70C03F05CD834619
:10721800C5001147AA8749456392E6029C5FB245BB
:1072280099C383C567012308B10097960000938628
:10723800265C100889452285EF705041F640664467
:10724800256182805145DDBF97D7FF1F83C7C709D6
:10725800FD1793F7F70F0547637AF704894721CAA3
:10726800411122C426C24AC006C6B2842E89EF70D4
:1072780060392A84D14705C563080900834745005A
:1072880093E727002302F5004146A68513058401EC
:107298009790FF1FE78060799C481CD48147B240D3
:1072A8002244924402493E8541018280C9473E8575
:1072B8008280797122D406D62A842EC6EF70803453
:1072C80001CDB2452285230EB1006C08EF70D03D88
:1072D800B2502254456182805145DDBF6F706048CD
:1072E800C1671387E7FF6394E502938701999C437D
:1072F80091EB494582804945B24022449244024973
:107308004101828003A30700E30503FE02834111C4
:1073180022C426C24AC006C6FD172A892E84B28412
:107328006395F502938701999C4391CB9C4381CB4C
:10733800829711E52382219BA382919A75BFA68526
:107348004A85EFE03FDB4DF9F5B72E85EF70802BCE
:107358005DD1834705000D45E39027FB2285224434
:10736800B2400249A685924441016FB0E04D9307AF
:10737800200463E2A7064111C16722C406C626C2DB
:10738800FD172A8409456382F502C547AE84631355
:10739800F4022E85EFB0405217D5FF1F130585DE86
:1073A80006042A94231094000145B24022449244D2
:1073B800410182809307A0036316F4002E85EFB085
:1073C8002049D9BF9307B003E318F4FC13F5F50F70
:1073D800EFB04048D1B709458280011106CE2AC6D0
:1073E800EFE07FD3EF200023EF10E060EF3071383B
:1073F800324597D7FF1F938767E1130700F0239162
:10740800E700238207007D5797D7FF1F938787EDF3
:107418002381E7002380A700F240954505616F505E
:107428005036597193970501CAD086D6A2D4A6D2F0
:10743800CECED2CCD6CADAC8DEC6E2C4E6C2EAC02C
:107448006EDEC1872E8963D1075A17D5FF1F034502
:1074580065E9EFD09F888964416A856A797B2A84C7
:10746800938BD4007D1AA50A130CABFF1DE0216590
:107478003345A900B650265496540659F649664A2B
:10748800D64A464BB64B264C964C064DF25D656186
:107498008280834704001307200A639DE700035591
:1074A800240097D9FF1F83C999D62286D285EFF089
:1074B8008F9259A21307100997D9FF1F83C9A9E210
:1074C8006398E7188347140015476390E7022285FD
:1074D800EFF0EF942285EFD02FF917D5FF1F034562
:1074E80065E0EFD08FFF2A8451B73947639BE718CF
:1074F80003554400631B55050C4483CC0500639D6C
:107508000C00850591C9194617D5FF1F130585D1AC
:107518009790FF1FE780605117D7FF1F034707CFDA
:1075280085476317F712638A0C0097D7FF1F238FCD
:1075380007CC6685EFF04FC271BF894717D7FF1F89
:107548002306F7CCEFB0803271B793872400631A13
:10755800F506832C8400638D0C0E83C70C008DE325
:1075680083C72C0003C71C00A207D98F17D7FF1F9A
:107578002312F7CA83C73C0017D7FF1FA308F7C811
:1075880017D7FF1F034787C889476313F70C83C7BB
:107598000C0081CB97D7FF1F238A07C603C50C00B1
:1075A80051BF8D4797D5FF1F83C555C617D5FF1FF8
:1075B800035545C617D7FF1F230AF7C4EF50701F9E
:1075C800F1BF938754006318F5001C4403C50700F6
:1075D800EFF04FE101B7B3078501C207C183114737
:1075E8006372F7049307ABFCAA97139707014183CB
:1075F800F14763F1E7029387B4006312F5049387B8
:10760800C1989C43E38807EC9C43A285E38407EC7C
:1076180082971DA0B70700189387F770B3D7E700C4
:10762800858BB9CB938741999C43E38507EA9C43B3
:10763800E38207EA22858297E31E05E811A893876B
:10764800C4006310F5021C4483C70700E38407E8FD
:107658009307F00FE380F9E8A2854E85EFD06FEE2F
:10766800ADBD9387E4006319F500938701999C43A6
:10767800E38207E6DC4351BF93871404E301F5F87E
:10768800C1BF3D476397E70403554400E30F75FD09
:1076980093879401E30BF5FC93873401E31AF5FA19
:1076A80097D7FF1F83D7E7B6639E47019387019952
:1076B8009C43E38107E2DC43E38E07E0A285138560
:1076C8003401B9B7938781999C43E38507E09C43CC
:1076D800E5B71307E003E39DE7F683472400054772
:1076E8006397E70E83476400938D4198F1E383A77E
:1076F8000D00D5CB83CC0700A14903457400130DB9
:107708008400EA85EFE05FDE83474401A303A40019
:10771800835804010358E400035744002A860345AC
:1077280034003EC283572401EA86E6853EC0CE87F0
:10773800EFF0AFBB8347340095E7DD47835804017A
:107748000358E40083467400835544003EC28357BF
:1077580024016A8705463EC06685CE87EF70A02162
:10776800A301A40083A70D0081C71145EFF09F9FD7
:1077780003C5419AE30005D683C5519AEFE09F9768
:10778800E30A05D48346340093071003638AF6009E
:10779800035644004E8783C5419A3685EFE07FA69D
:1077A8002382019A05BB97DCFF1F83CC5CA6A9B78F
:1077B800938741999C4397DCFF1F83CC5CA5914933
:1077C8008DDFDC439DDB8145014582973DB7294725
:1077D8006391E70C83476400138D4198C1E78327C1
:1077E8000D00A5CF83CC0700A1490345740093067B
:1077F800840093772500D1C713761500930D4401B3
:10780800834704028358C4010358A4010357440062
:10781800034534003EC28357E401E6853EC0CE8767
:10782800EFF0AFAC8347340095E7DD478358C401D8
:107838000358A40183467400835544003EC283570D
:10784800E4016E8705463EC06685CE87EF70A012BC
:10785800A301A40083270D0001BF97DCFF1F83CC81
:107868001C9B59B7938741999C4397DCFF1F83CC96
:107878001C9A9149BDDBDC43ADDB8145014582970C
:10788800ADB7B68536CEEFE03FC6F2462A86B68D4E
:1078980085BF0947639DE7009387C1989C43E38BA5
:1078A80007C2DC43E38807C22285829725B12D47AA
:1078B8006399E7009387C1989C43E38D07C09C4771
:1078C800D5B70D476397E70022868D4503554400D9
:1078D800F9BE19476395E706930561021305103150
:1078E800EF30C16E2C1013052031EF30216E035696
:1078F8006400835781020355440063E8C700835638
:1079080084000357610263F7E60093050002EFA0C5
:10791800B079C9B66374E6002313E40063F4D700B2
:107928002314F4000357C4008356A40003568400AC
:107938008355640001488147EFA0D07661BE1D479A
:10794800E388E7D031476395E7002286B145BDBF9C
:1079580035476399E7009387C1989C43E38C07B642
:10796800DC4789B739476396E7002285EF00D003E3
:1079780095B63D476399E7009387C1989C43E38B8D
:1079880007B49C4B05B741476396E7002285EF0093
:10799800900C89B645476396E7000145EF00701BD8
:1079A80015BE4947639EE700938741999C43E3814D
:1079B80007CADC43E38E07C881450545829749B964
:1079C8004D47639DE700938741999C43E38207C82D
:1079D800DC43E38F07C6A2850945CDB76147E39924
:1079E800E7C62286E145DDB593F7150081CF938779
:1079F800C1989C4389C7DC4399C3014582971345C5
:107A080019008DBC93F7250089CF938741999C4332
:107A180091C7DC4381C781450545829713452900F5
:107A280091BC93F745000145E38607A493878198A5
:107A38009C4399CF854717C7FF1F230BF77C938774
:107A480041999C4391C7DC4381C78145054582978D
:107A580097C7FF1F9387877BC8472C10EF70D034D8
:107A68002810EFF04F9497C7FF1F83D7C77381CFB4
:107A7800130600643386C702914517D5FF1F0345D7
:107A88006586EFD06FED13454900EDB2011122CCA8
:107A98002A84554506CE26CAEFF0AFB8AA84130546
:107AA8004002EFF00FB82AC613055002EFF06FB787
:107AB800AA86228562443246F240B3359000D24409
:107AC80005616FA01066797122D406D68D472E8481
:107AD800631FF50003D7A50083D6850003D665008C
:107AE8000345340083D54500EFE09FEF09A8896777
:107AF8001387D7006310E50403C5250019E58547FA
:107B0800B25022543E8545618280938741989443C0
:107B1800FDD603C6360083C50600814802C202C0EE
:107B28000148814701479106EFE03FFC0545EFF02A
:107B38006FE3F1B71387E700E303E5FC1387370129
:107B4800631AE50003C525005DD901478146014652
:107B5800814559BFE507E304F5FAB1476319F50014
:107B680017C5FF1F0345B56AEFE0BFF249BF41677C
:107B78007D178147E316E5F803C75500C947E310A9
:107B8800F7F883D6E50003D6C5000355840083D5EE
:107B9800A500EFA0105A41C95D45EFF08FA8333515
:107BA800A000231CA100834544000355240030088D
:107BB800EF60501683578101B9F36C081305103133
:107BC800EF30C1409305E10113052031EF3001404A
:107BD8008357C101035784006374F7002314F4002A
:107BE8008357E1010357A40063F4E7002315F40069
:107BF800835784000357A4006374F7002315F40027
:107C080003552400EFA0B0570357E4008356C4007F
:107C18000356A40083558400035524000148814776
:107C2800EFA05046E9BD8547231CF100ADBF17C73B
:107C3800FF1F0347976B9307F00F6309F70859C5B0
:107C4800411122C426C206C6AA840345A5004105DF
:107C5800EFD04F842A8435C59307000D2310F50013
:107C6800D9472301F50083D744002312F50083C7C1
:107C780064002303F50083C77400A303F50083C7DA
:107C880084002304F50083C79400A304F50003C609
:107C9800A4002305C5001DC2CC44410548C49790E3
:107CA800FF1FE78080D8A2852244B240924417C5BE
:107CB800FF1F0345956341016FD0AF882326050058
:107CC800DDB7B24022449244410182808280C1677C
:107CD8001387E7FF639DE500938741989C4395C30D
:107CE80083C707000D47639CA7006FA0F038FD17F6
:107CF80049476396F500938741989C43FDF73A8579
:107D080082804947EDBF797122D406D626D24AD05F
:107D18004ECE52CC56CA5AC80347050085472A8416
:107D2800630AF70403468500930695009305E1006E
:107D38000545EFE02FDE814719C1834705008346DB
:107D4800040011476380E6041387419B18438D465E
:107D5800034717006308D70295C70DC719ED0145FA
:107D6800B250225492540259F249624AD24A424BC2
:107D78004561828081470145D9B785466318D70296
:107D88008D8BF1DF03451400130A2400D285EFE040
:107D9800AFF5A300A4001389819B83270900AA8A51
:107DA80081499304F00F99EB05455DBF8946E318B7
:107DB800D7FA858BF9B7850993F9F90F83C7019B22
:107DC80063FDF90203250900139B49005A9583476F
:107DD8000500E38297FE83471500E39E57FD194689
:107DE800D28509059790FF1FE78020CD69D58324A8
:107DF800090003470400DA9485EC834604009147A0
:107E0800E38FF6F483270900B9DB03C6019B01471A
:107E18009305F00FE305E6F4BE84C10703C507FF29
:107E2800630EB50A05071377F70FEDB788C4F5A0F9
:107E38009147631AF706C84405C58347840003467B
:107E480005006304F606034704009147631DF7061F
:107E5800C84419C597A0FF1FE780C0A223A6040045
:107E68000345840091659385E571050597A0FF1F7B
:107E7800E780E09405C5034704009147631EF704B3
:107E8800C8C483478400930594000505A30FF5FE35
:107E9800034684009790FF1FE78020B903458400BC
:107EA8003335A00075BD884441BF9305940005058E
:107EB8009790FF1FE78060C08547E316F5F85545A2
:107EC800EFE03FF6BDA8884441DD97A0FF1FE7809B
:107ED800609B23A4040069B788C465B72380D400D5
:107EE80083471400D28513852400A380F400194623
:107EF8009790FF1FE78060B30345840091659385E1
:107F0800F571050597A0FF1FE780608B05C503473E
:107F180004009147E31CF7F0C8C483478400930525
:107F280094000505A30FF5FE034684009790FF1FF4
:107F3800E780A0AF83478400E39807E60345040081
:107F48007D151335150029BD797122D426D24ECE60
:107F580052CC06D64AD056CA5AC82A849309250054
:107F680003451500CE859384419BEFE0EFD7A3002E
:107F7800A4009C400D472A8A83C71700639BE7002B
:107F88001389819B83270900814A63910718054556
:107F980035A0FDD7144C034674019305E10005454F
:107FA800EFE04FB71DC99840854683470500034752
:107FB8001700631FD7008D8BE1F70145B25022549B
:107FC80092540259F249624AD24A424B4561828030
:107FD8008946858BE316D7FAC5B78347040011474E
:107FE8006385E7002D47E39AE7FC9384819B9C40D7
:107FF800E9D7814A01491DA88840139B4A00834755
:1080080004005A95034705006311F70283471500DA
:10801800639D47011946CE8509059790FF1FE780A4
:10802800C0A901C503A904005A99850A93970A01B2
:1080380003C7019BC183E3E1E7FCE31309F4B5BF80
:1080480093944A0026950347050083470400631E5E
:10805800F70A83471500639A470B1946CE85090529
:108068009790FF1FE78060A54DC18327090011473E
:10807800BE94834704006385E7002D47639DE702AC
:1080880003AAC4008347740103460A006308F60282
:1080980052859790FF1FE780E07E03457401916544
:1080A8009385E57105059790FF1FE780407115E5F9
:1080B800E39F04ECADA003AA8400E9B70C4C1305B8
:1080C8001A009790FF1FE780409F8547E312F5FC51
:1080D8005545EFE01FD569DDCDB58347040011474D
:1080E8006385E7002D476390E702C8C4834774019E
:1080F8000505A30FF5FE034674010C4C9790FF1F6E
:10810800E780A09275B788C4D5B7850A93970A0106
:1081180003C7019BC18303250900E3E3E7F283C694
:10812800019B0327090081471306F00F11A8BA84A1
:108138004107834507FF638AC5008507C207C183D6
:10814800E3E7D7FEA9B588C499A083470400CE8584
:10815800138524002380F400834714001946A38064
:10816800F4009790FF1FE780408C034574019165E8
:108178009385F57105059790FF1FE7804064E30834
:1081880005E0034704009147E31FF7FAC8C4834793
:1081980074010505A30FF5FE034674010C4C979076
:1081A800FF1FE7808088E5B317C7FF1F0347F71352
:1081B8009307F00F6300F70A51CD411126C2AA8434
:1081C800514522C406C64AC0EFC0DFAC2A842DCD73
:1081D8009307000D2310F500D5472301F50083C749
:1081E800340013898400CA85A301F50083D74400AD
:1081F8002312F50083C764002303F50003C5740048
:10820800EFE08FAEA303A400CA85130584001946C6
:108218009790FF1FE780608183C7E400A28517C598
:10822800FF1F0345950C2307F40083D70401231887
:10823800F40083C724012309F4002244B240924485
:10824800024941016FC0FFAFB24022449244024943
:1082580041018280828017C7FF1F034717099307D0
:10826800F00F6304F70431C1411122C42A8419456F
:1082780006C6EFC03FA2AA850DC59307000D2310BF
:10828800F500DD472301F500835744002244B2403E
:108298002312F50017C5FF1F0345350541016FC0BF
:1082A8005FAAB2402244410182808280011122CC1F
:1082B8001384819B1C4006CE26CA4AC84EC652C4A7
:1082C80099CF2E8AAA840149084063129902630C47
:1082D8000A049790FF1FE780E05A23AC019AF24006
:1082E8006244D2444249B249224A056182809319C4
:1082F8004900B3073501884709C99790FF1FE780F0
:1083080060581C40CE9723A407001C40CE97C8474E
:1083180009C99790FF1FE780E0561C40BE9923A625
:108328000900050955B745DD139644008145978036
:10833800FF1FE7800073144081477D5613F7F70F3E
:10834800E37F97F81397470036972300C700850700
:10835800F5B7011152C4138A419B83270A0006CE40
:1083680022CC26CA4AC84EC656C25AC0D1CF2A897C
:10837800014419ED9387819B944399CA03C6019BD5
:108388002A8481479305F00F13F7F70F6368C7082E
:10839800131534002105EFC0FF8FAA8401E9214598
:1083A800EFC05F8FAA8421C501444D49930700FDA2
:1083B8002380F4008547A38024012381F400A3814E
:1083C800840045C81389840023A224018149938A23
:1083D800819B130BF00F83C7019B63F3F90039E806
:1083E80083270A00A68503C50700EFC09F9581452E
:1083F80003C5019BEFF09FEB03250A009790FF1F31
:10840800E780404823AA019AF2406244D244424994
:10841800B249224A924A024B05618280139747006B
:108428003697034707006305B70005041374F40F74
:10843800850799BF83A70A0093954900BE9583C70E
:108448000500638467032300F90083C7150013053B
:1084580029007D14A300F900194689051374F40F47
:108468009780FF1FE780605C2109850993F9F90F60
:108478009DB723A20400ADB79387419B9C43B9C71E
:10848800411122C406C62A841DE10945EFE07F99FF
:108498002A8601C9854517C5FF1F0345A5E4EFC016
:1084A800BFCB0545EFF08FDE2A84054501CC854515
:1084B80017C5FF1F034505E3EFC05FEB2285EFF00B
:1084C8005FE90545B240224441018280014582802E
:1084D80089679386B7006317D5009C4503C50700D5
:1084E8006FF09FF99386C7006318D5009C458546B1
:1084F80003C5070019C9EDB793861704E30FD5FC28
:10850800938727048146E303F5FE368582807971D7
:1085180006D622D426D24AD04ECE52CC56CA5AC8F3
:108528005EC679C983473500AA8985C7404115C009
:108538005945EFE01F8F931A850193DA8A41014963
:10854800138A419B130B000DB54B83C73900636D2C
:10855800F900B250225492540259F249624AD24A5E
:10856800424BB24B456182808307840263CD570733
:1085780083270A00ADCB2285EFF0EFF82DC5034520
:1085880084005105EFC00FF1AA8431CD2310650195
:108598002301750183470400194693052400A301AC
:1085A800F5008307840215052303F50083471400AB
:1085B800A30FF5FE9780FF1FE7802047034684003E
:1085C8002386C4001DC61385440188C893059400FA
:1085D8009780FF1FE780604583270A00A68503C5AB
:1085E8000700EFC00FF60509130494021379F90F79
:1085F800A9BF23A80400CDB79387419B9C43B1DB57
:10860800EFF03FD52254B25092540259F249624ACF
:10861800D24A424BB24B014545616FF02FC7797181
:1086280006D622D426D24AD04ECE52CC56CA5AC8E2
:108638005EC671C183473500AA8985C7444195C084
:108648005945EFE00FFE931A850193DA8A410149F3
:10865800138A419B130B00FDC14B83C73900636D1F
:10866800F900B250225492540259F249624AD24A4D
:10867800424BB24B456182808387F40063C8570739
:1086880083270A00A5C75145EFC0CFE02A8439CD1A
:1086980023006501A30005002301750183C70400B9
:1086A800194693852400A301F5008387F400150576
:1086B800A306F50083C71400A30FF5FE9780FF1FDC
:1086C800E780A03683C78400938594001305C4000F
:1086D800A305F40019469780FF1FE780003583271C
:1086E8000A00A28503C50700EFC0AFE50509C1046C
:1086F8001379F90F9DB79387419B9C43BDD3EFF046
:108708005FC52254B25092540259F249624AD24A81
:10871800424BB24B014545616FF04FB75D7186C65C
:10872800A2C4A6C2CAC04EDE52DC56DA5AD85ED6F9
:1087380062D466D26AD06ECE630C052683473500B4
:108748002A898DCB40411DC45945EFE08FED931721
:108758008501E1873EC681449389419B130A000D38
:10876800C94B054CB54C130D00FDC14D834739006D
:1087780063E1F402B640264496440649F259625A27
:10878800D25A425BB25B225C925C025DF24D61613F
:1087980082808307C400324763C6E71683A70900AF
:1087A80063820716034B040093770B01CDCFCD47A7
:1087B800631EFB06230004002285EFF0EFF8630335
:1087C80005148347040011476363F7146399870D01
:1087D8005145EFC02FCCAA8A630605122300A501D4
:1087E800A30005002301B5010347040019469305BA
:1087F8002400A301E5000307C4001505A306E5004E
:1088080003471400A30FE5FE9780FF1FE780E021D0
:1088180003470401194693051401A385EA0013854B
:10882800CA009780FF1FE7804020F1A0D547631852
:10883800FB0085472300F400A30B0400B5BFF547F0
:10884800E309FBFEC9476316FB0089472300F400D0
:10885800A5B7C1476314FB008D47CDBFED47E31DA6
:10886800FBF49147E5B793778B0099C3AD47F9BF00
:1088780093761B0093774B0091C699C395475DBFCC
:10888800A147E9B793762B0091C699C3A5475DB771
:1088980099476DBF99C3A94755BF9D4745BF034534
:1088A80074015105EFC00FBFAA8A29CD23104501D5
:1088B8002301950103470400194693052400A301E9
:1088C800E5000307C40015052303E500034714006A
:1088D800A30FE5FE9780FF1FE7802015034674016C
:1088E8002386CA0019C613854A0123A8AA000C4C7E
:1088F8000DBF23A80A0003A70900D6850345070072
:10890800EFC02FC48504710493F4F40F85B50345B3
:10891800740113050502EFC0EFB7AA8A65D52310C5
:108928004501230175018346040013770B06194698
:10893800558FA301E500034714009305240015058E
:10894800A30FE5FE9780FF1FE780200E03478400F2
:10895800194693051401A385EA000347940013857B
:108968003A012386EA000347A400A386EA000347E6
:10897800B4002387EA000307C400A387EA0003576B
:10898800E4002398EA00034704012389EA0097805A
:10899800FF1FE780800903467401A38CCA0011C633
:1089A80013850A0223AEAA0099B723AE0A00A1B71D
:1089B8009387419B9C43E38F07DAEFF09F99264406
:1089C800B64096440649F259625AD25A425BB25BA3
:1089D800225C925C025DF24D014561616FF00F8B84
:1089E80097C7FF1F83C74790A18B1385819A91E38F
:1089F80001456FD0FF862388019AFD5717C7FF1FCF
:108A0800A305F78E23AC019A23AA019A97C7FF1FE3
:108A18009387C781170700001307C7AB98C31707C9
:108A28000000130707AFD8C317070000130767BF75
:108A380098C7170700001307A7CED8C717F7FFFF77
:108A48001307271F98CB9387819A17F7FFFF130700
:108A5800472898C317F7FFFF13072707D8C3828053
:108A6800411122C485452A8403C5019B06C6EFF03F
:108A7800FF8397C7FF1F83C72787A98BB5CB17B578
:108A8800FF1F1305A57A2388819AEFD00FFD138461
:108A9800819B1C4091C74D45B240224441018280D0
:108AA80003C5019B19E10145C5BF91659385B57162
:108AB80012059790FF1FE78080D023ACA19A61DD53
:108AC80003C6019B120681459780FF1FE78060F966
:108AD800104083C6019B8147FD5513F7F70FE374D8
:108AE800D7FC1397470032972300B7008507F5B7DF
:108AF80001452388019AEFD04FF675B7938781987F
:108B0800884301CD411106C69790FF1FE78080D7A3
:108B1800B24023A40198410182808280011113058B
:108B2800700306CEEFE0EFAF2AC613058003EFE02F
:108B38004FAF2AC413059003EFE0AFAE2246B2450B
:108B4800F240AA86054505616F90F05C5D711305DA
:108B5800D00386C6A2C4A6C2CAC0EFE08FAC2A84DE
:108B68001305C003EFE0EFABAA841305E003EFE0C1
:108B78004FAB2A891305F003EFE0AFAA8A87137772
:108B8800F50F9376F90F13F6F40F9375F40F054567
:108B9800EF907059B6402644964406496161828038
:108BA800757122C5138481981C4006C726C34AC123
:108BB800CEDED2DCD6DADAD8DED6E2D40545638852
:108BC800070E9305F1051305F041EF005147930592
:108BD800F1051305F041EF0091468346F10517B7FB
:108BE800FF1F0347C762B337E00091C289071840E7
:108BF800BEC60345370093054700EFD07F8A18406B
:108C0800AAC40D4583452700AEC2EFE08FA1AAC0D4
:108C18001145EFE00FA100402ADE65450347A40097
:108C2800034CB4003ADCEFE0CF9FAA846945EFE03B
:108C38004F9F2A897145EFE0CF9EAA896D45EFE0E5
:108C48004F9E2A8A7545EFE0CF9DAA8A7945EFE0C5
:108C58004F9D2A8B13050004EFE0AF9CAA8B1305E8
:108C68001004EFE00F9CE2042648B6476257F2561C
:108C7800064696451375F50F93FBFB0F137BFB0F09
:108C880093FAFA0F137AFA0F93F9F90F1379F90F88
:108C9800E1842AD05ECE5ACC56CA52C84EC64AC4BF
:108CA80026C262C0930844000545EF90B041BA401F
:108CB8002A449A440A49F659665AD65A465BB65B1C
:108CC800265C49618280011122CC06CE8D472E8414
:108CD8006316F50603C73500E94703D54500631851
:108CE800F70097B7FF1F83D7C7526385A706EF50D2
:108CF800701109C5835764002317F5000357A400B2
:108D080083568400035664008355440003453400A9
:108D1800EFD01FCD0357440097B7FF1F83D7674F86
:108D28006308F7008547F24062443E85056182800A
:108D3800FD5717B7FF1F231EF74CEDB78967CD07FF
:108D4800631DF50083C7250031476385E700454764
:108D5800E39AE7FCEFD04FD7F1B7B1476319F500B5
:108D680017B5FF1F03455558EFD0BFD265BF416700
:108D78007D178147E319E5FA83C655004947E3940F
:108D8800E6FA83C54500035524003000231401008A
:108D9800EF50207341BF411122C406C626C283C7C3
:108DA800C19B1307E00F2E846383E7041307F00FBA
:108DB8006387E7021145EFB0FFED15C1930700FD8A
:108DC8002300F50089472301F5008547A3008500A6
:108DD800A301F500AA8503C5C19BEFB09FF6F9571B
:108DE800238EF19AB2402244924441018280AA849F
:108DF8001145EFB03FEA7DD5930700FD2300F5004C
:108E08008947A30085002301F500A30195002244AA
:108E1800B2409244AA8503C5D19B41016FB07FF24D
:108E280079714AD0138981988327090022D406D6FC
:108E380026D24ECE52CC4544C5EF97B7FF1F83C705
:108E4800A74A958B4944CDC7AE899165A38EA19A4F
:108E5800AA849385757131459790FF1FE780209606
:108E680023A4A1984D4449C523009500A3000500FB
:108E78002946CE8509059780FF1FE78000BB832719
:108E88000900914603C7270063EEE6083DEB4D470E
:108E98002381E70003C72700136707012381E70041
:108EA800930571001305F041EF00711983477100B4
:108EB800F9EB17B7FF1F034787358D476315F70C85
:108EC800EFD08FEC2C00EF60206E2800EFD0BFCDE4
:108ED8004545EFD01FF5014401CD13060064330664
:108EE800C502914517B5FF1F0345C53FEFC0CFA683
:108EF8002285B250225492540259F249624A45617D
:108F0800828085466314D700754759B7894663142C
:108F1800D7004947B5BF8D466314D70041478DBF79
:108F28005547BDB795464A8A630ED70099466316DA
:108F3800D70009472381E70031A01D466314C70203
:108F4800238107006545EFD0DFED9307F007E309BC
:108F5800F5F403270A008347270093E70704230152
:108F6800F7003DBF21466314C7000547E1B7254612
:108F78006315C7002381D700F1B7A9460544E31953
:108F8800D7F6114745BFEFF0BFC12A8435D1EFF0BE
:108F9800FFB6B9BF011126CA938481989C4022CCA0
:108FA80006CE4944A9C783C707000D446391A704A7
:108FB800894517B5FF1F0345E532EFC02FBB914523
:108FC80017B5FF1F034505322390019CEFC00FBA68
:108FD8009C4001478146A38087001306F10085471E
:108FE80085450145A307F100EF90B0122A84228538
:108FF800F2406244D24405618280011106CE22CC3F
:1090080026CA8547631AF50683D7019CB1CB17B7E3
:10901800FF1F0347E71F29E71307B003636DF70234
:10902800894517B5FF1F0345E52BEFC02FB49307FC
:10903800006403D6019C3306F602894517B5FF1F65
:109048000345452AEFC04F912390019CF2406244AA
:10905800D24405618280938747FC2390F19CFDB739
:10906800938781989C43FDD36244F240D24403C560
:10907800070005616FF01FF2938481989C40F9D72F
:1090880097B7FF1F83C74726918BE9D38947631397
:10909800F5062D452EC6EFB0FFBF2A8445D9B24547
:1090A800930700FD2300F500E547A3000500230111
:1090B800F50083C7350015051946230FF5FE83C74C
:1090C80045009505A30FF5FE9780FF1FE780E09503
:1090D80017B5FF1F034555219307F00F6315F500DA
:1090E8009C4003C50700A2856244F240D244056152
:1090F8006FB03FC5894517B5FF1F0345A51EEFC0D3
:10910800EFA66244F240D2442390019C05616FF0BF
:10911800FF9E97B7FF1F83C7271D958B91CB93871A
:10912800C19C9C4381CB85472381F19C6FF01F9F95
:1091380049458280414582802381019C85450145BE
:109148006F90E07D97B7FF1F83C7071A958B91C76C
:109158008547238FF19A6FF07F9F49458280238F3F
:10916800019A814505456F90407C9307C01C63FCBC
:10917800A700094582800945F2406244D244424929
:10918800B249056182805DC5011122CC2A8421057E
:109198004EC64205AE8991659385657141814AC87D
:1091A80006CE26CA9780FF1FE78060612A8961D5AD
:1091B8009384819C884009C59780FF1FE780806C55
:1091C800130589002320A9002286814523A4219D17
:1091D8009780FF1FE780E0889C402286CE858843E1
:1091E8009780FF1FE78060849C40239287009387C5
:1091F80081989C4385CF97B7FF1F83C7E70E958B50
:1092080085CB9387819C9C4399CF984383D647000D
:109218006244F240D2444249B24905468D4505456B
:1092280005616F90806E01478146DDB70145A9B79A
:10923800494599B7938781989C438DC797B7FF1F76
:1092480083C7870A958B8DC39387819C9C4381CB69
:10925800984383D6470005468D450545D9B701474C
:109268008146D5BF01458280494582809307C01C4D
:1092780063FCA700094582800945F2406244D24454
:109288004249B249056182805DC5011122CC2A8418
:1092980021054EC64205AE89916593855571418178
:1092A8004AC806CE26CA9780FF1FE78040512A8900
:1092B80061D59384019D884009C59780FF1FE78089
:1092C800605C130589002320A9002286814523A814
:1092D800219D9770FF1FE780C0789C402286CE852D
:1092E80088439770FF1FE78040749C402392870053
:1092F800938781989C4385CF97B7FF1F83C7C7FE85
:10930800958B85CB9387019D9C4399CF984383D6B2
:1093180047006244F240D2444249B24905468D456D
:10932800054505616F90A05E01478146DDB701459F
:10933800A9B7494599B7938781989C438DC797B733
:10934800FF1F83C767FA958B8DC39387019D9C4345
:1093580081CB984383D6470005468D450545D9B747
:1093680001478146D5BF01458280494582809307E0
:10937800C01C63F4A70009458280797122D44ECEBF
:1093880006D626D24AD0AE892A8431CD21059165E8
:1093980042059385757141819780FF1FE7802042C0
:1093A8002A890945630109089384C19C884009C535
:1093B8009780FF1FE780004D130589002320A9002F
:1093C8002286814523A6219D9770FF1FE78060694B
:1093D8009C402286CE8588439770FF1FE780E06413
:1093E8009C4023928700938781989C43014585CFB1
:1093F80097B7FF1F83C747EF958B49458DC76C000B
:109408001305D030EF10913CB247014593F7070F91
:1094180099CB9387C19C9C438D450545944303D6BE
:109428004700EF90804FB250225492540259F249AB
:10943800456182809387819C9C4391CF03D64700E6
:109448008C43411106C69770FF1FE780005EB2404B
:10945800014541018280094582809387819C9C4314
:1094680085C79387019D9843894705C303564700DD
:109478000C43411106C69770FF1FE780005BB2409E
:1094880081473E854101828089473E858280938756
:10949800819C9C4385C79387C19C9843894705C392
:1094A800035647000C43411106C69770FF1FE7801B
:1094B800C057B24081473E854101828089473E8539
:1094C8008280011106CE22CC26CA4AC88D4763FA8B
:1094D800A7008944F240624426854249D244056186
:1094E800828017B7FF1F034767D2C144E314F7FE12
:1094F8009307F5FF93F7F70F8546AE842A8417B9CB
:10950800FF1F0349C9D063ECF6069DE19945280081
:10951800EFC03FD6914517B5FF1F0345A5DC97B7A8
:10952800FF1F238687CEEFB07FE43DE881445DB717
:109538001946814528009770FF1FE7808052194619
:109548002C0026859770FF1FE780205759F1194690
:109558009305F00F28009770FF1FE7808050194689
:109568002C0026859770FF1FE78020553DF119468E
:10957800A68528009770FF1FE780204B61BFE31B7B
:10958800E5F897B7FF1F938767C8C8472C00EF60B7
:10959800A001AA8441D197B7FF1F238A27C71DBFFF
:1095A8002800EFD04FE0AA847DF5930571001305DC
:1095B800F041EF00C12883447100ADF88D47E317EF
:1095C800F4F64545EFD0FF8535D1B7771800938776
:1095D80007A03306F502914517B5FF1F034585D04F
:1095E800EFB07FD3C5BD97B7FF1F83C7E7CF918B78
:1095F80099CF41111385419C06C6EFC03FC7B240C1
:10960800FD5717B7FF1F2316F7C041018280014598
:109618006FC0DFC5FD57A38EF19AF957238EF19AD3
:109628002381019C238F019A2390019C23A4019CF0
:1096380023A8019C23A6019C97B7FF1F938747C0C7
:10964800170700001307472198C3170700001307DF
:10965800079BD8C317F7FFFF1307C75498C717F717
:10966800FFFF1307E74BD8C717F7FFFF1307474E4E
:1096780098CB97F7FFFF9387476523A2F19C8280D9
:10968800411126C2938481989C4006C622C485CF86
:109698002A840D45EFB00FE0AA8519CD930700FD88
:1096A8002300F5008D47A30085002301F5009C40A9
:1096B80003C50700EFB0EFE819C42244B240924452
:1096C80041016FF0AFC3B24022449244410182800D
:1096D80079714ECE9389819883A7090026D206D640
:1096E80022D44AD052CC8144A1C783C417008547ED
:1096F8002A896388F40497B7FF1F83C767B1854435
:1097080085EB0D45EFB00FD9AA8505C1930700FD7C
:109718002300F5009147A30025012301F50083A745
:10972800090003C50700EFB0CFE1EFF02FBD854476
:10973800B2502254268502599254F249624A456130
:1097480082809387819C9C434E8A85E30145EFD0B4
:109758004FED2A8601CA894517B5FF1F034585B80D
:10976800EFB09F9F83270A00B1A0944303D6470018
:109778009305E1000545EFC0FFB969D983470500A6
:10978800858BE9D70545EFD0CFE99307B0032A8445
:1097980063F3A7045D6613060670894517B5FF1FB6
:1097A800034545B4130444FCEFB0FFB62390819CF5
:1097B80083A709000947A380E70097B7FF1F83C75E
:1097C80027A591C797B7FF1F238407A495B74A8594
:1097D800EFF01FEBB1BF130600643306C5029DBF4F
:1097E800411122C42A840D4506C6EFB0AFCA15C17F
:1097F800930700FD2300F500CD47A3008500230152
:10980800F5002244B240AA8503C5D19B41016FB03F
:109818004FD3B240224441018280411122C42A849C
:109828000D4506C6EFB00FC715C1930700FD23000D
:10983800F500ED47A30085002301F5002244B2405E
:10984800AA8503C5D19B41016FB0AFCFB240224476
:1098580041018280035745000111896606CE22CC5A
:1098680026CA13866600AA876317C7009C47014566
:1098780083C5070009A813868600631AC7009C479A
:10988800054583C50700EFF00FD105453DA81386B0
:1098980096006313C702138781981843014515C7BB
:1098A8009C4703C50700631B050C8547A300F70009
:1098B8000545EF80307CD1BF1386A600631CC70026
:1098C8009C4703C50700EFF0BFE0F2406244D24472
:1098D8000561828013866603E30AC7F81386760358
:1098E800E30FC7F813868603631DC7081C451307D3
:1098F800E00F83C4070083C7C19B638EE702130789
:10990800F00F6386E7021145EFB0CFB8AA8505C10D
:10991800930700FD2300F5008947A3009500230164
:10992800F500A301050003C5C19BEFB08FC1F9572E
:10993800238EF19A99BF9387819898433E84014575
:1099480049D785EC85447D4523059100EFD06FCD3F
:109958002316A10013050002EFD0AFCC1C40A305CD
:10996800A1001307B100A380970074001306A1009B
:1099780085450545EF80F07909BF2685EFF05FD072
:1099880029B713869603E30DC7F21386E603631718
:10999800C7001C45094583C50700F5B59386F6033E
:1099A800631DD7021C4503C507003DE96C0013057C
:1099B800D030EF10A161B247414793F7070FE38614
:1099C800E7EC9305B10013056031EF102160034502
:1099D800B1008545EF80B0744DBD896613860604D5
:1099E8006313C7041C4503C4070083C7219C228551
:1099F80085EB0D45EFB00FAAAA85E30805E89307A4
:109A080000FD2300F500D1472301F500A3008500E0
:109A1800938781989C4303C50700EFB08FB2B5B513
:109A2800EFF01FDC9DB513861605631BC7001C45A8
:109A380003C5070021E585450545EF80106FB1B5E1
:109A4800938626050145E312D7E89C4703C407001F
:109A580083C7E19B22859DE30D45EFB0AFA3AA859F
:109A6800E30505E2930700FD2300F500F147A30095
:109A780085002301F50003C5D19B45B7EFF0FFD959
:109A880029B5411197B7FF1F83C7078606C6958B6F
:109A980099CB17A5FF1F1305A57AEFC0CFFC4D453D
:109AA800B240410182800145EFC0EFFB0145CDBFC7
:109AB80003C70500937625009377D70F99C293675C
:109AC8002700131885011358884113F7F7076354C3
:109AD800080013E70708937685009377770F99C2F4
:109AE800936787001377050293F6F70D19C393E67A
:109AF80007022380D500634508009377A50281CB30
:109B08008347060093E7C7002300F60082807DFDA7
:109B180083470600CD9BCDBF2D456319071403C5A8
:109B2800050009476310E51401114EC6BE89DC41E2
:109B380022CC26CA4AC806CE03C7170083C7070027
:109B4800B68422075D8F42078D664187938736A0CA
:109B580032842E896301F70E63C0E702938716A04B
:109B68006309F70A63C1E70E938606A0630CD7065C
:109B78002390040005454DA8938766AA6305F70C52
:109B8800938786B8630BF70C938646A0E312D7FE3B
:109B9800DC45DDC721472390E40003D707002300F5
:109BA800E60003D707002183A300E60003D72700B8
:109BB8002301E60003D727002183A301E60003D78A
:109BC80047002302E60003D747002183A302E600EB
:109BD80003D767002303E60083D76700A183A303A5
:109BE800F60091A0C8459770FF1FE780A0E84205DE
:109BF80041814E86637335012A862390C40042064C
:109C080041828325C90022859770FF1FE780E0E124
:109C180019A8DC4583D707002390A4002300F60089
:109C2800A183A300F6000145F2406244D2444249B0
:109C3800B2490561828099472390F4001946D1B74B
:109C480023900400CDB785472390F4008327C900EB
:109C580083C707002300F400F9B7E1472390F40015
:109C6800614645B72390060005458280828083C8F7
:109C780005008947639BF814DC41797122D406D624
:109C880026D24AD04ECE52CC03C8170083C707004D
:109C98002E8422083368F80042088D67135808415B
:109CA800138327A0630468102A8A3A89B684B28588
:109CB800634C0301138707A0630AE802938717A080
:109CC800630BF808854711A8138737A0630CE80AC7
:109CD800138767AA8D47E317E8FEB25022549254BF
:109CE8000259F249624A3E8545618280484432C63B
:109CF8009770FF1FE78000D8420541819D47E36EBA
:109D080025FDB309990083C7619DB24563D4370126
:109D1800B547E1B748442686C2094A959770FF1FA0
:109D2800E780A0D0484403C6619D93D90901050680
:109D38003306364181454E959770FF1FE78060D204
:109D48009387819D9C4399E3814741BF9C4381450B
:109D5800E5DF528535A0AD47E31109F8E39A16FB14
:109D680083471600834606005844A207D58F231060
:109D7800F7009387819D9C43E1DB9C438545E9D7A8
:109D88008297D9B7AD47E31A09F49947E392F6F8F1
:109D9800484419469770FF1FE78020C99387819D23
:109DA8009C43DDD39C43CDD38D4565B7AD4715F7AF
:109DB8008547E39FF6F40347060093070008E3EEA0
:109DC800E6F0DC452380E70041B785473E85828081
:109DD80023AC019CA38B019C238B019CB707A0009B
:109DE80093850185938707059CC1B707E803DCC104
:109DF80017C60100130606EC9787FF1F938787682D
:109E08000947938EB184D0C317C60100130686E7AD
:109E180085462380EE00138E81849388C184D0C741
:109E280023AED70117C601001306C6E61383419D6A
:109E38001388A1841385918497CE0100938E0EE632
:109E48002300EE002380E8002380E7002388E70052
:109E58002380E7022388E70223AEC7032380E704B1
:109E68002300E8002384D70023950700D0CB238C58
:109E7800D700239D070023A2D7032384D702239565
:109E8800070223A60702D0DB238CD702239D0702F3
:109E9800231003002300D50017CE0100130E0EDF98
:109EA80023A2C7052388E70423AE17052380E70606
:109EB8002388E7062380E70897C80100938848DFCE
:109EC80017C701001307C7DC23A2E7082384D704B8
:109ED80017070000130787C42395070423A6670400
:109EE800F0CB238CD704239D070423A217072384D0
:109EF800D70623950706ECD7F0DB238CD706239DDE
:109F0800070623AE07072384D7082395070823A647
:109F1800A7089787FF1F9387E75F98C31707000075
:109F2800130727D5D8C323A407008280A54763E871
:109F3800A71017B70100130767760A053A951C4161
:109F4800011122CC26CA06CE4AC8BA97B2842E84FA
:109F580082879307800F63F9B7006145F240624436
:109F6800D2444249056182809787FF1F93878751B2
:109F7800C8573E8919C59780FF1FE780A090238B9B
:109F8800019C13061400916593850571328532C6CC
:109F98009780FF1FE780A0821787FF1F232AA750FB
:109FA8004DDD324681459770FF1FE78080AB032562
:109FB800C9022286A6859770FF1FE78000A7238B1A
:109FC800819C014561BF8947E399F5F883570600ED
:109FD800239AF19CFDB7A147E391F5F82146A685A0
:109FE800138501859770FF1FE78020A4D9BF854797
:109FF800E395F5F69787FF1F9387C748D04F978556
:10A00800FF1F9385A54A03C50400EFF07FAA55BF3B
:10A018008547E394F5F49787FF1F9387A746D05F9A
:10A028009785FF1F9385854AF9BF8547E397F5F222
:10A0380083470600A384F18469B7094505B7094534
:10A04800828083C7719D95E38547A38BF19C058921
:10A0580009CD9786FF1F9386E64B4146A545178590
:10A06800FF1F130525426F20A03C01458280011186
:10A078001388F5FF06CE22CC26CA4AC84EC652C45B
:10A088001378F80FAD4563EE050BBA890A0817B7C0
:10A098000100130727633A983E8A83270800368908
:10A0A800B284BA9782878545EFC08FBA2A8419E1AE
:10A0B800EFF03F9D2285F2406244D2444249B249C2
:10A0C800224A056182808945EFC08FB82A847DF1D4
:10A0D8002685EFE0FF98F9BF9145EFC06FB72A8456
:10A0E80071F95286CE854A85EFC0EFABEFF07F99C4
:10A0F800EFF06FCFEF50302775BFA145EFC04FB5D8
:10A108002A844DF95286CE854A85EFC0CFA9268587
:10A11800EFE01F95EFE0DF8CEF50102361BFB145F2
:10A12800EFC00FB32A8459F55286CE854A85EFC011
:10A138008FA72685EFE0DF92EFE09F8AEF50D020CF
:10A1480075B7094485BFBD47638CF50663E9B70257
:10A15800A5476387F50663EDB7009947638CF50457
:10A168009D47638FF5049547638CF504014582800C
:10A17800B5476387F50463E1B704AD47F5B7DD4735
:10A18800638EF50263EAB700C947638BF502D947C6
:10A198006386F502C547C9BFF5476383F50263E4E3
:10A1A800B700ED47D1B793072005638BF5009307F8
:10A1B800200D5DBF48458280084182800845828025
:10A1C800484182809307F00F630EF506011126CAF5
:10A1D800AA841305000222CC4AC84EC652C456C2ED
:10A1E80006CE3A89B689B28A2E8AEFA0BFAA2A84F7
:10A1F8004D4515C8930700FB2300F400A300540144
:10A2080023114401230234011305840061466305C8
:10A218000902CA859770FF1FE7802081A2852685DD
:10A22800EFA03FB20145F2406244D2444249B249EC
:10A23800224A924A0561828081459770FF1FE78014
:10A248004082E9BF09458280011122CC06CE2A84CA
:10A258002306B100A306C100EF40C03A0DC1034771
:10A26800C500A1476311F70278009306E00701468D
:10A27800A28517A5FF1F03454507EFF0BFF4F2407D
:10A2880062440561828078009306E0070146A28552
:10A2980017A5FF1F03455505CDB79307006433067F
:10A2A800F6026FA0FFFD05C9034705008546930721
:10A2B800270093F7F70F63F0F602411122C42A84AE
:10A2C8003A8506C6EFB02F8FFD572300F400B24041
:10A2D8002244410182808280035705009307000BC6
:10A2E8006313F702834745004947639CE700034728
:10A2F800150185476399E7000355250085456F20BB
:10A30800103D6D47C5BF8280011122CC06CE2A843C
:10A318002EC632C436C2EF40E02E0DCD8346C500AE
:10A32800A14712472246B245639EF600B28617A59A
:10A33800FF1F034585FB2E86A2856244F240056116
:10A348006FF05FE8B28617A5FF1F0345F5F92E8663
:10A35800A285E5B7F240624405450561828023A0E5
:10A36800A19E8280011122CC26CA06CE2A84AE8400
:10A37800EF404029A6852285EF10212E1DE5228574
:10A3880023169100EF4000280DC10347C500A147DF
:10A398006312F70217A5FF1F034525F578009306FA
:10A3A800F0070146A285EFF0FFE1F2406244D24493
:10A3B8000561828017A5FF1F034515F3C5B7011175
:10A3C80026CA06CEB68422CCDD4663E2B608D94654
:10A3D80063FED50AA5466381D50A63EEB6049546A1
:10A3E800638CD50899466387D50A054441687D186A
:10A3F800631606093AC6EF10012A3306854032472C
:10A4080042064182420441803305C4004205BA85B0
:10A41800418132C6EF20D03BAA8749C181C4324668
:10A428002390C400B30580406244F240D2443E8584
:10A4380005616F10A107C5466380D504C9460D4460
:10A44800E395D5FAC167FD17E31EF6FA65B7F54639
:10A458006380D50463E4B600ED46D5B793062005BE
:10A468006388D5029306200DE391D5F8C167FD17DF
:10A478000D446319F600BDBF09448DBF9306200D36
:10A48800E392D5F8310642064182ADBF15445DBF5F
:10A498000D444DBFC167FD171D447DB7F2406244AE
:10A4A800D2440561828079714ECEAE89C16526D2CB
:10A4B8000147AA84894617C6010013066680FD1560
:10A4C800054522D406D64AD0EF009061054431CD27
:10A4D8002A891307300281461146F5452685EFF093
:10A4E8001FEE2AC6554431C18357A900CE860146BE
:10A4F8002314F10091472315F10085472300F50047
:10A50800B2472C002685A38007003247FD57230158
:10A51800F7003247A301F700EF0050522A8411C513
:10A5280032459770FF1FE780E0352285B2502254EC
:10A5380092540259F24945618280411106C6EFF0F2
:10A548009FC019C5B24041011773FF1F67008333CD
:10A55800B24041018280011106CE2AC6EF00B17ACD
:10A568003245914523AE019C23A0019E97A7FF1F6A
:10A57800A38AA7D6EF20F020F24005616F10F07F84
:10A5880093970501C18763D80712797117A5FF1F33
:10A59800034555D522D44AD006D626D22E89EFA017
:10A5A800CFF32A8449CD034705009307000A6315B2
:10A5B800F70885474C08A305F100EF10C100AA84ED
:10A5C80005ED8347610171476374F708138717FE28
:10A5D8001377F70F9306000263F3E608858BC5C768
:10A5E8009387C19D9C43994481CB0355240013064E
:10A5F800B1004C088297AA848347B10099C70844E0
:10A6080009C59770FF1FE780E02795E05247B70715
:10A618000001938707F07D8FB70712009387071013
:10A62800630CF70003476101ED476317F700035513
:10A6380024008545EF20B0092285EFA0EFE2B25053
:10A64800225421653345A9009254025945618280FC
:10A658003707301405073357F700058B41D31387A5
:10A66800019E184351DB0347510159F72306F100B6
:10A6780099472308F100035524006C0023170100B3
:10A68800EF10411395BF9387019E9C439DC30355CB
:10A6980024001306B1004C08829739DDAA84834749
:10A6A8005101B9FB83476101230891002306F1009A
:10A6B800D9B79944EDB7014582800145828097A6B4
:10A6C800FF1F83C6B6C2814763E5D70001473A85B5
:10A6D80082802E87910503D6C5FFE30AA6FE85076B
:10A6E800E5B70DCD834725000547890793F7F70F91
:10A6F8006376F702411122C406C62A8483550500F1
:10A70800034535000147F9465D46EFF0BFABF95701
:10A718002311F400B240224441018280828017A7AD
:10A72800FF1F0347B7BC8147FD5663E3E7008280FC
:10A738002310D5002301050085071105FDB7014544
:10A748008280938571869307000285462380F500F1
:10A75800FD572383F186A38CF184238CF184239203
:10A76800D1862392019E23A6019E23AE019E23A893
:10A77800019E1386C18597B701009387E7525CC293
:10A788002383019E9787FF1F938787D90947230053
:10A79800E6002380E7002388E7002380E702238878
:10A7A800E70217B701001307274FD8DB0D47238CA3
:10A7B800E7021387819E18432384D700D0C7238CD0
:10A7C800D70017B501001305E54E17B601001306AB
:10A7D800664C97B601009386A64EC8C3239507001A
:10A7E800D0CB239D0700CCCFD4D323840702239555
:10A7F800070223A60702239D0702D8DF9787FF1FBA
:10A80800938707D6170700001307870C23A00700B4
:10A81800D8C323A407008280411106C6EFF03FEA9F
:10A8280011C503452500B240410182800145E5BFBD
:10A83800411122C426C24AC006C6AA842E8932847F
:10A84800EFF0FFE711E94165CA857D15EFF03FE7B5
:10A85800C54711C523109500230185008147B240E3
:10A868002244924402493E854101828029E7894871
:10A87800354763931605011106CE22CC26CA034735
:10A8880016000346060093C7F7FF2207598EF18F7B
:10A8980032C68DE7C4452A84A685EFF0FFF7324615
:10A8A8000147630FA60022856244F240A685D24480
:10A8B80005616FF0FFF72D473A858280130700087E
:10A8C800F2406244D2443A850561828083C805001B
:10A8D80009486395080303A84500834718000348FF
:10A8E8000800A207B3E70701C2070D68C18713086C
:10A8F80028906395070189476FF05FF705458280C7
:10A9080003C791859307F00F630AF70441114AC002
:10A918002A89294522C426C206C63284AE84EFA0FD
:10A928006FB71DC59307100B2310F5002302050010
:10A938002314850022442311250123139500B240D6
:10A9480092440249AA8503C5918541016FA06FBF52
:10A95800B2402244924402494101828082804111DE
:10A968009387819E26C2AE848C4322C406C62A845D
:10A97800EFF09FEA098909C922852244B240A685D9
:10A98800924441016FF03FB2B240224492440545DF
:10A9980041018280411122C426C24AC006C6AA8447
:10A9A800130445001309850B835704009DC308440D
:10A9B80009C59770FF1FE780E0EC22853146814585
:10A9C8009760FF1FE780E0093104231A04FEE31DA6
:10A9D80024FDB2402244FD572390F40002499244DA
:10A9E800410182809387419F984317A6FF1F034622
:10A9F800F68F81476315F600814636858280BA86D0
:10AA08001307870B835587F4E389A5FE850793F71A
:10AA1800F70FCDB79387C19F9C4399C703D74700CA
:10AA2800E31CA7FE8847828001458280411106C643
:10AA3800EFF05FFE09C50845B2404101828001453B
:10AA4800E5BF011126CA9384450022CC4EC606CE26
:10AA58004AC852C456C25AC0268781490144814611
:10AA680081473D450356070055CED9E203544700B8
:10AA780083572700B286A297C207C1838509310789
:10AA8800E392A9FE25C82E89916593854570228594
:10AA98009770FF1FE780A0D22A8B29CD814A014AEF
:10AAA8008C4485C503D6440033054B019760FF1FCE
:10AAB800E780A0F783D7440088443E9A420A135A95
:10AAC8000A019770FF1FE780E0DB63890A003146BF
:10AAD800814526859760FF1FE780A0F8850AB104A5
:10AAE800E3E03AFD2326690123148900054521A0E6
:10AAF800630DD6000145F2406244D2444249B2494E
:10AB0800224A924A024B0561828003562700E313CA
:10AB1800F6FE035647003294B2974204C2074180BA
:10AB2800C183A9BF0545E37835FDA9BF9387019F78
:10AB38009C4399E30145828098470357A700E3198E
:10AB4800A7FE138547008280411106C6EFF01FFE5D
:10AB580011C503550500B240410182800145E5BF9A
:10AB6800411106C6EFF09FFC11C503452500B24010
:10AB7800410182804145E5BF411122C42A842E85C6
:10AB880006C6EFF0FFFDAA8505462285EF30902A1C
:10AB980095476305F500BD476313F5002145B240AD
:10ABA800224441018280411122C42A84090506C633
:10ABB800EFF06FEFFD57A301F400B24022444101CA
:10ABC80082809387819F9C431797FF1F03471772C3
:10ABD8002A86050781463E8583D707006388C70014
:10ABE800850693076500E3E8E6FE0145828041118A
:10ABF80022C4416406C626C29307E4FF630EF5002B
:10AC0800AA8485E1EFF0FFFB01E91305F4FFEFF0FB
:10AC18005FFB19C123109500B240224492444101C0
:10AC2800828085476394F504EFF0BFF92A846DD5D7
:10AC3800FD572310F500834724001307F00F6384A2
:10AC4800E7021307E00F638AE70003453400014772
:10AC5800F9465146A685EFF0EFD62285EFF0BFF40E
:10AC6800FD572301F400230204007DB78947E395CB
:10AC7800F5FA8545EF30703B45F12685EFF07FF416
:10AC88002A8455F951BF5D71A6C24EDE86C6A2C49C
:10AC9800CAC052DC56DA5AD8AE8483C52500F947B3
:10ACA800AA896396F504EFF0DFF12A8409ED0144DF
:10ACB8002285B640264496440649F259625AD25A29
:10ACC800425B61618280834725000547890793F7C6
:10ACD800F70FE37EF7FC034535000147F9460146C7
:10ACE800CE85EFF02FCE2285EFF0FFEBC9B783AA10
:10ACF8000400B7070001938707F037071200B3F77E
:10AD0800FA0013070710328A0149638AE7022EC640
:10AD1800EFF03FEB2A89B2451DC10346450005C245
:10AD280093178601E187E3C407F84E85EFF0CFD18A
:10AD38008347490093E707F82302F9008DBF03C74B
:10AD480061869307F00F1944E304F7F6E147E3E15E
:10AD5800B7F693D71500FD178E0717B7010013072D
:10AD68006799BA9703A80700E30408F403AB470000
:10AD7800E3000BF4C20A93DA0A0163850A00C947A3
:10AD8800E398F5F283D64400904483C5140003C5C4
:10AD98000400380802982A8401FD2C084E85029B7D
:10ADA8002A8421C983C71400E39407F083C72400C9
:10ADB800230AA10039472308F1006399E702624793
:10ADC8008347170003470700A207D98F0C084E8551
:10ADD8002319F100EF00111EE30B05EC14080546DA
:10ADE800D9454E85EFF04FD22A84D9B583578101D2
:10ADF800F1BF83C624009147E38BF6EA3808014681
:10AE0800CE8503C56186EFF0EFBB2A84E31205EA1D
:10AE180083C524002808EFF00FB319C123000A00E6
:10AE28009840B7070001938707F07D8FB707120096
:10AE380093870710E30DF7E6E30B09E683C72400C1
:10AE48002302F900B5B5011106CE2EC6EFF07FD763
:10AE580001CD83474500B245138717006396E50087
:10AE680093F707F82302F500F24005618280938783
:10AE7800019F984319E3014615A81C4703D8A7006A
:10AE8800636B050183584700B38608016355D500F5
:10AE98008146639416011843F1BF3E86C10703D368
:10AEA800A7FF6317A30099C123900501328582800B
:10AEB8008506C206C182F1BF397152D42E8A4ED698
:10AEC8009305E101AA89528522DC4AD856D206DECA
:10AED80026DA328936C63AC4BE8AEFF05FF90544ED
:10AEE80035C5AA840355E1013944EFF0BFB239CD25
:10AEF80003284500630C08042247B246D6874A86D1
:10AF0800A6854E8502982A8431E19307E00F638F66
:10AF1800FA0203C704008947631AF702D840834737
:10AF2800170003470700A207D98FC2070D67C1871B
:10AF380013072790639CE70083471900034609001D
:10AF4800D285A2075D8E4E85EFF09F9B2285F25039
:10AF58006254D2544259B259225A925A216182807B
:10AF6800797122D4035425004ECEAA89228556CA67
:10AF780006D626D24AD052CC5AC85EC662C4AE8A19
:10AF8800EFF05FA601E92285EF007153594429E9E2
:10AF98000144B9A003C789008547AA840144631AFC
:10AFA800F702AA8513858900EFF0BFA929CD03D739
:10AFB800640083D68400D04483D5440003D5290097
:10AFC800E147EFF07FEFD9472A846318F50223A6FB
:10AFD80004002685EFF01F9C49C0D947E30AF4FA1C
:10AFE8002285B250225492540259F249624AD24AF6
:10AFF800424BB24B224C4561828061DD83D74400CD
:10B008002390FA00F9B713894400014AB94B594C07
:10B018003D4B83550900D5DDE14763067A010357A7
:10B02800C90011C3D947035729008356490003268D
:10B03800890003D52900EFF03FE82A8463198501C8
:10B0480023240900050A3109E3156AFD59B77DD99A
:10B05800835709002390FA00F5B703D529002DB7C7
:10B0680001112317C1009307E00F1306E100014700
:10B07800894606CEEFF05FE4F2400561828079717F
:10B0880022D42A840355850026D2AE849305210153
:10B0980006D64AD0EFF0BFDD6308050E834785006A
:10B0A8002AC693F707028DCF03552101EFF01F98A9
:10B0B800AA87B24501ED8357840039452390F400EF
:10B0C800B25022549254025945618280035524009B
:10B0D8004946829711C5835784002390F400CDB761
:10B0E800035924004A85EFF0FF8F11ED41657D1566
:10B0F800EFF05F8F19E58357840025452390F4000E
:10B10800C1B723102501130745008147BD460356E3
:10B1180007002DE63147B387E7021309840031465B
:10B12800CA8591073E959760FF1FE78000903146DA
:10B13800CA8548089760FF1FE780208F0356C40020
:10B148000355240041478146DD45EFF04FA72ACE3D
:10B1580019E58357840045452390F40095B70C48BA
:10B168000356C4009760FF1FE780208C0355240016
:10B178004C08EF00913029D5594599B78507310713
:10B18800E397D7F8254581BF0545B1B7797122D432
:10B198002A840355850026D2AE849305E1014AD05E
:10B1A80006D63289EFF0BFCC51C58347850093F7A7
:10B1B8000702A9E7034714019307200519E383470A
:10B1C80044008356A400504483558400035524004A
:10B1D8000147EFF07FCEAA8721E98347140199E759
:10B1E80003552400EF009124D94711E18147B2505B
:10B1F8002254925402593E85456182802AC60355DD
:10B20800E101EFF0BF82AA8705C9B24503552400C2
:10B2180049468297AA8759DD035784002390E400A2
:10B228000347140161F7E1B75947E317E5FE230027
:10B2380009006DBF8547CDB7B947F9BF397122DC21
:10B248004AD84ED652D406DE26DAAA892E8A32C6C3
:10B258003689EFF01F97094415C583472500130762
:10B26800E00FAA845D44638FE7001307F00F594489
:10B27800639AE700324605E2D2854E85EF00112831
:10B288002A8415CD2285F2506254D2544259B259BB
:10B29800225A2161828003550A009305E101231F88
:10B2A8000100EFF0DFBC0355E101EFF07F8BAA85C9
:10B2B80005464E85EF3000382A845DDDE1B79307F7
:10B2C800F00FE301F9FC938624007946A68517F56B
:10B2D800FFFF13054541EFE05FFCA38124015DB743
:10B2E80039719387019F26DA844352D45AD05ECEAF
:10B2F80062CC06DE22DC4AD84ED656D266CA2A8BE3
:10B30800AE8B328C368A99E08149B9A0804483DCBF
:10B3180044000149835AA400631499018440E5B7A5
:10B328008357A400A28963F86701050942091359E4
:10B3380009014104D5B7E3EAFBFE630C0A00834523
:10B3480004004840D28662863AC6EF00C1203247E0
:10B3580069DD19C323105701F25062544E85D25447
:10B368004259B259225A925A025BF24B624CD24C61
:10B378002161828003D7050083D62500854763E9CC
:10B38800E60439C7411183C6450026C29384550097
:10B3980022C426862E8417B501001305A591894578
:10B3A80006C6EF00411BC14711CD834644008355B3
:10B3B80024000355040001472686EFF07FF28147F9
:10B3C80011E1A947B240224492443E85410182805E
:10B3D8003E8582802E860355060083D52500854745
:10B3E80063E2A50205C183464600411101471506DF
:10B3F80006C6EFF0FFEE814711E1A947B2403E854E
:10B40800410182803E8582802E860355060083D5C1
:10B418002500854763E2A50205C183464600411120
:10B428000147150606C6EFF0BFEB814711E1A947B2
:10B43800B2403E85410182803E85828039714ED678
:10B4480083D7250083D9050006DE22DC26DA4AD810
:10B4580052D456D25AD05ECE62CC66CA6AC863E06D
:10B4680037198547638E0914416BAE8A2A8A2314DB
:10B47800010002C6014401497D1B894B054CC94C9A
:10B48800054D83D52A000147814601464E85231381
:10B498000100EFF0FFE4AA846300051209EC13072A
:10B4A8002002930661005A8695455285EFE03FF1E8
:10B4B8002A84630805120357810083C7040045C71F
:10B4C8000347A100630CA70741476385E7022C00E7
:10B4D8005285EF00814309CD34001546D945528580
:10B4E800EFE09FE211C532459760FF1FE780803982
:10B4F8008147F9A083D7A4004146130524002300FF
:10B50800F40083D7A400A183A300F400CC40975093
:10B51800FF1FE78080514904835781008507C207D0
:10B52800C1832314F10063F9270983D7A400638535
:10B5380067098509C20993D90901A1B7E39977F980
:10B5480083D7A4000946130524002300F40083D7F9
:10B55800A400A183A300F400CC409750FF1FE7800C
:10B56800C04C110455BF22C60359610003C7A4008B
:10B578001305240063827703335999032305710166
:10B588002300E40083D7A4004146A183A300F4006C
:10B59800CC401379F90FA5BF230581012300E400EE
:10B5A80083D7A400135929001379F90FA183A300A5
:10B5B800F4000946CC4055B78357810089FBA94759
:10B5C800F2506254D2544259B259225A925A025BEA
:10B5D800F24B624CD24C424D3E85216182808547B8
:10B5E800C5B7C547F1BF03C7A1A0854763F3E70601
:10B5F800011122CC26CA4AC806CE2A843289AE84D2
:10B60800EFF02FDC01C9034725009307E00F5D45E4
:10B618006308F700631C0900A6852285EF00E16A2C
:10B62800F2406244D24442490561828003D5040055
:10B638009305E10023170100EFF07F830355E10034
:10B64800EFF00FD2AA8505462285EF20B07E69D596
:10B65800C1BF5945828013F7050201C7B2856FF053
:10B66800AFD1411126C24AC006C622C413F98500CB
:10B67800AA8463170900139785016187635D070230
:10B6880032853684EFF0CFCDAA85054663130900CD
:10B6980001462685EF20107A01E90145B24022448F
:10B6A800924402494101828083479400E5DB834745
:10B6B8008400E5F7E5B793F72500E5F30D45F9BFF5
:10B6C8007971AE8622D42A8403D506009305E10158
:10B6D80006D636C6EFF0AFF909CD83458500B246E8
:10B6E8000356E1012285EFF01FF7B250225445615D
:10B6F80082800545DDBF13F7050201C7B2856FF0EB
:10B70800AFC7411122C426C206C693F485002A8415
:10B7180091E4139785016187635007023285EFF042
:10B728002FC4AA85054691E0014622852244B240ED
:10B73800924441016F20107093F72500014591E371
:10B748000D45B24022449244410182807971AE860F
:10B7580022D42A8403D506009305E10136C606D60D
:10B76800EFF0EFF0B24601CD834585000356E101C5
:10B778002285EFF05FF8B25022544561828005457A
:10B78800DDBF797126D2AA840355A500C16722D4EA
:10B798004AD04ECE06D623170100FD173284B6894B
:10B7A8000149630DF500050583C60400D040420534
:10B7B8001307E1004181EFF0BFB22A8983C6040074
:10B7C800D040894517A501001305C54EEFF0B058C4
:10B7D8001DC503D4A4002285EFF00FB709C57D1459
:10B7E8002A94420441806384090023908900B2505E
:10B7F80022544A8592540259F2494561828083C68F
:10B808000400D040894517A501001305254BEFF02A
:10B81800905461F183C60400D040894517A5010002
:10B8280013054547EFF0305319C9E30609FA835762
:10B83800E100E39287FA0354A9007D145DB703D4AD
:10B84800A40055B7397122DC26DA4AD84ED652D42C
:10B8580056D25AD062CC06DE5ECEBE8983C785003A
:10B868002A8AAE84C18B328C36843A89C28A468B46
:10B878009DE783CB04008947638BFB046285EFF067
:10B888006F991DC183280500638008025A88D687EE
:10B898004E87CA862286A6855285829839A0328527
:10B8A800EFF0CF98AA8711ED3945F2506254D2547F
:10B8B8004259B259225A925A025BF24B624C2161A8
:10B8C80082802946A6855285829745D5F9BFD840FA
:10B8D8008347170003470700A207D98FC2070D67E0
:10B8E800C187930607906384D72263CEF606930632
:10B8F8002780638ED70C63C1F60213070780E3CF56
:10B90800E7F62D45E39309FADC4403C60700CC4368
:10B918002310C900228569A213073780E390E7F650
:10B928002D45E39409F885472310F900DC44814547
:10B9380083C707002300F40003D5A40005054205CA
:10B948004181EFF0CFD283570900631705129107A1
:10B958002310F90011468145130514009750FF1F65
:10B96800E780201029A2930627906383D71863CE17
:10B97800D71293063790638CD71813074790E39F25
:10B98800E7EE2D45E39309F2DC441D472310E90057
:10B9980003C707002300E40003C71700A300E4005F
:10B9A80003D727002301E40003D727002183A3013D
:10B9B800E40003C747002302E40003D76700A3029B
:10B9C800E40083D76700A1832303F4004DA02D452D
:10B9D800E39D09ECDC446C0083C9170003C707002A
:10B9E800A209B3E9E90011472310E90083C707005A
:10B9F8004E852300F400DC4483C71700A300F4003D
:10BA0800EFF0EFC6AA8435C50356C100C165930699
:10BA1800E100FD158329C500EFF0BFD619ED83C6F7
:10BA28000400D040894517A5010013052529EFF02A
:10BA3800903201E5FD572317F10003C70900894734
:10BA48006310F70283A5490009461305440097507F
:10BA5800FF1FE78080FD8357090089072310F9003D
:10BA68008357E1002301F400A183A301F4000145F9
:10BA78002DBD23173101EDB7034705008907BA9794
:10BA88002310F9008357A500A300F4008357A500ED
:10BA9800A1832301F400034605004C41130534003B
:10BAA8009750FF1FE78060F8D9B7C8449750FF1F29
:10BAB800E78040FC93170501C1832A871D45E3E60B
:10BAC80037DF6399F90023100900CC4403560900B5
:10BAD800CE9589B54207B3863A01418363C7E6002C
:10BAE800B38737412310F900CDB723105901F1BFAF
:10BAF8002D45E39C09DACC445285EFE0FFD12310B1
:10BB080079012300A4002181A300A4008DB72D454D
:10BB1800E39D09D8DC442310790183C7070023007B
:10BB2800F400DC4483C71700A300F40089B75D71F3
:10BB3800CAC02A89035525004EDE52DC56DA5AD887
:10BB48005ED662D466D26AD06ECE86C6A2C4A6C2BB
:10BB58002E8BEFF05034130CF5FF931D0C01C16BC5
:10BB6800AA8A8149178AFF1F130ACA6E93DD0D013D
:10BB7800938CC19E138D419EFD1B8357C90063F8AA
:10BB8800F9009787FF1F83D7E76C63CE87010355BA
:10BB980029009785FF1F9385E56BEFF0B07DAA8498
:10BBA8001DCDD9442DA88327890013971900930523
:10BBB800E100BA9703C4170083C7070022045D8C0D
:10BBC8002285EFF0CFAAAA851DE923108B00032553
:10BBD8004A00854409C59760FF1FE780A0CAB640A0
:10BBE8002644268506499644F259625AD25A425B3F
:10BBF800B25B225C925C025DF24D61618280834897
:10BC0800490083A60C000356E100035529006E88FD
:10BC180081476A87EFF01FC3AA8411C523108B00E0
:10BC280003254A0045BF83274A0095E303552900A9
:10BC3800514781465E86BD45EFE06FF89787FF1F45
:10BC480023ACA76009E523108B00C54449BF97873B
:10BC5800FF1F83D7276003D7419E3E97634757014D
:10BC680013C7F7FF56972392E19E03254A0083A541
:10BC78000C0003D6419E3E959750FF1FE780E0DAFF
:10BC880083570A0003570D008509C209BA97178719
:10BC9800FF1F2311F75C93D90901C5B5397122DC5F
:10BCA8002A840355250006DE26DA4AD84ED652D411
:10BCB8005AD05ECE62CC66CAAE8B56D2EFF0B01DBB
:10BCC8002A8A8346C4008355A4000355840078005B
:10BCD8001306D400930CBAFF651AEFF06FE0420A1E
:10BCE800416B2A898144135A0A01138CC19E978992
:10BCF800FF1F938929567D1B6302090463D09405AD
:10BD08008348440083260C000356C10003552400D1
:10BD1800528881471387419ECA85EFF0BFB215C587
:10BD2800814A0356C1008355A4004A859306E10061
:10BD3800EFF03FA52A89639D0A065DFDE5E083577C
:10BD4800840029452390FB0081A00356040183D772
:10BD5800419EE317F6FC83250C0048489750FF1FC7
:10BD6800E780A0D555DD83A74900A1E3035524004A
:10BD7800454781465A869D45EFE06FE41DE18357AC
:10BD8800840045452390FB00F2506254D254425936
:10BD9800B259225A925A025BF24B624CD24C216140
:10BDA80082809787FF1F23A9A74A835AA90095BFB6
:10BDB80083A74900A69723805701938714001397F8
:10BDC800070183A74900418393DA8A00BA97238041
:10BDD80057011387240083A649009387340042073C
:10BDE80091044183C207C204C183C180369711CD33
:10BDF8008356E1002300D70003A74900BA970357E9
:10BE0800E10021832380E700C5BDFD562300D7004C
:10BE180003A74900BA972380D7000DB7035524001C
:10BE280089809785FF1F9385E5429787FF1F239396
:10BE38009742EFF0303A29D95945B9B7411122C490
:10BE480006C693F705012A84328585C3EFE05FD1E2
:10BE5800AA8505462285EF20E07D95476305F50014
:10BE6800BD47631DF502214515A893F7450099CBF9
:10BE7800EFE01FCF0546AA8522852244B240410142
:10BE88006F20407B93F7050489C7EFE07FCD01461B
:10BE9800DDB713F51500133515000605B240224429
:10BEA8004101828079714AD04ECE52CC06D622D436
:10BEB80026D22A8AAE89014983D749006364F900EA
:10BEC8000145A1A083A709001314190093041400C5
:10BED8003387970003470700A29703C50700220787
:10BEE8009305E100598DEFE09FF805E983A7090064
:10BEF80005453E94034704002380E70083A7090013
:10BF0800BE9403C70400A380E700B25022549254A1
:10BF18000259F249624A4561828083458500035689
:10BF2800E1005285EFF09FF105C183A709003E9417
:10BF3800034704002380E70083A70900BE9403C7D2
:10BF48000400A380E700D1B7050942091359090184
:10BF5800A5B7011122CC2A8403D505009305E10079
:10BF680006CEEFE0DFF001CD834585000356E10002
:10BF78002285EFF0BFECF2406244056182800545FE
:10BF8800DDBF397126DAAA840355250006DE22DCD6
:10BF98004ED652D456D25AD05ECE62CC66CA6AC841
:10BFA8002E8A4AD8EFF0206FAA8A83C6C40083D5A8
:10BFB800A40003D58400138CAAFF78001386D4004C
:10BFC800EFF00FB2420CC16CAA890144135C0C015A
:10BFD800138B419E938BC19EFD1CED1A178DFF1F7D
:10BFE800130D4D27638D09180356C10083C58900B9
:10BFF80003D52400EFF09FE42A89631D051683C842
:10C00800440083A60B000356C10003D524006288B0
:10C0180081471387419ECE85EFF0DF822A89631B13
:10C02800051439C003D7419E11079787FF1F83D78F
:10C0380087226395E700A29763C057099787FF1F78
:10C0480083D767213354F40203D524009785FF1F53
:10C05800938545209787FF1F239E871EEFF0103595
:10C068002A890DC559491DA003D524004947814691
:10C078006686C545EFE0AFB49787FF1F23AEA71CC0
:10C088000DE583D7A90045492310FA00F250625400
:10C098004A85D2544259B259225A925A025BF24BFB
:10C0A800624CD24C424D2161828083570B0091072C
:10C0B8001787FF1F2311F71A83274D0003D7A900FD
:10C0C8009306E100A2972380E700930714001397D3
:10C0D800070183274D0041834E85BA9703D7A900EE
:10C0E80021832380E7000356C10083D5A400EFF025
:10C0F8004FE983264D00130724000356E100420749
:10C10800418336972300C70003274D009307340067
:10C11800C207C183BA970357E100AA891104218392
:10C128002380E70003254D004204418003D6419E49
:10C1380083A50B002295639509029750FF1FE7809E
:10C14800C08E83570B003E9442044180E31804EEEE
:10C1580083D784002310FA00E31A09F229493DB76E
:10C168009750FF1FE780608C83570B003E94420472
:10C1780041808DBD83D7A9002310FA00C1BF0149B2
:10C18800F1B75D71A6C2CAC0AA84035985000355D8
:10C198002500A2C44EDE56DA5AD85ED662D466D2DC
:10C1A8006AD086C652DC6ECE2E8BEFF0C04E930B53
:10C1B800D5FF7115931905010144138DD40093D946
:10C1C8000901138C419E938CC19E978AFF1F938A05
:10C1D8006A086358741583C6C40083D5A40013077E
:10C1E800E1006A864A85EFF0AF8FAA8D630B0512CE
:10C1F8000359A500834585000356E10003D52400B3
:10C20800EFF0DFC36314051283C8440083A60C0053
:10C218000356E10003D524004E8881471387419EC9
:10C22800EE85EFF02FE2631305101DCC83D7419EF6
:10C238001787FF1F035727028907630EF70697879B
:10C24800FF1F83D747013354F40203D52400978591
:10C25800FF1F938525009787FF1F239D87FEEFF01B
:10C26800300105C5594515A003D5240041664D4741
:10C2780081467D16A545EFE08F949787FF1F23AD74
:10C28800A7FC1DE123102B014545B64026449644E2
:10C298000649F259625AD25A425BB25B225C925CFE
:10C2A800025DF24D6161828083570C008907178710
:10C2B800FF1F2312F7FA83D7419EA29763D377070C
:10C2C80083A74A0003D7AD00130A2400A29723804E
:10C2D800E70005049317040103A44A00C183420A36
:10C2E8003E9483D7AD0083A50C00135A0A01A1839D
:10C2F8002300F40003A54A0003D6419E52959740B7
:10C30800FF1FE780807203540C00C167FD17529429
:10C3180042044180E30FF9EA05094209135909016A
:10C328004DBD294509FC23102B0185B76DDC01BFE4
:10C338008357050081E789473E858280411126C2DF
:10C34800444122C406C683C60400D0402A848945D5
:10C3580017A5010013050596EFF0E01F19C98347DB
:10C3680024002547E51793F7F70F6376F702E147AF
:10C3780029A883C60400D040894517A501001305E4
:10C38800E593EFF0401D61FD8947B2402244924495
:10C398003E854101828083D641868547FDD6035775
:10C3A80004003697C166E3C2E6FE91659385257061
:10C3B80031459750FF1FE7808040AA84CD4771D54B
:10C3C800314681459740FF1FE780A06983570400E5
:10C3D80083D5418601460147B386E500C206C1827E
:10C3E8006369F702AE97C207C18319C22392F18627
:10C3F80023A004002146A285138544009740FF1F0F
:10C40800E780A0629387019F9C4391EF23A8919EA8
:10C4180031A850401315470005072A962315D60062
:10C4280005465DBFBA87984375FF84C38147B1BF8E
:10C43800011106CE22CC26CA4AC809E98944F2402D
:10C44800624426854249D244056182802AC62A84EC
:10C45800280036892314B1002305C100EFF05FEDF1
:10C46800AA8471FDE30D09FC8357A400E1DB916503
:10C478009385557031459750FF1FE78040340DC5AF
:10C488008357A40023200500232425012312F50047
:10C498009387C19F9C4389E723AEA19E4DB7BA8776
:10C4A800984375FF88C361BFCD4451BF83C7619E60
:10C4B80095E385472383F19E058909CD9766FF1F7C
:10C4C8009386060A414691451765FF1F13054505E2
:10C4D8006FF01FF601458280A38CA1848280C1671A
:10C4E800FD176315F5002E856FE06FA3411106C691
:10C4F800EFE0EF9C11C5FD572310F500230105005F
:10C50800B2404101828001114AC806CE22CC26CA17
:10C5180085472A896393F5044A85EFE0AFCC39E96A
:10C52800C1649385F4FF1307E1008946179601005B
:10C53800130686760545EFE0BFDA2A84FD140DC49C
:10C548004C444A85EFF0BFF90356E1002285814645
:10C55800A685EFF00FA32A84DDB789476396F50017
:10C568008545EF20802C4DD9F2406244D24442499F
:10C5780005618280EFE00FC265B7411106C623AAA4
:10C58800019E23AC019E23A4019E1785FF1F03452E
:10C59800F5D541CD9307200C3305F50291659385B8
:10C5A80015701905420541819750FF1FE78020212A
:10C5B80023AAA19E9307200C1786FF1F034616D3B4
:10C5C8003306F602814519069740FF1FE780604948
:10C5D8009387419F9C431787FF1F034737D18145A6
:10C5E8009386870B7D5563E8E5069306800BB306B3
:10C5F800D7020146FD550507B69723ACF19EBE86C6
:10C608002390B600A381B6002381B60023820600DA
:10C6180005069906E366E6FEF9562390D700994683
:10C628003307D702BA9723A4F19E17E5FFFF130536
:10C63800C565EFD0DFD217F5FFFF13050581EFE0E1
:10C64800307817E5FFFF1305C55AEF204015B240B3
:10C658000145410182802394A6F41386C6F4231071
:10C668000600232406003106E31BD6FE85059386C3
:10C67800860B95BF411122C42A8406C6EFD04FF518
:10C68800EFE02F8C238C81849387819E8843EFE091
:10C698000F89238381862244B240170500001305C1
:10C6A800C5E641016F20A00F93970501C18763D0AC
:10C6B8000736797103C5818522D452CC06D626D295
:10C6C8004AD04ECE2E8AEF804FE12A8421C90347F3
:10C6D80005009307000B6310F7048547A304F100D6
:10C6E8009387C19E9C4323150100A1E7EF00C07DFD
:10C6F8009165938535709750FF1FE780400C23A6FE
:10C70800A19E05E98347910099C783454400130515
:10C718008400EFD09FE22285EF800FD5B2502254DB
:10C7280021653345AA0092540259F249624A45618B
:10C738008280614681451785FF1F1305A5B1974083
:10C74800FF1FE78000320349440089479789FF1F8C
:10C75800938949B0631DF906EF0000779787FF1F9B
:10C76800239AA7AE03552400CE85EFF06015035732
:10C7780024009787FF1F83D7E7AD8356840011ED08
:10C7880063E4F6002314F400835584003A85EFD05F
:10C798007FBD2285EFD05FB4B5B763E4F6002314FC
:10C7A800F40083578400D9450D469786FF1F2393CD
:10C7B800F6AA9786FF1F9386E6A93A85EFD0DFB4DD
:10C7C8008D4561D91785FF1F1305C5A8E1A09947B5
:10C7D800631CF9029305A1002285EFF02FCCAA84EF
:10C7E8004DD9D947639BF40E0509035524001379E5
:10C7F800F90FD9459786FF1F9386C6A54A86EFD0BD
:10C80800BFB0CA8559D57DBFA1476318F900930504
:10C81800A1002285EFF0FF96D9B7A947631FF90653
:10C82800035584006C00EFE08FE4AA8463070516C3
:10C838000355240041669306E10055477D16AD4532
:10C84800EFD0FFB79787FF1F23A8A7A0AA8649C1E3
:10C85800834844000358E1000356C10003552400EF
:10C86800A68581474E87EFE0FFFDAA846316051071
:10C8780003552400CE85EFF08025E30C05F0035521
:10C888002400CE862D46D945EFD01FA8E30305F036
:10C89800AD454E85EFD07FCAEDBDB1476315F910A0
:10C8A800035584006C00EFE08FDCAA846307050E53
:10C8B8000355240041669306E10059477D16B545A6
:10C8C800EFD0FFAF9787FF1F23A8A798AA863DE15F
:10C8D80083578400C5442315F10003471400D1474A
:10C8E800E309F7EA83474400035524009785FF1FAF
:10C8F800938545961787FF1F230EF7948357A1004A
:10C908001787FF1F2319F7949787FF1F238697948C
:10C91800EFE0506AE30F05E6035524009786FF1FF2
:10C92800938646930546D945EFD01F9EE30305E657
:10C93800854549BD834844000358E1008357A40056
:10C948000356C10003552400A6854E87EFE09FEFEC
:10C95800AA841DE103552400CE85EFF0001DE30AEB
:10C9680005E203552400D945CE863546EFD0DF9938
:10C97800B545E30005E2B9B5D9476393F4008144AE
:10C9880003A549009750FF1FE780C0EFE38304E049
:10C99800835784002315F10089B7835784008544A1
:10C9A8002315F1001DBFB9476318F9009305A100CD
:10C9B8002285EFF0CF9725B5C1476318F900930595
:10C9C800A1002285EFF0EFDB19BDC947631AF90012
:10C9D800130691009305A1002285EFE02FFB01B516
:10C9E800D947631DF9009305A1002285EFE02FE9DF
:10C9F800AA84E31805DEA304010061BBE147E31A3A
:10CA0800F9D89305A1002285EFE08FD5C9BB014570
:10CA18008280F9CA011152C42E8A854522CC4EC69D
:10CA280056C206CE26CA4AC8AA8AB6893284EF10E8
:10CA3800D05FD14715C183C781A083C691A0814427
:10CA480019E0B684BE86138701A018439397440063
:10CA5800BA9763EDD400D547F2406244D2444249C4
:10CA6800B249224A924A3E85056182803E89C107C1
:10CA780003D727FF09C7850493F4F40FD9BF39CC2E
:10CA88009565938525C0130500029750FF1FE78021
:10CA980000D32326A90061D113060002814593849F
:10CAA80004049740FF1FE780C0FB2311990023006F
:10CAB80009002313590115C4138701A18347940062
:10CAC80010432304F900118C8327C90011841180B5
:10CAD800238E870023A029018147BDBF2326090093
:10CAE800F9B723044901FDB785473E8582809387BE
:10CAF80001A0984383C581A081476395F5008146CD
:10CB08003685828003562700BA8619C2E30AA6FE34
:10CB1800850793F7F70F4107CDB7938701A098438F
:10CB280003C681A081476315F60081463685828059
:10CB380083552700BA8689C583454700E388A5FE43
:10CB4800850793F7F70F4107F9BF938701A198432A
:10CB580083C5B1A081476395F500814636858280FB
:10CB680003560700BA8619C2E30AA6FE850793F79B
:10CB7800F70F4107CDB7938701A09C4303C891A045
:10CB880001476315E80081463685828003D6270071
:10CB9800BE8619CA03D667006318A600D04709C61F
:10CBA80003562600E302B6FE05071377F70FC10701
:10CBB800C9BF411122C4404526C206C6AA8415C071
:10CBC800484409C59750FF1FE780C0CB484809C5AE
:10CBD8009750FF1FE78000CB22859750FF1FE78003
:10CBE80060CA2685414681459740FF1FE78060E778
:10CBF800B2402244FD57A384F4009244410182804C
:10CC0800011122CC2A840355250006CE2EC6EF102A
:10CC1800700C324622858145EF00106922856244F6
:10CC2800F24005616FF0FFF80DC50357250041116B
:10CC380022C406C62A8411CBDD45EF00D06A2285BE
:10CC48002244B24041016FF0DFF6B2402244410174
:10CC580082808280411126C231479304C5FF338701
:10CC6800E4029777FF1F9387676006C622C43E9742
:10CC78008356A7006397B602484305C53E849307C9
:10CC8800F00F6306F60083470500639CC7009750C2
:10CC9800FF1FE78020BFB147B387F402A29723A202
:10CCA8000700B2402244924441018280411122C4CB
:10CCB8002E8426C24946AA848145228506C6974005
:10CCC800FF1FE78000DAB9CC83C7C4011397470078
:10CCD800938701A19C43BA9703D707002310E40068
:10CCE80003D7270083D767002311E400138761A0C7
:10CCF800035707002312E40003D704002313E400BA
:10CD080003D724002314E40003D744002315E400C8
:10CD180003D764002316E40003D784002318F40023
:10CD28002317E400B2402244924441018280938751
:10CD380001A103A80700938701A0904383C581A0A0
:10CD4800014781476394E5003E858280834606005B
:10CD580081CE544691CA83C6C6019206C29663150F
:10CD6800D500850793F7F70F05071377F70F4106E7
:10CD7800D1BF130600643386C50293069500AA85C1
:10CD880017050000130585EA6F808FCF411122C473
:10CD980006C62A8403459500EF80EFE1FD57A304FA
:10CDA800F400B240224441018280011122CC4AC8D9
:10CDB8004EC652C456C206CE26CA2A89AE89014436
:10CDC800138A01A09D4A83C791A06362F404639704
:10CDD8000902938901A0130AF00F83C781A0636633
:10CDE800F4061144A1442285050442041306F00FF9
:10CDF800CA854180EFF01FE6E31794FEF2406244D3
:10CE0800D2444249B249224A924A05618280832724
:10CE18000A0093144400BE9483C704009DC383D7BB
:10CE28006400639027036396590103D52400EF102B
:10CE3800606A26854E868145EF0010472685EFF00B
:10CE48005FD705041374F40FBDBF83A709009314BB
:10CE58004400BE9483C704009DC383C794006380C5
:10CE6800470383D76400639C27012685EFF01FF2F0
:10CE78002685D145EF0030472685EFF09FD305047E
:10CE88001374F40F99BF41677917630BE5024111D9
:10CE980022C406C685472A846399F5002285224460
:10CEA800B240814541016FF05FF089476396F50014
:10CEB8008545EF1090177DD1B24022444101828010
:10CEC80082809D456FF07FEE03D561A082800111BD
:10CED80006CE2317A1002316B10003C741A085473A
:10CEE8006318F70070009305E1000545EF50D01670
:10CEF800F24005618280A947631CF60483C71500C8
:10CF080003C70500A207D98F2310F50083C7350092
:10CF180003C72500A207D98F2311F50083C7550041
:10CF280003C74500A207D98F2312F50083C77500F0
:10CF380003C76500A207D98F2313F50083C795009F
:10CF480003C78500A207D98F2314F5000145828005
:10CF58000545828091476314F60283C7150003C70D
:10CF68000500A207D98F2310F50083C7350003C732
:10CF78002500A207D98F2311F500014582800545B8
:10CF880082809387C5FF93960701C1820D4763602E
:10CF9800D70231473387E7029777FF1F9387072D1B
:10CFA800BA972381A7002390B700014582800945DD
:10CFB800828013074020AA876374A7009307402044
:10CFC800F1172393F1A02385B1A02386B1A0828015
:10CFD8001905956542054111938535C0418106C6FD
:10CFE8009740FF1FE780A07D11C5B240E955410178
:10CFF8006FE0C04BB24041018280238401A02385A9
:10D0080001A0A38501A0A38401A0238201A08547D4
:10D018000111A382F1A006CE2AC622CC238D01A03D
:10D02800239301A023A001A0EF10C053324513069B
:10D0380000038145238AA1A01775FF1F1305052347
:10D048009740FF1FE780E0A103C581A105CD956545
:10D05800938545C012059740FF1FE780407623A8B7
:10D06800A1A00DC1938781A183C7170003C681A121
:10D078008145A384F1A0A385C1A012069740FF1F94
:10D08800E780209E938791A083C707001775FF1F2D
:10D098000345C52595653E951375F50F2384A1A015
:10D0A800938555C012059740FF1FE780407123A064
:10D0B800A1A041C103C681A0120681459740FF1F68
:10D0C800E780209A938701A0984383C681A081476F
:10D0D80025077D566398F604EF10C06BB1473305FA
:10D0E800F5029565938565C0420541819740FF1F0C
:10D0F800E780E06C23AEA1A02A8401CDEF108069FF
:10D1080031463306C502814522859740FF1FE780D7
:10D1180040956244F24017050000130505D70561E4
:10D128006F10E06785072300C70093F7F70F4107E3
:10D1380055B7238401A0A38401A079BF4111939717
:10D14800050126C206C622C4C187AE8463DA070871
:10D1580003C541A1EF707FB82A8429C90347050098
:10D16800930700096311F70403471500CD476317B8
:10D17800F706034525009775FF1F83C595F883C7F4
:10D18800A1A093066400014601472E886317E502B3
:10D1980019C22385F1A083C7A1A091C7854503C5FE
:10D1A80041A1EF709FE42285EF701FAC2165258DAA
:10D1B800B240224492444101828003C60600B297DD
:10D1C80013F6F70F9377F80F6374B6009377F60F9B
:10D1D80005071377F70F890605464DBF0125E1B707
:10D1E80093F715000145E9D7EF00106C09C983C70B
:10D1F800A1A091C7854503C541A1EF701FDF13C5E5
:10D2080014007DB785462A8763FBC60483C71500CB
:10D2180003C60500A207D18F2310F500639CD70031
:10D2280083C7350083C62500A207D58F2311F500D3
:10D2380001458280894601456394D70283C735003A
:10D2480083C62500A207D58F2311F70083C7550091
:10D2580083C64500A207D58F2312F70082800545B3
:10D26800828091476314F60283C7150003C705003F
:10D27800A207D98F2310F50083C7350003C72500FF
:10D28800A207D98F2311F5000145828005458280C8
:10D2980091476314F60283C7150003C70500A20768
:10D2A800D98F2310F50083C7350003C72500A207CF
:10D2B800D98F2311F5000145828005458280A14759
:10D2C8006314F60483C7150003C70500A207D98FA6
:10D2D8002310F50083C7350003C72500A207D98F9F
:10D2E8002311F50083C7550003C74500A207D98F4E
:10D2F8002312F50083C7750003C76500A207D98FFD
:10D308002313F50001458280054582808947631C07
:10D31800F60083C7150003C70500A207D98F23109D
:10D32800F500014582800545828083572600797182
:10D338004ECE06D622D426D24AD01307F007AE899D
:10D348006372F70209473AC42316F100300093F5D7
:10D35800F50FEF100017B250225492540259F249B7
:10D368004561828003574600D9462A89328463F88A
:10D37800E6008357660063F4F6006379F700231428
:10D388000100300093F5F90F4A85E1B7035506000F
:10D3980002C4EFF08FFBAA8459C1EFF05F9983C7ED
:10D3A80084006369F5001146A246CE854A85EF10D0
:10D3B800E00655B7340026869305F00F4A85EFF04E
:10D3C8004FE575F1A24703578400DC472390E70037
:10D3D800035724002391E700035744002392E700F2
:10D3E800035764002393E70003D744002394E7001E
:10D3F800DC4485CB93F4F90F2286A6854A8582976B
:10D40800C167FD172A86E311F5FA22459947F945C0
:10D418002300F50023029500EFF0BF952DBF0946C4
:10D4280061B7014651B7A947631CF60483C71500C5
:10D4380003C70500A207D98F2310F50083C735005D
:10D4480003C72500A207D98F2311F50083C755000C
:10D4580003C74500A207D98F2312F50083C77500BB
:10D4680003C76500A207D98F2313F50083C795006A
:10D4780003C78500A207D98F2314F50001458280D0
:10D488000545828083C705002300F50083C7150082
:10D49800A300F50083C7350003C72500A207D98F6D
:10D4A8002311F50082802322050003C74500894720
:10D4B8006304F7000545828083D665000D47E37B4A
:10D4C800D7FE9C45011106CE22CC26CA4AC84EC6B4
:10D4D80083C4170003C60700A204D18C1386440036
:10D4E8006311D60403C4370083C72700AE8922041A
:10D4F8005D8C9307C4FFC207C1832A89636FF70055
:10D5080003A589002311990023108900F155EFD054
:10D51800F0792322A900014531A02285EFF02FDD03
:10D5280065F10545F2406244D2444249B249056179
:10D538008280397122DC2E84834704004AD806DEB3
:10D5480026DA4ED619472A89B285639AE706034632
:10D5580024002800EFF0FFD0AA8415E903558100C4
:10D56800EFF0EFD8AA898345140015C92E8617173E
:10D578000000130767E834009D454A85EF00903E98
:10D588004E85094681450D234E85EFF08FE2F25016
:10D59800625426854259D254B25921618280894702
:10D5A8002310F100835781000A862311F100835765
:10D5B800A1002312F1004A85EF00B070C9BF4947A6
:10D5C800639DE702035624002800EFF05FCFAA848A
:10D5D8005DFD9777FF1F83D727CA99E3814445BF2D
:10D5E80003471400834604003C000146CA851775AA
:10D5F800FF1F034585C8352E59BF51476390E70281
:10D60800035624002800EFF01F8FAA8449F18345B0
:10D61800140030004A85EFF05FD195BF5947639FEA
:10D62800E704035624002800EFF0DF92AA8425F1CE
:10D63800835581004A85EFF00FD41DC558458356A0
:10D64800A10083570700B697C207C1832310F700CC
:10D65800D1D75C47C1D783C7A1A0C9D3854503C526
:10D6680041A1EF709F9825B789473EC08357810035
:10D678000A86834514002312F10035BF8345140040
:10D688000A8623100100EF00D06389BF5D71A6C22E
:10D6980056DA86C6A2C4CAC04EDE52DCAA8A03C5C0
:10D6A8001500AE8432C6EFF04FC7B24501ED814494
:10D6B800B6402644268506499644F259625AD25AFB
:10D6C80061618280230205002311050083C90400DB
:10D6D80085472A84639AF90003C624002808EFF0D6
:10D6E8007FB2AA8405492DA09D476394F904034796
:10D6F80005008D47E31DF7FA03C6240028080549ED
:10D70800EFF01FB9AA8409E5054681452285692EEF
:10D718002285EFF0AFE7034584003C080147CE8639
:10D728002686D6853924E30509F82285EFF06FC8E7
:10D7380041B7CD47639DF900034705009147E318BA
:10D74800F7F603C624002808EFF05FBC59BFD54799
:10D75800E39FF9F4034A05008947E31AFAF403C67C
:10D76800240028080549EFF01FCCAA8455F18357F7
:10D778000102BDE3035781011306F0035C449306DD
:10D7880007FCC206C182636CD6000356A101D946C4
:10D7980063F7C6008356C101D94563EFD500035529
:10D7A80024002391E7000549EF00D05203560102F7
:10D7B800D2852285612CA9BF8355E1012391E70019
:10D7C8002392C7002390B7002393D70085472300EF
:10D7D800F400014A0149D9BF014AC9BF7971AA8534
:10D7E80022D426D203542500AA84280806D6EFF0AE
:10D7F8009FCBF24599E535E985452285EFF02FED78
:10D80800C1A0835781011547639BE7060357A10110
:10D818008D4763FCE7046800EFF0DFC60357E100BB
:10D82800DD4763FCE7008345D100B707170085078C
:10D83800100822853EC8EF00D0488357E1000357FF
:10D84800A10191076305F7002285EFF08FE7834771
:10D85800C10072466C00858B1106228591CFEFF0CE
:10D86800FFE201C52285EFF0CFE5884451D5974006
:10D87800FF1FE780200149B7EFF0BFCBDDB71147A5
:10D888006389E7001387A7FF42074183854663EE54
:10D89800E6023147F117B387E7021777FF1F13072F
:10D8A800E79CBA9703D7070069D303C52700300858
:10D8B800A2850D205DF9035781019147E31EF7F218
:10D8C800B25022549254456182802C082285B92690
:10D8D80049FDFDB701114AC82A89314526CA06CE35
:10D8E80022CC2EC6B284EF70EFBA31C1B24593078D
:10D8F800000A2310F5002311B5002A8421461105DA
:10D908008DC0A6859730FF1FE7802012A2854A8523
:10D91800EF702FC30145F2406244D2444249056189
:10D92800828081459730FF1FE780A013C5B7054562
:10D93800DDB7797126D2AA841305000206D622D44F
:10D948002ECE32CC36CA3AC83EC6EF70AFB431C913
:10D958006246F2454247D246B2472A84130520FA66
:10D968002300A400A300C4002311B4002302E40090
:10D97800A302D40013058400614691CFBE85973079
:10D98800FF1FE780800AA2852254B2502685925450
:10D9980045616F700FBB81459730FF1FE780600CB2
:10D9A800DDB7B2502254925445618280584579714E
:10D9B80022D406D62A84AE8641C383572700231D66
:10D9C800F10093072006639FF504938761A003D6AF
:10D9D8000700835767006373F600B28713F6F70FE3
:10D9E80083552701834707018D8F93F7F70F81E54B
:10D9F800890793F7F70FB297FD17B3C7C702231E1E
:10DA0800F100835724008355640003458400231CD8
:10DA1800F10001473C080146EFF0BFF1B250225433
:10DA2800456182800347C701938701A19C43120780
:10DA3800BA9783D76700E1B72EC6194681452808EB
:10DA48009730FF1FE780E001B24665BF797122D4A5
:10DA580006D626D22A848DC181470147930600063F
:10DA68002E868355640003458400EFF09FECB25086
:10DA78002254925445618280B284280059469730D6
:10DA8800FF1FE78000FE2314910089E883572400D4
:10DA980048446C002315F100EFF04FA13C0001470A
:10DAA80093060006014675BF797106D6814799ED40
:10DAB8008357250058452316C1002314F1003C0064
:10DAC80011C7835727002315F1003C002E86835584
:10DAD800650003458500014793060006EFF07FE5E2
:10DAE800B25045618280411122C406C683470500B1
:10DAF80011472A846395E7022E86835565000345FE
:10DB0800850081470147CD46EFF0BFE2494683557E
:10DB180064002244B240154541016FF0AF9313F7FA
:10DB2800B70F89466317D7000146EFF03FF2514619
:10DB3800F9BF0D476398E7002244B240014641010E
:10DB48006FF09FF6B24022444101828083D70500DE
:10DB58003147F1173387E7029767FF1F93870771EC
:10DB6800BA97D84319EBD8412395A7000145D8C3E4
:10DB780003D725002394E700828059458280797174
:10DB880022D4404526D24AD006D6AA842E8925C05A
:10DB9800484419C59740FF1FE780C0CE23260400DC
:10DBA8008357040083D5640003C584002315F1005E
:10DBB800835724000147930640062316F100835734
:10DBC80084004A862317F1001C483EC883D72400E6
:10DBD8002314F1003C00EFF0DFD5A30E2401232825
:10DBE8000400B250225492540259456182802800A0
:10DBF800314681459730FF1FE780A0E683D7240090
:10DC080083D5640003C584002314F10001473C0058
:10DC1800930640064A86EFF0DFD1E1B7797152CC1E
:10DC28002A8A03D5050026D206D622D44AD04ECE5B
:10DC380056CAAE84EFE0BFEB19E18547BDA8404561
:10DC4800AA8965DC83576500E39947FF83578400F9
:10DC5800638707128346C401938A01A103A70A00B8
:10DC68009206FD173697C20703576700C18323142E
:10DC7800F4006316F70093053006EFF03FD35C48D5
:10DC8800A5EFC840034915008347050022093369F9
:10DC9800F90083D7240013072900631AF702F955FE
:10DCA800EFD0D000C8C02391240103C5890026867F
:10DCB800D285EFF03FC2814721E1B25022549254FD
:10DCC8000259F249624AD24A3E8545618280956589
:10DCD800938515C04A859740FF1FE78040AE48C826
:10DCE800C840231C2401F955EFD0407C83D7240079
:10DCF800C8C0F9172391F400484859C503D6240031
:10DD08008356A401835784013308D60063C00709EA
:10DD18000347C40183A70A0095451207BA9783D71A
:10DD2800270063CF0705CC4036959730FF1FE78063
:10DD3800C0CF0357A40183D72400BA97C20703575B
:10DD48008401C183231DF400E399E7EE03D729007A
:10DD580003C5890030002314E1005848D2852315F3
:10DD6800F1003AC6EFF01FB711C548489740FF1FAA
:10DD7800E78040B1232A0400232C04007DBD994587
:10DD88004E85EFE0FFE755BDA545DDBF9145CDBF09
:10DD980003D7250079CB83D661A0ED4763E8E60C6D
:10DDA800011122CC2E8426CAAA844840914506CE69
:10DDB800EFD0C06F83572400AA862300F50083574D
:10DDC8002400A183A300F500835704002301F50074
:10DDD80083570400A183A301F50003562400C167FB
:10DDE800F9171106420641826394F4042AC43145A6
:10DDF80032C6EF603FEAAA85CD470DC5930700F903
:10DE08003246A2462300F500F9572311F500894749
:10DE18002302F5002313C50014C503C541A1EF6013
:10DE28005FF28147F2406244D2443E8505618280B8
:10DE380081452685EF40B02FAA8701E903C7A1A035
:10DE480075D37D172385E1A0F1BF09476302E50279
:10DE58001D476301E50249476300E5027D47E31377
:10DE6800E5FC03C7A1A08147E1BFED473E8582805D
:10DE7800D1474DBF91477DB789476DB7011122CC76
:10DE88004AC831441309C5FF330489029767FF1F45
:10DE98009387C73D06CE26CA3E94584031C783C6ED
:10DEA800A1A0BE84854795CA2314A1008357840086
:10DEB8000355A4002C003AC62315F100EFF05FEDDE
:10DEC80011C548409740FF1FE780C09BB147B30783
:10DED800F902A69723A207008547F2406244D2447C
:10DEE80042493E85056182808147C5BF797126D246
:10DEF8004445138761A04AD083D7640003590700BB
:10DF080052CC06D622D44ECE56CA2A8A63F32701AB
:10DF18003E8903D7240142091359090183D7040113
:10DF280041CB998F4A8463D5270113940701418017
:10DF380089452285EFF0CF89AA89CD4A25C183D7A3
:10DF480024002AC6231581002314F10083D7240155
:10DF580085E383D70401930925002300F50083D7BF
:10DF68000401A183A300F5006376240503D404010A
:10DF780083D72401CC4422864E85BE959730FF1F57
:10DF8800E780A0AA03556A002C00EFF07FE0AA8A78
:10DF980015C54E859740FF1FE780C08EB2502254AA
:10DFA800568592540259F249624AD24A45618280A2
:10DFB80089078DBF7914420441805DBF03D72401CE
:10DFC80083D704003A94FD17C207420403D704011B
:10DFD800C18341802390F400239984006377E4008F
:10DFE800D5FFFD57A38EF40055BF81455285EFF04C
:10DFF8001FB96DB701114EC683C9A1A122CC52C465
:10E0080056C25AC006CE26CA4AC84E84138A01A0F0
:10E01800854A130BF00F83270A0093144400BE941B
:10E0280003C9040063175907DC44A5C7D84735C39B
:10E0380003D7070039C383C7A1A089CF2685EFF08E
:10E04800FFEAAA8515E5050483C791A0635FF4007C
:10E05800238D81A0F24062444A85D2444249B249A4
:10E06800224A924A024B05618280238D01A0DDB7C6
:10E078002685EFF0DFB00149F1BF83C7D701639A66
:10E088006701930520062685EFF05F92DC44A38E96
:10E09800070005041374F40F83C791A06363F400A9
:10E0A8000144E31A34F7C1BF4111154506C6EFF024
:10E0B800FFDC09C50545B240410182801945EFF0F2
:10E0C800FFDB6DF91145EFF07FDB6DF51D45EFF0D6
:10E0D800FFDA6DF183C791A0F9DFB24041016FF01B
:10E0E8007FF183D705000D47F117C207C18363612C
:10E0F800F706DC41B1CF411122C42E84854526C2E2
:10E1080006C6AA841D2739C526858125C167F91742
:10E11800638FF40009ED8357240091CB83560400E4
:10E128001947639FE60203D761A063FBE70283C731
:10E13800A1A0A285268599C72244B24092444101F4
:10E148006FF01FC52244B240924441016FF01FA0F6
:10E15800094582805145B24022449244410182805F
:10E168006D45D5BF397126DA4ED6AA84AE895D458C
:10E1780089454AD806DE22DC328936C63AC4EFE041
:10E188003FE525C522472A84014511C7B246130534
:10E198004400B68502979357850023003401A300F5
:10E1A80024012301A400A301F40011059547231DB0
:10E1B800A100231CF10022CE83C7A1A02C0826852C
:10E1C80095C3EFF0FFBCAA8411C522859730FF1FC5
:10E1D800E780406BF250625426854259D254B259B6
:10E1E80021618280EFF09F96F9BFCD44E5B7797140
:10E1F80026D24AD052CC56CA06D6BA8A22D44ECE95
:10E2080019472E89B284368A639BE5060355260092
:10E218000944EFE0DF8D2AC63DC95C458359650096
:10E2280083D727002390F400B2471547238057016E
:10E2380003C651A02391E700130716001377F70FC1
:10E24800A382E1A02382C70001E70547A382E1A0DA
:10E258005147631AE90015472391E400DC4703D7C7
:10E2680084002394E7005287A686CA854E85EFF07E
:10E278007FEF2A84324515C4EFE0BF9309A8428690
:10E288007400BE85AA89EFE0CFF82A8451DD228583
:10E29800B250225492540259F249624AD24A456114
:10E2A8008280F945EFE0FFACDDB783D70500230096
:10E2B800F50083D70500A183A300F50083D72500C7
:10E2C8002301F50083D72500A183A301F50011459B
:10E2D800828083D705002300F50083D70500A1833A
:10E2E800A300F50083D725002301F50083D7250077
:10E2F800A183A301F50083D745002302F50083D746
:10E308004500A183A302F50083D765002303F50028
:10E3180083D76500A183A303F5002145828083D7B5
:10E3280005002300F50083D70500A183A300F500AD
:10E338000945828083D705002300F50083D70500AF
:10E34800A183A300F50083D725002301F50083D717
:10E358002500A183A301F50083D745002302F5001A
:10E3680083D74500A183A302F50083D76500230363
:10E37800F50083D76500A183A303F50083D7850043
:10E388002304F50083D78500A183A304F50029455C
:10E39800828003D705008546AA872300E50003D7B6
:10E3A80005002183A300E50003D70500631DD700FE
:10E3B80003D725002301E50003D725002183A30106
:10E3C800E5001145828009456315A70203D725009A
:10E3D80019452381E70003D725002183A381E7009E
:10E3E80003D745002382E70003D745002183A38292
:10E3F800E700828083D705002300F50083D7050056
:10E40800A183A300F50083D725002301F50083D756
:10E418002500A183A301F50011458280797126D2D8
:10E428004AD04ECEB2842A89AE8929468145480011
:10E4380022D406D636849720FF1FE78080622316F1
:10E44800910085EC835724002312F100938761A083
:10E4580083D707002314F1005C4485C383C6C70132
:10E46800138701A11843920683D78700369703576D
:10E4780027002315F1002313E1004A851707000040
:10E48800130787EB540013F6F90FD545EFF09FCD2E
:10E498002A8911C19DE085472300F4002302040066
:10E4A800014681452285EFF06FDAB25022544A8541
:10E4B80092540259F249456182802285EFE06FEF5C
:10E4C800EDB7B286170700001307E7EC2E868545DF
:10E4D8006FF05FC901112317A10041657000014861
:10E4E8009307F00F0D4797060000938646DC994581
:10E4F8007D1506CEEFF0BFCFF24005618280B2876E
:10E5080001482E861147970600009386C6DCC94548
:10E518006FF0FFCDB28617070000130787E02E863D
:10E52800CD456FF03FC4011122CC26CA4AC84EC659
:10E5380006CE2A89AE891764FF1F130424D6976470
:10E54800FF1F9384A4D81C4081C7CE854A85829733
:10E558001104E31A94FEF2406244D2444249B2499B
:10E56800056182801765FF1F034535BA937735002B
:10E5780009811767FF1FA30BF7D6AA971767FF1F15
:10E588002306F7D6BDCF1305C0033385A702A565BB
:10E598004111850506C69730FF1FE780402223A05A
:10E5A800A1A29307C0031766FF1F034626D43306AC
:10E5B800F60281459720FF1FE780A04A938701A2B2
:10E5C8009C439766FF1F83C666D2014789077D561D
:10E5D800634FD700B2401306000381451765FF1F3C
:10E5E8001305C5CB41011723FF1F670083472390FD
:10E5F800C7002381070023A5070205079387C703E0
:10E60800C1BF8280938701A298431766FF1F034604
:10E61800E6CD81476315F600814636858280BA8645
:10E628001307C703835567FCE389A5FE850793F79E
:10E63800F70FCDB7011122CC2EC632C406CE2A84DC
:10E64800EFF05FFC2246B24511E9C167F917630391
:10E65800F4005145F2406244056182805455834775
:10E66800450095C213F7270141456314A7001545D6
:10E6780075F2C18B3D45F9DF83C7A6010145E3FB70
:10E68800B7FC3145C1BFC18B0145E9F71545D9B77D
:10E69800797126D2C16422D44AD04ECE52CC56CA01
:10E6A80006D62A890144938901A2130AC003FD14DE
:10E6B800854A9767FF1F83C767C36364F4000145F2
:10E6C80035A8B307440303A70900BA9703D727005F
:10E6D8006316970005041374F40FE1BF03C55700D0
:10E6E800300093856700EFB0C02F1946CA8528000F
:10E6F8009720FF1FE780603CE31E55FDB25022546F
:10E7080092540259F249624AD24A456182809387FB
:10E7180001A2C16698439765FF1F83C525BD814740
:10E72800FD166395F500014632858280035827005F
:10E738003A866306D80003480700E307A8FE850762
:10E7480093F7F70F1307C703E9BF411106C6EFF0A8
:10E758007FEB11C503554501B24041018280014557
:10E76800E5BF938701A298439766FF1F83C606B843
:10E778008147110701456393F6008280034607002D
:10E7880001C605051375F50F850793F7F70F1307EE
:10E79800C703D5B71765FF1F034545B582801767BF
:10E7A800FF1F1307A7AF8147BA8631460C4391E58F
:10E7B8008A07B69788C30145828085071107E397C2
:10E7C800C7FE4D458280411106C622C4EFF09FE383
:10E7D8001DCD2A84035525008545EFF0DFD4485424
:10E7E80009C59730FF1FE780E00922851306C0039B
:10E7F80081459720FF1FE780C026FD572311F400AD
:10E80800230204000145B2402244410182800945A7
:10E81800DDBF411106C6EFF0FFDE11C50345C50097
:10E82800B240410182800145E5BFC167F917630421
:10E83800F502411122C406C62E84EFF0BFDCAA8778
:10E84800014591C703C54700698C33358000B24044
:10E8580022444101828005458280011106CE2EC6E0
:10E86800EFF05FDA854711C903574501B24585477F
:10E878006305B700231AB5008147F2403E8505615C
:10E88800828031C901114AC8416922CC26CA4EC6C4
:10E8980052C406CE0144AA84938901A2130AC00374
:10E8A8007D199767FF1F83C767A4634AF400F24086
:10E8B8006244D2444249B249224A05618280330502
:10E8C800440383A709003E958357250063832701E6
:10E8D80082940504F9B78280938701A29C43C1669C
:10E8E8001766FF1F034686A0890701450147FD16E5
:10E8F80091456313E600828003D807006309D800B6
:10E9080003C8A7006315B80005051375F50F0507BB
:10E918001377F70F9387C703E9BF938701A294433F
:10E928001766FF1F0346869C0147910681476310BF
:10E93800E602858393C7F7FFC207C1830545636471
:10E94800E50285473395A70042054181828083C54A
:10E95800060081C583D5C602CD8F05071377F70F4B
:10E968009386C603E9B793F61700E1FE050585838C
:10E978001375F50FE9B7797156CAAA8A2E8526D27A
:10E988004AD04ECE52CC5AC85EC662C406D622D4ED
:10E99800AE84328B368CBA8B3E8AC2894689EFF0B8
:10E9A8007FC649E141657D15EFF0DFC52A845545ED
:10E9B80031CC1946DE8513056400A3028401972033
:10E9C800FF1FE78080068357010323119400230269
:10E9D80064012319F40083574103230054012326BB
:10E9E8000402231AF40023064401231734012318D0
:10E9F8002401EFF09FF22318A402232A040226859B
:10EA0800232C04028145EFF01FB20145B250225475
:10EA180092540259F249624AD24A424BB24B224CB2
:10EA2800456182804545DDB7938701A29843976683
:10EA3800FF1F83C6A68B81476395F60041657D1548
:10EA480082803A861307C703835547FF6395A5005D
:10EA5800035526008280850793F7F70FF1BF938748
:10EA680001A2944341661768FF1F0348288801479D
:10EA78007D16954811436314E8000145828083D7C9
:10EA8800260036856380C704CC5A8DCD83C73500F0
:10EA980083C5250089CD938597FD93F5F50FE37F11
:10EAA800B3FC9387D7FA93F7D70F89EF82809385C2
:10EAB800F7FD93F5F50FE3F3B8FC9387D7FA93F7CF
:10EAC800D70FCDDF05071377F70F9386C60365B712
:10EAD800938701A2416698439765FF1F83C5058107
:10EAE80081477D1625486394F50001458280835649
:10EAF80027003A85638CC600545B89CA83C63600F2
:10EB08009386E6FD93F6F60FE372D8FE850793F732
:10EB1800F70F1307C703C1BF011122CC2A84494547
:10EB280006CEEF800FB015C12AC62285EFF09FAD43
:10EB380009CD6244324683550503F2401755FF1F3D
:10EB48000345757A05616F602FE1F2406244056103
:10EB5800828039714ED652D4AE892A8A93053005FF
:10EB6800414526DA4AD856D206DE22DC32C6368934
:10EB7800BA8A9730FF1FE78080C4CD4431C92A8400
:10EB880089446382090432468145231AC1004146FB
:10EB98009720FF1FE780E0EC5686CE8522859720D8
:10EBA800FF1FE78080E82146630E0902CA8528080E
:10EBB8009720FF1FE78060E7A28650082C0852853F
:10EBC800EF30D04CAA8422859730FF1FE78080CB96
:10EBD800F250625426854259D254B259225A925A56
:10EBE80021618280814528089720FF1FE78060E720
:10EBF800E1B7411122C4405926C206C6AA8429CCCD
:10EC0800085409C59730FF1FE780C0C7285809C5B1
:10EC18009730FF1FE78000C7685809C59730FF1F66
:10EC2800E78040C6285C09C59730FF1FE78080C58C
:10EC3800685C09C59730FF1FE780C0C40325040836
:10EC480009C59730FF1FE780E0C322859730FF1F73
:10EC5800E78040C323AA0402224483D50403B240B8
:10EC680092441755FF1F0345156841016F600FF067
:10EC7800411126C206C622C4AE84EFF0BF9821C552
:10EC88004C592A84A9C183A8C50703A88507FC593C
:10EC9800B85983C6650003D6050083C525002685B7
:10ECA800EF804FA02285EFF0DFF4EFF07FE201CD97
:10ECB8002244B24092441755FF1F0345D56285454B
:10ECC80041016F608FB2B240224492444101828078
:10ECD800011122CC06CE2A842EC6EFF0BF925C59D1
:10ECE80091CF83D70700B245639A8700854763971A
:10ECF800F5006244F24005616FF0BFEFF2406244F4
:10ED080005618280411106C622C426C2EFF03FD5B4
:10ED180029C14059AA8415CC8347240085CB938701
:10ED280081A29C4389C7DC4399C322858297034704
:10ED380034009307F002631EF700224403D5240031
:10ED4800B2409244814541016FF09FF29387C1A27E
:10ED5800C9BFB2402244924441018280411126C277
:10ED68004AC006C622C4AA842E89EFF0BF8931C1E1
:10ED7800405945CC835704006399970A8347340068
:10ED8800130710026399E70883472400D1C37C5412
:10ED98000327040883D7470105E713F717000DC3B6
:10EDA800185403574700058B01CF93072002A3018E
:10EDB800F400B24022449244024905454101828050
:10EDC80013F7270009CB185403574700098B01C7CD
:10EDD80093074002E9BF918B89CB1C5483D7470026
:10EDE800918B81C793076002D9B7938781A29C430F
:10EDF800E9D3DC43DDDF228582970347340093079C
:10EE0800F0028145E317F7FA2685EFF07FE655B75C
:10EE18009387C1A2E9BF1307A0026398E7006304C0
:10EE2800090013092003CA85C5B7631C0900268594
:10EE3800EFF04FFD19C58347450093E7070123020B
:10EE4800F500A6854A85EF701F9AA5B7797126D275
:10EE58009947231DB100AA842E858D4522D406D654
:10EE680032C636C4231CF100EFE08F962ACE4D44FB
:10EE78001DC13246A246AA85328582962A8419E5A2
:10EE88002C082685EFF0EFA52A8411C57245973026
:10EE9800FF1FE780209F2685EFF01FC82285B2500C
:10EEA8002254925445618280411122C42E862E84B8
:10EEB8009726000093862692894506C626C24AC030
:10EEC8002A89EFF0BFF883450400AA844A85EFF049
:10EED8003FDAB240224426850249924441018280A9
:10EEE8009387C1A29C4395CB9C4385CB1D71A2CC33
:10EEF80086CE984110082A843AC8D84185453ACA2E
:10EF0800829701C92306A100035524006C00EFF085
:10EF1800BFF9F6406644256182808280AE8715C5B8
:10EF2800785505C7834607002380D5008346170018
:10EF3800A380D500834627012381D5008346870116
:10EF4800584BA381D500D8C18280414681453E8572
:10EF58001723FF1F6700E3B0938781A29C4391C7E3
:10EF680003A3870063030300028309458280138794
:10EF780001A918431DC75843AA8705450DC703A50E
:10EF88000708411106C6930605021306050C9305EA
:10EF98000506130505040297B2401375F50F4101E4
:10EFA80082800545828082804DC9357122CD2A84B0
:10EFB8000355050026CB4AC94EC756C306CF52C5CE
:10EFC8005AC1DEDEB68AB2892E89EFF0AFE3AA8491
:10EFD80039C50C182285EFF07FF483472400138A83
:10EFE8006400A9CBEF70AFD92A8B014583CB5400BD
:10EFF800EF70AFD6AA840C100818EF10405F0854C1
:10F008002C10EF10605FD288268A56C05E88D2879F
:10F018005A8714103010CE854A85EF201019FA400F
:10F028006A44DA444A49BA492A4A9A4A0A4BF65B78
:10F038000D618280EF70AFD4AA8B014503CB5400D9
:10F04800EF70AFD12ACE08540C10EF10405A2C1094
:10F058000818EF10605AF2484DBF8280C14709CDA9
:10F068001455C14791CA785501CB83C73600BD46B0
:10F0780063F4F600834787013E85828089476309E8
:10F08800051063870510411106C622C426C28347AE
:10F0980015002E842380F50083472500A380F50002
:10F0A800834735002381F50083474500A381F50098
:10F0B80083475500858B9396870083D7450093F740
:10F0C800F7EFD58F2392F5008346550093F7F7DFC6
:10F0D800A20693F60620DD8E2392D500034755003D
:10F0E80093F6F6BF220713770740558F2392E50062
:10F0F80083475500FD769386F67F8D87858B758FC0
:10F10800AE07D98F2392F50083466500F99B858A5F
:10F11800DD8E2392D500034765009377270013F708
:10F12800D6FF5D8F2392E5008347650093F647007D
:10F138009377B7FFD58F2392F50003476500DD9BD2
:10F148004D45218BD98F2392F500EF709FCDAA846E
:10F158005145EF701FCD0347340093F4F40FC947AE
:10F16800636297021375F50F636EE500834604002A
:10F178001147E1476368D700834614000547636376
:10F18800D7008147B240224492443E8541018280A3
:10F198003E85828015C1AA8709458DC141112E85FA
:10F1A80041469385170006C69720FF1FE780E08732
:10F1B800B2400145410182800945828082808947A9
:10F1C8001DC595C5411106C603471500AE871946EA
:10F1D8002380E50093052500138517009720FF1F5E
:10F1E800E780A084B24081473E85410182803E8508
:10F1F800828015C1AA8709458DC141112E854146D6
:10F208009385170006C69720FF1FE7800082B2404B
:10F2180001454101828009458280828089471DC954
:10F2280095C9411106C60347250083461500AE87D8
:10F238002207558F2390E500214693053500138555
:10F2480027009710FF1FE780407EB24081473E8528
:10F25800410182803E85828015C1AA8709458DC1FA
:10F2680041112E8541469385170006C69710FF1F4A
:10F27800E780A07BB2400145410182800945828038
:10F288008280894719C991C903471500BD46E147DE
:10F2980063E5E6002380E50081473E85828015C14D
:10F2A800AA8709458DC141112E85414693851700CE
:10F2B80006C69710FF1FE7804077B240014541011D
:10F2C800828009458280828015C1AA8709458DC13F
:10F2D80041112E8541469385170006C69710FF1FDA
:10F2E800E780A074B24001454101828009458280CF
:10F2F80082801DC1AA87094595C141112E85130633
:10F3080000049385170006C69710FF1FE780E07179
:10F31800B24001454101828009458280828015C141
:10F32800AA8709458DC141112E854146938517004D
:10F3380006C69710FF1FE780406FB24001454101A4
:10F3480082800945828082801D71A2CC2A8408456A
:10F3580086CEA6CA23060100834405003547938755
:10F36800F4FF93F7F70F636AF70C176701001307A9
:10F37800673E8A07BA979C43BA9782870C08EFF0D2
:10F38800FFCFC9476312F50299472306F1000355D9
:10F3980024006C00EFF05FB1F6406644D644256166
:10F3A80082800C08EFF05FEB29C98347C100E5F3C1
:10F3B80003552400EFF04FF6C5B70C08EFF03FEE09
:10F3C800E5B70C08EFF0FFEBC5B70C08EFF09FDCD2
:10F3D800E1BF0C08EFF09FE4C1BF0C08EFF07FE13C
:10F3E800E1B70C08EFF0BFDDC1B70C08EFF0DFEDB7
:10F3F80065BF834715002308F10003552400EFF08B
:10F408006FA0A14705C10347C500631AF702938798
:10F4180081A298439D4719C7184309C71008A685B4
:10F428000297AA872306F10049B70C08EFF07FEC92
:10F43800A5BF0C08EFF0BFEE85BF9D47B9B793870E
:10F44800C1A2C1BF011122CC06CE26CA4AC84EC6E7
:10F4580003470500930720092A846317F712834797
:10F46800150039476391E70A835645000967610724
:10F4780081476393E610938941A203A50900CE84CE
:10F48800630C050E0C4403C90500631E090083477D
:10F49800050085052146A9CB29059710FF1FE780A0
:10F4A800C0589C40B9CF4945EF50CFFE2A840DC5BE
:10F4B800930710FC2300F500A30025018C400905E3
:10F4C800414689059710FF1FE78020569C40A2857A
:10F4D80003C51700EF50FF8688409720FF1FE7807D
:10F4E800603A23A201A231A809059710FF1FE780FF
:10F4F800C053EF30603905494DF583A709002380D3
:10F508002701854795A81307E003639DE70803478C
:10F5180025009547631EF70203554500EFF06FAFCE
:10F528009147E310F5FE9387C1A29C43F9DB03A33F
:10F538008700E30803FC0356E400035544009305E1
:10F5480064006244F240D2444249B24905610283F0
:10F55800A147631EF70083456400035544006244D5
:10F56800F240D2444249B24905616FF02FFF930639
:10F5780000038147E301D7FEF2406244D244424986
:10F58800B2493E85056182809306000A8147E315EA
:10F59800D7FEEFF07FDB08442DD59720FF1FE780CB
:10F5A800602E85B78147C9BF011126CA06CE22CC75
:10F5B80089441DCD95CDAA842E8468008D45EF60C1
:10F5C8005FCB8347E1002685228693F7F70393E70D
:10F5D80007046C002307F100EF202034AA8409E90E
:10F5E8000D466C00130534009710FF1FE780E043B9
:10F5F800F24062442685D244056182805D714EDE08
:10F6080086C6A2C4A6C2CAC052DC56DA5AD85ED68A
:10F61800894945CD5DCA138B4500420B135B0B012D
:10F62800AE8A2A8A930530055A85B2849720FF1F2F
:10F63800E780E0182A84CD4949C9EF607FF62A8916
:10F648005686D285935A8900135A0901937BF90F7C
:10F658001305440093FAFA0F137AFA0F1359890124
:10F668009710FF1FE7804048A3017401230154014C
:10F67800A300440123002401EF60DFF1AA8541467D
:10F6880008089710FF1FE7802046214734005A8654
:10F69800A2850808EF20004FAA891DE121462C0009
:10F6A80023807401A380540123814401A381240190
:10F6B800138544009710FF1FE7800043EF603FEF7A
:10F6C80022859720FF1FE780E01BB64026444E8521
:10F6D80096440649F259625AD25A425BB25B61615A
:10F6E800828001114AC82A892E8506CE22CC26CAD4
:10F6F8002EC6EFE03FF171C5405971C483475400ED
:10F708000947B24593F6B70F6387E600114713051B
:10F71800E00F6392E708835704000945639DB70625
:10F72800930484004146CA8526859710FF1FE78009
:10F73800C02F4146CA85130584019710FF1FE78033
:10F74800C02E0347340085469307F7FE93F7F70F5B
:10F7580063E9F6041306C4033285C14532C6EF6077
:10F768005FB132469306C402A6852285EFF0DF8397
:10F778008347240089CB22856244F240D24442491F
:10F7880005616F10400E03473400C947E305F7FED3
:10F79800A301F4000145F2406244D24442490561A4
:10F7A8008280930710050145E317F7FE834724007D
:10F7B800FDD322856244F240D244424905616F106C
:10F7C80000110945C9BF4945F9B729CD011126CA14
:10F7D80006CE22CCAA840945A9C10D4628002E844C
:10F7E8008D059710FF1FE78040248347A100700014
:10F7F8002C0093F7F70393E7070426852305F10008
:10F80800EF20A01119E90D46A28568009710FF1F87
:10F81800E780A02A7D153335A000F2406244D24427
:10F828000561828009458280011152C42A8A328585
:10F838004EC656C25AC006CE22CC26CA4AC82E8BFD
:10F84800B28AB689EFE01FDC09ED8944F2406244D0
:10F8580026854249D244B249224A924A024B05615E
:10F8680082805C592A89C544F5F34D45EF706FDBFA
:10F878001374F50F5145EF70CFDAE38809FC83C79D
:10F888008901E3E487FC1375F50FE360F5FC930544
:10F898003005130540089720FF1FE78040F2232A10
:10F8A800A9022A84CD445DD11306400881459710EA
:10F8B800FF1FE780001BA30104002301440123026A
:10F8C8006401231054012326340723240402A302CD
:10F8D80004008144E30C0AF62285EF00D072AA8462
:10F8E80035D54A85EFF0EFB095B7397122DC06DEE1
:10F8F80026DA4AD84ED652D456D25AD05ECE62CCE8
:10F9080066CA0944630B061063090710AA8B3A8973
:10F91800368BB28A2E8CEFE0FFCE2A8A5144630ED2
:10F92800050E9305300541459720FF1FE78020E924
:10F93800AA894D447DC18344190083472900A20444
:10F94800C207BE9483470900BE9483473900E20783
:10F95800BE9483278A0263E697007D57094463991A
:10F96800E70A63070C0083474A000544898BCDC327
:10F97800930C4B00214681450A85C20C9710FF1F46
:10F98800E780200E93DC0C019305300566859720EF
:10F99800FF1FE780C0E22A8C4D443DC95A86D685B0
:10F9A80011059710FF1FE78020141146CA8562854C
:10F9B8009710FF1FE7804013414693058A014E8543
:10F9C8009710FF1FE780401221478A866686E285E6
:10F9D8004E85EF20201B2A841DE521468A852800B4
:10F9E8009710FF1FE7804010214693054900280023
:10F9F8009710FF1FE780600C8547631EF502A685F8
:10FA08005E85EF702FF862859720FF1FE78080E7FB
:10FA18004E859720FF1FE780E0E62285F25062546A
:10FA2800D2544259B259225A925A025BF24B624C52
:10FA3800D24C216182800544F9B779719397050109
:10FA480022D406D626D24AD04ECEC1872E8463D57C
:10FA580007041755FF1F03451589EF500FA82AC63D
:10FA680005C1EFF03F9EB24509E91755FF1F034551
:10FA780085879307F00F631EF5002E85EF50CF9E04
:10FA88002165218DB250225492540259F2494561A0
:10FA98008280EF500FABEDB793F7150091C7EFF0E9
:10FAA8006FA613451400F9BFA1E10145E1BF850424
:10FAB80093F4F40FEFE01FCEE3F9A4FE3395990019
:10FAC8001319050113590901B3772401EDD34A85A8
:10FAD800EFE09FF5C167FD176305F500DD45EFF021
:10FAE8002F993345240179BF85448549E1B723A27D
:10FAF80001A223A401A223A601A29747FF1F93876F
:10FB0800E77C170700001307676198C31707000011
:10FB18001307A731D8C317F7FFFF1307C70398C701
:10FB28009747FF1F9387477B1717000013076757EF
:10FB380098C3171700001307870ED8C317170000BC
:10FB48001307C73B98C782809747FF1F83C7C779AA
:10FB5800A18B1747FF1F1307677791E3014723A47A
:10FB6800E1A2014582809747FF1F83C7E777918B02
:10FB78001747FF1F1307477691E3014723A6E1A222
:10FB880001458280011106CE2AC6EFF05FF63245A4
:10FB980099459747FF1FA388A774EFD08FBEF240FF
:10FBA80017F5FFFF1305051305616FE05FBF1C55CF
:10FBB80081C7A1473E858280011122CC26CA2A84AA
:10FBC800AE84130500049305300506CE9720FF1F69
:10FBD800E780E0BE08D46305051013060004A68577
:10FBE8009710FF1FE78060E478548347270193F656
:10FBF8008700638E0610145483C62600A18A638882
:10FC0800061083270408E9EF930530051305001053
:10FC18009720FF1FE780A0BA2320A4088D4771C151
:10FC2800A3020400785483C714008346170081EFA9
:10FC380081EE83C72400918BDDEB83472701918BED
:10FC4800DDE7854711A889C62147A302E40099C7C3
:10FC58008347540093E70701A302F4006C5483C759
:10FC68002501858B91CF1C54054783C727008D8BB1
:10FC78006398E7008347640093E717002303F400C1
:10FC88008327040899C78347640093E78700230301
:10FC9800F4008347540005476398E70C93048400F5
:10FCA8004146814526859710FF1FE78080DB414646
:10FCB8008145130584019710FF1FE78080DA13063A
:10FCC800C4033285C14532C6EF60AFDA8327040822
:10FCD8003246BDC72285EF00903F9307000525CD2A
:10FCE800A147F2406244D2443E850561828083C7C1
:10FCF80004008346070015473387E702976701002A
:10FD0800938787AABA97B69783C70700B1B783C600
:10FD1800140091C68346170099C2E14735BF83C6D0
:10FD28002400D58F918B91DF83C704008346070099
:10FD380015473387E70297670100938727A5D9B747
:10FD480022859306C402A685EFF00FA62285EF0050
:10FD5800903159F5C14703550400A301F4008145CA
:10FD6800EF700FAD8147B5BF13F7870149C3C18B4A
:10FD7800930484004146A9CB890526859710FF1F67
:10FD8800E780A0CA41468145130584019710FF1FEB
:10FD9800E78020CD834764001306C403328593E7C8
:10FDA80047002303F400C14532C6EF608FCC832798
:10FDB800040832468DC32285EF0070319307200571
:10FDC80005F1A301F40079BF814526859710FF1F2F
:10FDD800E78020C945BF9306C402A6852285EFF0B7
:10FDE800AF9C2285EF003028CD4761DDD5BD09479E
:10FDF80085456388E70093F7D70F11476397E700B6
:10FE0800894503550400EF70AFA28347640093E768
:10FE180047002303F4008327040881C793071005CC
:10FE28004DB7C54779BF8347250063820726797197
:10FE380022D406D626D24AD0834735001307500568
:10FE48002A84639EE706034975001306C503C14566
:10FE580093573900AA97328583C4870032C6EF606A
:10FE68004FC1938701A99C43A9C79C47B9C30325E0
:10FE7800040893767900B3D6D4403246858A930530
:10FE88000504180893E606081305050882971375F4
:10FE9800F50F05E141460C081305C4029710FF1F32
:10FEA800E780A0B82285EF00101C93076005A30126
:10FEB800F400B250225492540259456182801307CB
:10FEC80010026395E7021C550327050883D74700EE
:10FED80069EB13F7071071C7785503574701137774
:10FEE800071061C393077002A301F400834734002D
:10FEF80013077002639FE70C3C5885E393053005B0
:10FF080071459720FF1FE780808B28D819C5714657
:10FF180081459710FF1FE780C0B42458B9C883C72C
:10FF2800A40191E72285EFF06F93238DA400285850
:10FF3800814541469710FF1FE780A0B228583D47EA
:10FF48008345A5019387F5FF93F7F70F6364F700DF
:10FF5800EF602FB2EF40FFF63C58A1452398A70069
:10FF680013852701EF60EFB02C5803550400EF000C
:10FF7800D0409307800203550400A301F400EFE08A
:10FF88006FE8414611C58357E50013D617003E9622
:10FF9800060685451745FF1F0345F534EF50CF9BEF
:10FFA80009BF13F7072011CB78540357470113777C
:10FFB800072001C79307900205BF93F707409DD715
:10FFC8007C5483D7470193F707408DD39307B0023A
:10FFD80021BF13078002639BE7023C5889CB83D576
:10FFE80007010355040013862701EF00903E1C54B7
:08FFF80083D7470013F707202F
:020000021000EC
:100000002DC37854035747011377072039CB930743
:100010009002B5B713079002639CE700EF604FD7DB
:10002000AA8503550400EF00503A9307A00281BF50
:100030001307A0026393E704EF60EFD4AA85854716
:1000400001456384F500814505452EC6EF606FD1FB
:100050002A86B24503550400EF00B0331C5483D701
:10006000470093F707408DC77C5483D7470193F728
:10007000074099CF9307B00219B71307B0026399ED
:10008000E700EF60AFD1AA8503550400EF00703898
:100090009307F0020DB58280411122C4405926C257
:1000A00006C67C54AA8483D7470113F7071019C7E3
:1000B000185403574700137707101DE313F7072061
:1000C00019C71854035747001377072011EB93F70C
:1000D00007408DCF1C5483D7470093F707409DC737
:1000E00093071002A301F4002285EFF05FD40347C9
:1000F00034009307F0026310F702224403D5240072
:10010000B2409244814541016FE01FB79307F0026E
:10011000A301F400DDB7B240224492444101828041
:10012000397122DC405926DA4AD84ED606DEAA8931
:10013000AE8432896300043E0355250083570400D2
:100140006384A700A14429A08347240091EB9D4428
:10015000F250625426854259D254B25921618280AC
:100160009387E5FF93F7F70F2D47E362F7FE1757E5
:1001700001001307A7658A07BA979C43BA9782873D
:10018000B2852285EFF03FA3AA84D9B74146CA853C
:100190001305C4049710FF1FE780A089228511274B
:1001A000AA8411C1A1448347340013074005639713
:1001B000E70093079005A301F40059BF13076005FA
:1001C0006395E7009307A005FDB7D147EDB7930905
:1001D000C4054E854146CA859710FF1FE78060859C
:1001E000032504084DC9834734001307900563991C
:1001F000E700228589279307E005A301F40051A8B1
:100200001307A0056393E7088347740013D73700EB
:100210002297834687009D8BB3D6F640938701A92A
:100220009C43858A93E606F893F6F60F81DF9C4798
:1002300091DB9305050818084E861305050482977F
:100240009374F50FE39004F041460C081305C404C1
:100250009710FF1FE780E086834774004D478507AE
:1002600093F7F70FA303F4006377F7002285E125E6
:100270009307E00589B785451745FF1F03453507F7
:10028000EF403FD7930750053DB71307C005E38202
:10029000E7F6814475BD130984004E86CA85228520
:1002A0001408EFE0FFD041469305C40408089710F6
:1002B000FF1FE7800081E30D05E88A861306C4036B
:1002C000CE854A85EF10300315E12285EFE09FD9F6
:1002D0009747FF1F938707002A879C470355040011
:1002E000814601468A858297AA8411C1A144930759
:1002F0002002D1B583450600EFE01F9859BF0347A0
:10030000340093072002E314F7E47C5889EB93054B
:10031000300571459710FF1FE780E04A68D868589C
:10032000E30705E24146CA859700FF1FE78060703A
:1003300064582285EFE01FD3238DA4009307300279
:100340006DBD0347340093073002E312F7E0835793
:10035000060068582146930529002318F500490531
:100360009700FF1FE780E06C7C5483D7470113F7A9
:10037000270035CB185403574700098B2DC7930727
:100380004002A5BD0347340093074002E311F7DCA8
:100390003C5C81EB85455D459710FF1FE780A042DF
:1003A00028DC285CE30705EE834709004146CA853F
:1003B000230BF5009700FF1FE780A067930750020B
:1003C0002DBD0347340093075002E312F7D8285C91
:1003D00019469305190041059700FF1FE7806065E6
:1003E0007C5483D74701918B9DCF1C5483D7470002
:1003F000918B95CB9307600209B57C5C89EB9305E3
:10040000300551459710FF1FE780E03B68DC685CD2
:10041000E30A05D24146CA859700FF1FE780606165
:100420007C5C7D5798CB4E85EFF01FC79DB50325AB
:10043000040813060004CA85130505049700FF1F6E
:10044000E780205F2285EFE01FB383473400130766
:1004500000056395E7009307400545B313071005B2
:10046000639CE70085451745FF1F034555E8EF40AE
:100470005FB89307500551B313072005E39BE7E0EE
:10048000938701A99C43E38F07CA9C47E38C07CA63
:100490008325040893048400180893850508814681
:1004A00026862E858297035504001008A685EF60E6
:1004B0009FC19307B00591B3034734009307E0054C
:1004C000E317F7C88325040841464A859700FF1FB4
:1004D000E780205FAD44E30D05C6032504084146CF
:1004E000CA859700FF1FE780C0542285EFE09FB7C1
:1004F0009747FF1F938707DE2A879C472C58035591
:100500000400814601468297AA8411C1A144930741
:10051000100255B1AD47E39EF5D6834606008355DC
:1005200025001306650003450500EF60EFBC95B399
:10053000894761C2DDCD2300A60083C70500A30063
:10054000F60083C715002301F60083C72500A30129
:10055000F60083C73500A30206002302F60083D706
:100560004500A183858BA302F60003D745001377CE
:10057000072009C793E72700A302F60083D74500A9
:1005800093F7074099C78347560093E74700A302B4
:10059000F60083D745001397470163580700834748
:1005A000560093E78700A302F6002303060083C7E3
:1005B0004500858B2303F60003D74500098B09C747
:1005C00093E727002303F60083D74500918B99C753
:1005D0008347660093E747002303F60003D74500EF
:1005E0008147218B19C703476600136787002303E0
:1005F000E6003E8582802E86AA8505456FF05FF372
:100600002E86AA8509456FF0BFF289478DC505C5BD
:10061000411106C6AE870D47AA852380E7001385E2
:10062000170041469700FF1FE780A040B240814776
:100630003E85410182803E85828089478DC505C502
:10064000411106C6AE871147AA852380E7001385AE
:10065000170041469700FF1FE780A03DB240814749
:100660003E85410182803E85828089478DC505C5D2
:10067000411106C6AE871947AA852380E700138576
:10068000170041469700FF1FE780A03AB24081471C
:100690003E85410182803E85828089479DCD15CD72
:1006A000411106C61D472380E50003570500AE87AC
:1006B0002146A380E5000357050021832381E5003F
:1006C00093052500138537009700FF1FE7806036EC
:1006D000B24081473E85410182803E8582808947C4
:1006E0008DC505C5411106C6AE872147AA85238061
:1006F000E7001385170041469700FF1FE78060332E
:10070000B24081473E85410182803E858280894793
:1007100095C90DC9411106C625472380E500034749
:100720000500AE871946A380E500930515001385E3
:1007300027009700FF1FE780C02FB24081473E850A
:10074000410182803E85828089478DC505C5411162
:1007500006C6AE872947AA852380E70013851700C0
:1007600041469700FF1FE780C02CB24081473E857D
:10077000410182803E858280894795C50DC5411122
:1007800006C6AE873147AA852380E7001385170088
:10079000130600049700FF1FE780A029B24081479D
:1007A0003E85410182803E85828089478DC505C591
:1007B000411106C6AE873547AA852380E700138519
:1007C000170041469700FF1FE780A026B2408147EF
:1007D0003E85410182803E858280894791C909C951
:1007E00095472380F50083470500A380F5008147E6
:1007F0003E858280894791C909C9AD472380F500AC
:1008000083470500A380F50081473E85828015C59A
:100810005D718A8586C6A2C42A84EFE0AFF00355D5
:1008200004000A8697060000938626DD9D45EFE0CA
:100830006FE2B6402644616182800545828015C51D
:100840005D718A8586C6A2C42A84EFE0AFED0355A8
:1008500004000A86970600009386C6DA9D45EFE0FD
:100860006FDFB640264461618280054582805D71FC
:10087000A2C49305C5022A8441460A8586C697000C
:10088000FF1FE780001B035504000A86970600003F
:100890009386E6D7C545EFE0EFDBB64026446161BD
:1008A00082805D71A2C49305C5032A8441460A85EE
:1008B00086C69700FF1FE780C017035504000A860D
:1008C000970600009386A6D7C545EFE0AFD8B6409F
:1008D000264461618280938701A99C43B1CB9C43EC
:1008E0005D71A2C486C62A841305E00F95CF032547
:1008F00004089305050C1305050882978325040851
:10090000130600040A85938505089700FF1FE780FA
:1009100040120355040097060000938626E60A86D7
:1009200093051004EFE00FD3B64026446161828046
:100930001305E00F8280317122DD2A840355050002
:1009400026DB06DF4AD94ED752D556D35AD15ECFD1
:1009500062CDEFD0BFCB3C58AA8489EB930530051C
:1009600071459710FF1FE78000E628D82858CD472B
:100970000DC9714681459700FF1FE780000F0329CD
:1009800004072285EFE00FEE230DA9008347240022
:10099000138901A9638A07128327090085E3930756
:1009A000E00FFA506A54DA544A59BA592A5A9A5AF4
:1009B0000A5BFA4B6A4C3E852961828083AB070152
:1009C000E38F0BFC032B0408EF50FFBB2A8C01457F
:1009D000EF503FB983C754003858130B0B029309EB
:1009E000C403130AC405938A64003AC0B337F00005
:1009F0002A87930801045688B33680015286CE8533
:100A00005A85829B1C5403C727002307E10203C7B2
:100A10001700A306E10283C707002306F10283271C
:100A20000900B5DF03AB4701E30B0BF683C75400A6
:100A3000B337F0003ECEEF501FB5AA8B0145EF5003
:100A40005FB203270408F2472AC03AC2B3387001E4
:100A500056887810930684004E86D2858800029BC3
:100A60007C5403C727012305E10203C71700A30431
:100A7000E10283C707002304F1028327090003A9C9
:100A80004701EF505FB02A8B0145EF509FAD83C8FF
:100A900054009C082A883EC2B3381001B337600165
:100AA0003810930684015286CE8556C0880002997C
:100AB0000355040097060000938666CF9008C5454D
:100AC000EFE04FB9AA87F1BD83C654008327090020
:100AD000032B0408B336D00083AB070136CEEF50AA
:100AE0009FAA2A8C0145EF50DFA73C58F246130B12
:100AF0000B02130AC4059309C403938A64002A886D
:100B0000930801044E86D2853EC05687B3378001D4
:100B10005A85829B1C54130B010303C7270023072C
:100B2000E10203C71700A306E10283C707002306FB
:100B3000F1028327090083AB470183C75400B33711
:100B4000F0003ECEEF503FA42A8C0145EF507FA12C
:100B5000F2472AC0B3388001568878109306840083
:100B60004E86D2855AC28800829B8325040841465E
:100B70005A859700FF1FE780C0F4AD47E31205EEEA
:100B80000DB52E8697060000938666AEC5456FE0CC
:100B90006FAC5D71B287A2C42300B1002A84BE8508
:100BA00013051100194686C69700FF1FE78060E80D
:100BB0000A862285970600009386A6B5A145EFE038
:100BC0006FA9B6402644616182802E869706000098
:100BD000938626B1C5456FE0EFA75D71B287A2C4C9
:100BE0002310B1002A84BE8513052100214686C644
:100BF0009700FF1FE780E0E30A8622859706000042
:100C00009386E6A9AD45EFE0EFA4B64026446161C6
:100C100082802E8697060000938646B3C5456FE016
:100C20006FA3797122D406D626D2834735001307E5
:100C300030052A846383E708130750056395E708A6
:100C40009307A005A301F50083477500C14513D79D
:100C500037002A97834687009D8B1305C503B3D6BB
:100C6000F640858A93E606F893F6F60F36C6EF50FF
:100C7000CFE0B246938701A99C439DCB9C478DCB87
:100C80000325040818081306C40393050504130577
:100C9000050882971375F50F01ED1305C40241464F
:100CA0000C089700FF1FE780C0D82285EFF03FBCFB
:100CB000B250225492544561828093079005A3015B
:100CC000F500814645BF130710026396E7027C5585
:100CD0000327050883D747016314070E13F717008E
:100CE0006300070E185503574700058B71CB930718
:100CF0002002A301F4008347340013072002639B02
:100D0000E70E3C5889EB9305300571459710FF1F9E
:100D1000E78060AB28D82458BDCC2285EFE08FB4A3
:100D2000238DA4002858814541469700FF1FE78086
:100D3000C0D328583D478345A5019387F5FF93F716
:100D4000F70F636BF70283C781A7D5C3414681457F
:100D500008089700FF1FE78040D119469735FF1F0D
:100D60009385C54C08089700FF1FE78080CC30585A
:100D70000C082E85EF406002EF402F953C58A145AE
:100D80002398A70013852701EF502FCF2C58035528
:100D90000400EFF01FDF9307300203550400A301A6
:100DA000F400EFD0BF86414619C10356E5000606A0
:100DB00085451735FF1F03459553EF406FBACDBDED
:100DC00013F7270009CB185403574700098B01C7B5
:100DD0009307400239BF918BE38F07F01C5483D7F0
:100DE0004700918BE38907F09307600219B7EF5032
:100DF000CFC859B713073002639AE7023C5889CB32
:100E000083D507010355040013862701EFF0FFDCAB
:100E10007C5483D7470113F7270021CF1854035779
:100E20004700098B39C79307400285BF130740026B
:100E3000639CE700EF50CFF5AA8503550400EFF05F
:100E4000DFD89307500291BF130750026390E70465
:100E5000EF506FF30DE9814505452EC6EF506FF059
:100E60002A86B24503550400EFF0BFD27C5483D7E5
:100E70004701918B9DC71C5483D74700918B95C325
:100E80009307600219BF85450145C1BF1307600282
:100E90006399E700EF508FF0AA8503550400EFF047
:100EA0005FD77C540327040883D7470119EF13F752
:100EB000071001CF1854035747001377071011C7C5
:100EC00093077002A301F400E5B313F7072011CBD9
:100ED0001854035747001377072001C79307900260
:100EE000D5B793F7074091CB1C5483D7470093F7AE
:100EF000074081C79307B002F1B79307F002D9B753
:100F0000397122DC26DA4ED652D406DE4AD8AE89B2
:100F1000328AAA84EFD08FEF4059414681450A8535
:100F20009700FF1FE78060B425C8035904006315CC
:100F300099060347340093071002631FF7028327C3
:100F4000040899CF2C58A9C94A85EF10B01505455A
:100F5000F2506254D2544259B259225A21618280CD
:100F60008A861306C4059305C40313058400EF00A5
:100F700090381DE18A85C9BF2C5899CD83D70501CA
:100F8000639C47012146C9054E859700FF1FE780F6
:100F900040B319C12C584DBF2685EFD02FE72A84C6
:100FA00005455DD44C54B9C583D705016394470505
:100FB0002146C9054E859700FF1FE78080B0854711
:100FC000631AF50283C7F18691C74C5483C7B501F4
:100FD0006396A70CBD452685EF10D0079737FF1FF6
:100FE0009387C7119C5B0145A5D71D45894582970D
:100FF0000145B9BF9387B1A603C707009739FF1F03
:101000009389C90F3E89058B15CF0347540083C7C9
:1010100041A66319F7021946938551A6130564008A
:101020009700FF1FE780E0A98547631DF50083A7B0
:10103000090381C791451D458297BD452685EF105F
:10104000700131B703C781A783A7090331CB0347D9
:101050000900098B09CB81C795451D4582972685D7
:10106000EF109004EDB581C78D451D45829741462F
:10107000814508089700FF1FE780209F1946973594
:10108000FF1F9385A51A08089700FF1FE780609A45
:101090000C082E850A86EF3050508A85268575B556
:1010A0008545C5FF6DBF797122D440594AD04ECED7
:1010B00052CC06D626D2AA892E8A3289630C046ABB
:1010C0000355250083570400638CA700A144B25048
:1010D0002254268502599254F249624A456182801F
:1010E0008344240099C09D44DDB79387F5FF93F7AF
:1010F000F70F3147E369F7FE174701001307077041
:101100008A07BA979C43BA9782871C54E1F39305E8
:101110003005130500049700FF1FE780C06A08D45C
:1011200055D503470900914763F4E7008D4445B75F
:10113000034719008547E3EBE7FE13060004CA8561
:101140009700FF1FE780E08E0C547054A302040048
:10115000D4415C4A858AFD8E83574601F99BD58F21
:10116000231AF600D841544AF59B0583058B8582E6
:10117000F98E8606DD8E231AD600DC41584AED9A98
:101180008983858B09837D8F0A07558F231AE60093
:10119000D4415C4A5D9B8D82858A8D83F58F8E0755
:1011A000D98F231AF600D841544A93F7F7EF2183D9
:1011B000058BA182F98EA206DD8E231AD600DC41B2
:1011C000584AA583858B25837D8F9317970013F746
:1011D000F6DF5D8F231AE600D4415C4AA982858A36
:1011E000A983F58F9396A7009377F7BFD58F231A1E
:1011F000F600D441584AAD82858A2D83758FFD76DD
:101200009386F67F2E07F58FD98F231AF600834732
:10121000260103250408A18B6387071083C72500D7
:10122000A18B63820710E31305EA930530051305CC
:1012300000109700FF1FE78000592320A408E30750
:1012400005EE7C54A30204000347190083C617006F
:1012500089EA45C38347540093E70701A302F400DA
:1012600029A0A147A302F40075F72285EFF02FDD36
:101270006C5483C72501858B81CF1C5483C72700FD
:101280008D8B99C78347640093E717002303F4000D
:101290008327040899C78347640093E787002303E3
:1012A000F4008347540005476393E70C41468145AA
:1012B0001305840097F0FE1FE780207B414681459F
:1012C0001305840197F0FE1FE780207AC1451305BE
:1012D000C403EF409FFA032704089307000511E3B6
:1012E000C14703550400A301F4008145EF50DFD44A
:1012F000F9BB03C72701118B19E703472900118B9D
:1013000019E38547A1BF83C7070083460900154736
:101310003387E7029747010093878749BA97B697C3
:1013200083C7070025BF19C59700FF1FE780005638
:10133000232004087C5403C7170011C70347190072
:1013400019C3E14721BF03C72701118B09E70347F1
:101350002900118B5DD783C7070015478346090015
:101360003387E702974701009387C74245BF13F7CA
:10137000870131CFC18B130584004146A9C389057C
:1013800097F0FE1FE780E06A41468145130584011E
:1013900097F0FE1FE780606D83476400C145130529
:1013A000C40393E747002303F400EF401FED8327B6
:1013B000040881CF93072005A301F40009BB8145F0
:1013C00097F0FE1FE780606AC1B7CD47F5B70947C0
:1013D00089456386E70011476398E7008545035513
:1013E0000400EF507FC521A01947E389E7FE83473A
:1013F000640093E747002303F4008327040881C7B0
:101400009307100555BFC54745BF4146CA8513051B
:10141000C40497F0FE1FE780C061834734001307C0
:101420006005639CE70085451735FF1F034535ECD4
:10143000EF303FBC9307500541B745476383E70250
:101440009306C4021306C403930584002285EFD0DB
:101450003FB62285EFF0AFC1AA8411C1A144D147A4
:10146000A1BFC94791BF9309C4054E854146CA85AE
:1014700097F0FE1FE780E05B0325040871C98347EE
:101480003400130790056398E7002285EFF06FC1E1
:101490009307E00515B71307A005639DE70693873B
:1014A00001A99C43E38107C403A88700E30D08C298
:1014B00083477400930505084E8613D7370022979B
:1014C000834687009D8B0A87B3D6F640858A93E6CC
:1014D000060813050504029841468A851305C404CD
:1014E00097F0FE1FE780E05D11E1D2842285EFF0E6
:1014F0004FBB83477400CD461307E005850793F77C
:10150000F70FA303F40063E4F60013076005A301DB
:10151000E40075BE1307C005E39BE7BA938701A9F2
:101520009C43E38207BC9C47E38F07BA93050508F9
:10153000130984000A8781464A862E8582970355BF
:1015400004000A86CA85EF501FB89307B005ADB5F1
:101550008A864E86930584002285EFD07FA541467A
:101560009305C4040A8597F0FE1FE78080558547E0
:10157000D284E31EF5B42285EFF0AFB2AA84E3175C
:1015800005B4930710020DBD0347340093077002A2
:10159000E31BF7B47C5889EB930530057145970040
:1015A000FF1FE780402268D86858E30E05B2CA855D
:1015B000414697F0FE1FE780C04703294407228574
:1015C000EFD05FAA230DA90093078002F5B303476C
:1015D000340093078002E318F7B083570600685879
:1015E0002146930529002318F500490597F0FE1FB1
:1015F000E78020447C5483D7470113F7072025CF89
:101600001854035747001377072035C793079002F4
:1016100065B30347340093079002E316F7AC3C5CD4
:1016200089EB930530055D459700FF1FE780A01902
:1016300028DC285CE30905AA4146CA8597F0FE1F0D
:10164000E780203F9307A00285BB03473400930740
:10165000A002E31AF7A883470600285C1946930501
:101660001900230BF500410597F0FE1FE780603C51
:101670007C5483D7470193F70740B1C71C5483D7E5
:10168000470093F70740A1C39307B00235B3034760
:1016900034009307B002E318F7A47C5C89EB930550
:1016A000300551459700FF1FE780E01168DC685C5A
:1016B000E30E05A04146CA8597F0FE1FE78060371C
:1016C0007C5C7D5798CB03D529008145EFD0CFDADC
:1016D000FDBA034734009307F004E3F9E79E0325BE
:1016E0000408E305059E13060004CA8513050504D6
:1016F00097F0FE1FE780E0332285EFF0CF9DAA84AC
:101700002285EFD05F878347340013070005639F6E
:10171000E70003D6E90085451735FF1F034535BDB2
:101720000606EF30FFA39307300579B113071005C4
:101730006395E7009307600541B113072005E3981F
:10174000E7989307C0058DB9034734009307E00578
:10175000E31EF796032504084146CA8597F0FE1F4D
:10176000E780202D2285EFF00F9DAA8419BD8345C7
:101770000600A9BF85478144E39BF59403284600F2
:10178000834736000347260083461600835525000D
:10179000034606000145EF50CF8C15BA8147C1467C
:1017A0003307F500B388F5000347070083C8080036
:1017B0003308F6008507334717012300E800E3915B
:1017C000D7FE82800147BD471308F00F3306F500AE
:1017D00083460600B388F500FD178606558F2380E3
:1017E000E8000347060093F7F70F1D83E39007FF18
:1017F00082808147930800F8414893F6F70F3387BA
:10180000F50063FCC600B306F50083C6060023009E
:10181000D7008507E39307FF82806395C600230006
:101820001701C5BF23000700EDB701114AC856C212
:101830002E89AA8A93053005414506CE22CC26CAB8
:101840004EC652C4328A9700FF1FE780C0F7AA84B1
:101850009305300541459700FF1FE780C0F62A84B5
:10186000CD49A5C431CD4146814597F0FE1FE780A3
:10187000C01F2686A2855685EF302052AA8929E10D
:101880008387040063D30706A2852685EFF09FF3C4
:101890004A86974501009385A5F92285EFF01FF050
:1018A0008307090063D80704A2854A85EFF09FF1FA
:1018B0005286974501009385A5F72285EFF01FEE2C
:1018C00026859700FF1FE78060FC11C422859700E2
:1018D000FF1FE780A0FBF24062444E85D24442499C
:1018E000B249224A924A05618280CA852685EFF074
:1018F0007FED7DB7D2854A85EFF0DFECD1B7814728
:101900004146B306F5003387F5000347070003C8D7
:1019100006008507334707012380E600E393C7FEEF
:101920008280011126CA4EC6AE84AA89930530056D
:10193000130500034AC806CE22CC32899700FF1F48
:10194000E78060E82DC51306000381452A8497F0DF
:10195000FE1FE78080114146CE85228597F0FE1F4D
:10196000E7800019A6850D461305D40197F0FE1FE8
:10197000E780001813060402930504012285EF3066
:10198000C041AA840D469305D4024A8597F0FE1FF4
:10199000E780001622859700FF1FE78020EFF240C6
:1019A000624426854249D244B24905618280CD44D1
:1019B000FDB75D714EDE62D4AE892A8C9305300589
:1019C00013050003A6C2CAC052DC56DA5AD85ED646
:1019D00086C6A2C4B28B368BBA84BE8A4289468A36
:1019E0009700FF1FE78020DE630505101306000344
:1019F00081452A8497F0FE1FE78020074146E28553
:101A0000228597F0FE1FE780A00E414681450A859A
:101A100097F0FE1FE78060051D46DE850A8597F07A
:101A2000FE1FE780E00C1D46DA851305710097F074
:101A3000FE1FE780E00B33392001B33490004146AC
:101A40008145080823072101A307910097F0FE1F95
:101A5000E780A0011946D685480897F0FE1FE78069
:101A600020091946D2851305A10197F0FE1FE780D2
:101A70002008930404014146CE85268597F0FE1F79
:101A8000E78000078A852685EFF07FE79309040247
:101A90004E86A6852285EF3040302A890DE94146E1
:101AA000CE85268597F0FE1FE780A0F80C082685D6
:101AB000EFF0FFE44E86A6852285EF30002E2A89BE
:101AC00046454146CE8597F0FE1FE780600222859D
:101AD0009700FF1FE78080DBB64026444A85964486
:101AE0000649F259625AD25A425BB25B225C61618A
:101AF00082804D49D5B7011126CA52C4AA842E8AC4
:101B000013050003930530054AC84EC606CE22CC05
:101B10003289B6899700FF1FE780E0CA35C52A845D
:101B2000A685414697F0FE1FE78080FC93040401E0
:101B30002146D285268597F0FE1FE78060FBCA8587
:101B400021461305840197F0FE1FE78060FA130910
:101B50000402A6854A862285EF302024AA844146C5
:101B6000CA854E8597F0FE1FE78080F82285970092
:101B7000FF1FE780A0D1F240624426854249D2444B
:101B8000B249224A05618280CD44F5B739715AD0F5
:101B90005ECE2A8BAE8B41459305300506DE26DAF4
:101BA00052D456D262CC66CA6AC8368C328DBA8C90
:101BB00022DC4AD84ED69700FF1FE780C0C0AA8A11
:101BC0009305300541459700FF1FE780C0BF2A8A73
:101BD000CD44638E0A0859C52A86D6855A85EFF00A
:101BE000DFC4AA8441E19305300541459700FF1FFA
:101BF000E78060BD2A899305300541459700FF1FA6
:101C0000E78060BCAA89630A090E6306050E130407
:101C1000FD0011841376FD0049C07D14420441800B
:101C200035EE131544004E86D6855E95EFF01FB74E
:101C3000414681454A8597F0FE1FE78000E3014D4C
:101C400093170D01C18363F48708BDC04A859700CF
:101C5000FF1FE780A0C3638709004E859700FF1F21
:101C6000E780C0C256859700FF1FE78020C2630748
:101C70000A0052859700FF1FE78040C1F25062546E
:101C800026854259D254B259225A925A025BF24BDB
:101C9000624CD24C424D21618280014413154400B4
:101CA0008A855E95EFF0FFB44E86D2850A85BDBF6A
:101CB00093154D000A86DE954A85EFF03FAE4A86C1
:101CC0008A855A85EF30600DAA84050D95BFBDFC4D
:101CD0000A86CE854A85EFF07FAC4A868A855A858A
:101CE000EF30A00BAA846686CA85628597F0FE1F36
:101CF000E78020D4A1BFCD4491BFCD44A9BF3971A5
:101D000062CC2A8C594526DA4AD84ED652D456D2BD
:101D10005AD05ECE06DE22DCAE8B328BB68A3AC655
:101D20003E8AC289468983440104EF203FF749C1B6
:101D30009167938717E92310F50085472301F50084
:101D40002A8432472105630C0C0493071003A30176
:101D5000F4001946814597F0FE1FE78000D1230368
:101D60006401A3035401230A94002312740123176E
:101D700044012318340123192401A2856254F2502E
:101D8000D2544259B259225A925A025BF24B624CD7
:101D90001725FF1F0345855521616F201FFBA301F8
:101DA00004001946BA8597F0FE1FE78080C845BF3A
:101DB000F2506254D2544259B259225A925A025B9A
:101DC000F24B624C21618280011122CC2A84314580
:101DD00006CE2EC632C436C23AC0EF203FEC29C12F
:101DE0009167938717E92310F5008D472301F500CC
:101DF000A3018500B2452246924602476244F24062
:101E00002312B5002313C5002314D5002315E500C4
:101E1000AA851725FF1F0345654D05616F20FFF259
:101E2000F24062440561828001114AC82A8939451D
:101E300026CA06CE22CC2EC6B284EF203FE631C1A0
:101E4000B2459167938727E92310F5009147A301D5
:101E500025012312B5002A842301F500A685190562
:101E6000214697F0FE1FE780C0BCA2856244F24085
:101E7000D24442491725FF1F0345454705616F209E
:101E8000DFECF2406244D244424905618280011194
:101E90004AC82A89414526CA06CE22CC2EC6B2841B
:101EA000EF20DFDF29C19167B245938727E923102F
:101EB000F50095472A84231225012301F5002146C8
:101EC000190597F0FE1FE780C0B6A285231794007E
:101ED0006244F240D24442491725FF1F0345354171
:101EE00005616F209FE6F2406244D2444249056199
:101EF0008280011122CC2A84394506CE2EC632C4F6
:101F000036C23AC0EF209FD929C19167938717E95C
:101F10002310F50099472301F500B2452246924669
:101F20000247231285006244F2402313B5002314B4
:101F3000C5002315D5002316E500AA851725FF1F28
:101F40000345C53A05616F205FE0F24062440561D8
:101F50008280797122D406D62A842EC632C436C233
:101F60003AC0EFC0AFEA1DC1B245224692460247D1
:101F7000231CB100231DC1002C081306F00F22857D
:101F8000231ED100231FE100EFC0EFD7B25022542F
:101F900045618280011122CC2A84394506CE2EC6A5
:101FA00032C436C23AC0EF207FCF29C191679387F0
:101FB00017E92310F5009D472301F500B24522469D
:101FC00092460247231285006244F2402313B50073
:101FD0002314C5002315D5002316E500AA8517256F
:101FE000FF1F0345A53005616F203FD6F2406244D4
:101FF000056182805D712AC613052002CAC04EDECB
:1020000052DC56DA5AD85ED662D466D26AD086C618
:10201000A2C4A6C26ECE2E8CB28B368B3AC43E8D35
:10202000C28CC68A035A01058359410503498105BB
:10203000EF20DFC669C591663243938616E9A9474A
:102040002A842310D5002301F500930DE400210517
:10205000930444012247630D030693071003A30171
:10206000F4001946814597F0FE1FE78000A019464D
:1020700081456E8597F0FE1FE780209F19468145B8
:10208000268597F0FE1FE780409E23037401A3037B
:1020900064012300240323128401231D5401231E01
:1020A0004401231F3401A2852644B64096440649C4
:1020B000F259625AD25A425BB25B225C925C025D78
:1020C000F24D1725FF1F0345652261616F20FFC791
:1020D000BA85A3010400194697F0FE1FE7806095BA
:1020E000EA856E85194697F0FE1FE78080941946B1
:1020F000E685268597F0FE1FE780A09379B7B64066
:10210000264496440649F259625AD25A425BB25B5F
:10211000225C925C025DF24D61618280011122CCF1
:102120002A84214506CE2EC632C436C2EF201FB700
:1021300015CD224692469167938717E92310F50043
:10214000B1472301F500A3018500B2452303C50073
:10215000A303D5006244F2402312B500AA851725D7
:10216000FF1F0345A51805616F203FBEF240624482
:1021700005618280411126C2AA84514506C622C447
:10218000EF20DFB149C19167938717E92310F5006C
:10219000B9472301F50083C714002A84938564009E
:1021A000A301F50083C7340003C724002105A2075B
:1021B000D98F231EF5FE83C744001946230FF5FE71
:1021C00083C75400A30FF5FE97F0FE1FE7806086DB
:1021D00083C7C400A2851725FF1F034525112307C8
:1021E000F40083C7E40003C7D400A207D98F2318E3
:1021F000F40083C7F4002309F4002244B24092445F
:1022000041016F209FB4B240224492444101828038
:10221000411122C42A84194506C6EF203FA80DC5E6
:102220009167938717E92310F500C1472301F50053
:10223000231285002244B240AA851725FF1F0345BB
:10224000E50A41016F207FB0B24022444101828003
:1022500041110D4506C6EF207FA40DC5930710F967
:102260002300F5009307E003A300F500C547230111
:10227000F500B240AA851725FF1F03452507410138
:102280006F20BFACB24041018280011122CC2A8470
:10229000294506CE2EC632C436C2EF203FA015CD4A
:1022A000B24592469167938717E92310F500C94715
:1022B0002302B5002301F500A30185002304D50006
:1022C00022466244F2402313C500AA851725FF1F4A
:1022D0000345C50105616F205FA7F24062440561B7
:1022E000828001114AC82A892D4526CA06CE22CCF1
:1022F0002EC6B284EF209F9A29C5B245930710F9E4
:102300002300F5009307E003A300F500CD47A301E8
:1023100025012302B5002A842301F500A6851505B1
:10232000194697E0FE1FE780C070A2856244F24024
:10233000D24442491725FF1F034545FB05616F2025
:10234000DFA0F2406244D24442490561828001111B
:1023500022CC2A84214506CE2EC6EF203F9405C903
:10236000B2459167938717E92310F500D1472303FE
:10237000B5002301F500231285006244F240AA85CE
:102380001725FF1F034585F605616F201F9CF2404E
:10239000624405618280011122CC2A84214506CE47
:1023A0002EC632C4EF209F8F1DC5224693071059B9
:1023B0002310F50023018500B2452303C5006244C4
:1023C000F2402312B500AA851725FF1F034505F229
:1023D00005616F209F97F240624405618280011180
:1023E00022CC2A84214506CE2EC632C4EF201F8B74
:1023F0001DC922469167938727E92310F500A1475D
:102400002301F500B24523038500A303C500624400
:10241000F2402312B500AA851725FF1F034535EDAD
:1024200005616F209F92F240624405618280011134
:1024300022CC2A84314506CE2EC632C436C23AC0DA
:10244000EF20DF8515CD22468567938717C92310B6
:10245000F50023018500B2452303C50092460247DB
:102460006244F2402312B5002314D5002315E50081
:10247000AA851725FF1F034565E705616F20FF8CBF
:10248000F240624405618280011126CAAE844AC8C6
:102490002A891385C40006CE22CC32C6EF201F80C5
:1024A0001DCD8567B245938717E923019500231257
:1024B00025012A842310F500310508C4268697E0FB
:1024C000FE1FE7800057A2856244F240D244424991
:1024D0001725FF1F034585E105616F201F87F24027
:1024E0006244D244424905618280011122CC2A848F
:1024F000194506CE2EC6EF206FFA05C9856793876A
:1025000017F92310F500854723018500A301F50085
:10251000B2456244F2402312B500AA851725FF1F79
:102520000345C5DC05616F205F82F24062440561AE
:102530008280411122C42A840D4506C6EF200FF681
:1025400005C5930710F92300F500E947A300F5003E
:10255000230185002244B240AA851725FF1F0345A9
:10256000E5D841016F206FFEB240224441018280D4
:10257000011122CC2A84214506CE2EC6EF200FF26F
:102580000DC99167938727E92310F500930700038E
:102590002301F500B245230385006244F240231273
:1025A000B500AA851725FF1F034575D405616F2067
:1025B000CFF9F2406244056182800111214506CEC7
:1025C0002EC632C4EF208FED15C585679387073976
:1025D0002310F500B245224685472301F500F2405D
:1025E0002312B5002313C500AA8503C541A10561C7
:1025F0006F20AFF5F24005618280397122DC13044F
:10260000F5FF4AD852D456D25ECE420406DE26DA10
:102610004ED65AD0894B2A8A3289B68A4180639134
:102620007515938BC1A083C7C1A05E8B89448DCFE4
:1026300083C9160083C706009144A209B3E9F900D3
:102640009727FF1F83D787ACF51763DFF900930740
:10265000C6FF639BF90831452EC6EF202FE42A847C
:10266000B24519ED9304F00FF25062542685425999
:10267000D254B259225A925A025BF24B21618280A3
:102680004209135909012302B500231325019307B9
:1026900000F91509A1652310F500231145018505F1
:1026A0004A8597F0FE1FE780001208C405C983C75A
:1026B0000B009385EAFF13562900FD172386F1A02E
:1026C00097E0FE1FE780E0381C44A28503C541A1C6
:1026D00089071CC4EF206FE7814479B7228597F002
:1026E000FE1FE780A01ABDBF9307D6FFE3CCF9F623
:1026F000B1473304F4029384C1A19C40A29703C75D
:10270000A70019C7884309C597F0FE1FE780001886
:1027100013854900A16542058505418103AA04008E
:1027200097F0FE1FE780200A9C40229A2320AA00EF
:10273000A297884305D905472385E70083470B0007
:102740004A86D685FD172386F1A097E0FE1FE78015
:10275000402E9C403E942313240123123401ADBF2C
:102760008547E391F5F0B1473304F402138BC1A11F
:1027700083270B00DA89A29703D76700884355C7E0
:1027800083D74700B306C700910763C0D70A3A95BD
:10279000D68597E0FE1FE780C02903270B00814400
:1027A000229783576700CA97C207C1832313F70094
:1027B000035747001107E399E7EA3145EF200FCEB1
:1027C000AA8515CD930700F92310F50083270B0088
:1027D0002302750123114501A29703D767009C438B
:1027E0002313E5001CC503C541A1EF200FD68327A5
:1027F0000B003E942313040023050400B5B5832782
:102800000B00A297884311C997F0FE1FE7800008CC
:1028100083270B00A29723A0070083A709003E94FB
:10282000231304002305040045BD11C997F0FE1FC2
:10283000E780C00583A70900A29723A0070083A70C
:10284000090085443E94231304002305040029BD98
:102850006F40802C6F40C02D6F40E0736F40C030E0
:10286000411106C6EF40002DB24001454101828072
:102870006F4020326F4040346F4060366F406038A8
:102880006F40603A6F40403C6F40403E6F40404078
:102890006F40E0418347160003460600A2075D8EA5
:1028A0006F4020436F4060446F4020476F40E049D5
:1028B0006F40C04C6F40A04F6F40C0516F40E0531D
:1028C0006F4000566F4020586F40405A411122C659
:1028D0000344C10226C48344010303430101030EE0
:1028E0004101834E8101034FC101834F01028342A5
:1028F00041028343810222D6324426D8A2441ED408
:1029000016D27ED07ACE76CC72CA1AC841016F40F8
:10291000006E6F40A0576F40C0596F40E05B6F4042
:10292000005E6F4020606F4040626F4060646F40A7
:1029300040676F4060696F60C01A1307A5FF4207C8
:1029400085672A8841831385A7C7636CE5021387CF
:1029500007C801456368B70263E605031307301F24
:102960006362C702138766FF42074183938767C785
:1029700063EAE70005063306B6028E063325D60065
:10298000828001458280411126C206C622C4AA84E3
:10299000EFD0F06319C52A842685EFC0D01F232409
:1029A000A418B240224492444101828083466501CA
:1029B0000D47AA876384E6000545828003274511F9
:1029C00003464700A305C502034737006316D70235
:1029D0000347B50075F3034705019306000263073B
:1029E000D7009306300201456317D7001307600232
:1029F0002388E70001458280BD466310D702034764
:102A000005019306000401451377B70FE315D7FEC0
:102A1000130750042388E7008280B946631AD70061
:102A20008346050113070003E398E6F80547C9B795
:102A3000D1466317D7008346050113070005EDB79C
:102A4000D9466318D7028346050113075005E3955D
:102A5000E6F60327050A136707202320E50A054742
:102A60002308E50003C71701136707F8A388E700E9
:102A700051B7E946631BD70083460501130750068B
:102A8000E39CE6F21307A006A5B7FD46631BD7003B
:102A9000834605011307A007E390E6F2130710F839
:102AA00081BF93063002E319D7F08346050113076F
:102AB0005008E393E6F005472308E5000347A50225
:102AC000136717002305E50271BF83270511094726
:102AD000A30AE50095C32381E70003474505A381C9
:102AE000E7008347A50293E787002305F502F14736
:102AF0002308F500014582801D4582808547A30A91
:102B0000F5008327051191CB15472381E700930733
:102B1000B0022308F5000145828005458280854783
:102B2000A30AF5008327051191CB19472381E700FC
:102B30009307D0022308F500014582800545828075
:102B40008947A30AF5008327051181CF1D472381FB
:102B5000E700832705110347D5020145A381E7005C
:102B60008280054582808547A30AF50083270511E9
:102B700091CB2D472381E700930770032308F500CD
:102B800001458280054582809947A30AF500832785
:102B9000051131472381E7001727FF1F130707821D
:102BA00083564701A381D7009726FF1F83C66682FD
:102BB0002382D7009726FF1F83D6A681A182A382F6
:102BC000D700834687012383D70003479701A38358
:102BD000E7008347E50213F7070409CF9307A00333
:102BE0002308F5008347E50293F7F7072307F5026B
:102BF00001458280858BFDD78327050AA305050241
:102C00002307050293E707042320F50AE1BF89475C
:102C1000A30AF5008327051181CF35472381E700FB
:102C2000832705110347B5020145A381E700828090
:102C3000054582808D47A30AF5008327051191CFB2
:102C400045472381E7000347C502A381E700034707
:102C5000B50201452382E7008280054582808547D1
:102C6000A30AF5008327051185C349472381E7009F
:102C70009307A0042308F5008347A50293E74700C4
:102C80002305F50201458280054582808547A30A18
:102C9000F5008327051191C74D472381E7000145C2
:102CA000828005458280032705118D47A30AF50020
:102CB000D9472301F70083464514A301D700834772
:102CC0005514918A2302F7000357A51CB1C6930639
:102CD000F034814763FDE600930787E803578514C6
:102CE00015CB8587938757FD8D87C207C18303570F
:102CF000851C63F3E7003E878347A5022307E504AD
:102D000093E747002305F502930750052308F500D4
:102D1000014582808D87F9B7858B99C7930707FB9B
:102D20002147B3C7E702D1B79307C7FB1147D5BF08
:102D3000032705118D47A30AF500DD472301F7009E
:102D400083474514A301F700834655142302D70097
:102D50000347B514F98F93F647000357A51CB1C676
:102D60009306F034814763FDE600930787E8035735
:102D7000851415CB8587938757FD8D87C207C1833F
:102D80000357851C63F3E7003E87930780052308FC
:102D9000F5008347A5022307E50493E747002305D1
:102DA000F502014582808D87F9B7858B99C7930716
:102DB00007FB2147B3C7E702D1B79307C7FB11470A
:102DC000D5BF832605118D47A30AF500E54723816A
:102DD000F60083477514034665140547B317F700DB
:102DE0003317C700D98FA381F600834715142382B8
:102DF000F6008347A50293E747002305F5029307F2
:102E000000062308F500014582808947A30AF500E2
:102E10008327051175472381E7001717FF1F130745
:102E2000E75903473700A381E700930750072308BA
:102E3000F500014582808947A30AF5008327051123
:102E400079472381E7000347F502A381E700832741
:102E5000050A2167D98F2320F50A85472308F50045
:102E6000014582809717FF1F93874755B84B9307FB
:102E7000800583464700B387F602145703270511E0
:102E8000BE96A547A30AF500930700022301F700A9
:102E90000356A51C8357651CB297D05A9387C71257
:102EA00063F3C700B287A301F70013D68700C1837D
:102EB0002302C700A302F7009C5E2303F70013D68A
:102EC0008700C183A303C7002304F70083C7C6019B
:102ED000A304F70083C7D6012305F7009307C007B3
:102EE0002308F50001458280832705111146130749
:102EF0003002A30AC5002381E70003478515118B23
:102F000005CF0347A515238207009306F7FF054762
:102F10003317D700A381E70003473514A382E700E6
:102F20008347A50293E747002305F502930750F86E
:102F30002308F50001458280834675140947639292
:102F4000E6021717FF1F0347D73B09C72147A38195
:102F5000E70019A0A381C700034755162382E700A5
:102F600065BF05473317D700DDB79547A30AF500BE
:102F700083270511130740022381E700A38107007F
:102F8000030735148306F5156395E6008946A3818A
:102F9000D7008306E5156398E60083C6370093E6FD
:102FA0001600A381D7008306D5152382D7000346D8
:102FB000C515A382E7002383C70083478515858B4A
:102FC00081CB99C68327050A4167D98F2320F50A4B
:102FD00001458280411126C28324051106C622C400
:102FE000B547A30AF500A9C091472A842381F400BC
:102FF0009305851A21461385340097E0FE1FE7806C
:1030000040A31385B40011469305041B97E0FE1FEF
:10301000E78020A2930720022308F4000145B24074
:1030200022449244410182800545D5BF8327051182
:10303000A1C7411122C406C62547A30AE500238182
:10304000E7002A84032505119305840F21460D0509
:1030500097E0FE1FE780E09D8327040AA305040292
:10306000014593E707022320F40A85472308F4006B
:10307000B24022444101828005458280A547A30ACF
:10308000F50083270511A9C3411122C406C639479B
:103090002381E7002A84032505119305840F214627
:1030A0000D0597E0FE1FE780C0988347A402014505
:1030B00093E747002305F402930700032308F40075
:1030C000B24022444101828005458280E147A30A43
:1030D000F50083270511D9CF411122C406C63D470B
:1030E0002381E700034745072A8493058506A381CA
:1030F000E7000347550731462382E700034765078A
:10310000A382E7000357650721832383E700034772
:10311000A505A383E7000357A50521832384E700C2
:103120000347C505A384E7000347D5052385E700CA
:1031300003574506A385E700034765062386E70096
:10314000035765061385E7002183A386E70097E010
:10315000FE1FE780008E8347A402014593E74700E6
:103160002305F402930700042308F400B24022442C
:103170004101828005458280E147A30AF50083274B
:103180000511C9CB411122C406C641472381E7007E
:10319000034745072A8493058506A381E700034773
:1031A000550731462382E70003476507A382E700FE
:1031B0000357650721832383E7000347A505A383FE
:1031C000E7000357A50521832384E7000347C505CE
:1031D000A384E7000347D5052385E7000357450689
:1031E000A385E700034765062386E70003576506C6
:1031F0001385E7002183A386E70097E0FE1FE780A1
:103200004083930740042308F400B2402244014560
:103210004101828005458280411106C6AD47A30A5F
:10322000F50083270511130790029305D517238115
:10323000E70013853700294697D0FE1FE780607F9F
:10324000B24001454101828083254511411126C2CA
:1032500006C622C483C7450003C735000568A20718
:10326000D98F1387A7FF420741839306A8C7F94464
:1032700063E2E60C03C7650083C65500130808C85F
:103280002207558FF9446367E80A6365F70A03C6A6
:10329000850083C675002206558E9306301F63EBAA
:1032A000C60883C6A50083C89500A206B3E616012A
:1032B0006362D808130816003308F80293983600A2
:1032C000635A180783C8B5001398080113580801FA
:1032D00063840800636007078358A5038144639DE6
:1032E0001701631BF7008358C5036397C800835415
:1032F000E503958C93B41400231DC504231AF50629
:10330000231BE506231ED5042312050783C7D5001A
:1033100003C7C5002A84A207D98F2313F5063146B7
:10332000B9051305850697D0FE1FE7808070914789
:10333000A30EF400B24022442685924441018280CB
:10334000411122C406C68547A30AF5002A84834595
:103350003515032705110345451585469317650067
:10336000CD8F2301F700ED47A301F7008347C40089
:103370000346241593E707022306F400EF10707448
:10338000930770062308F400B2402244014541012E
:103390008280832745111303000E03C6470003C72D
:1033A00037002206598E130756FE42074183636792
:1033B000E30683C6670003C757001168A206D98ECB
:1033C000138786EB42074183130888146368E80477
:1033D00003C7870083C87700220733671701930864
:1033E00057FEC20893D80801636A130383C8970085
:1033F00083C7A700A207B3E71701938887EBC2082A
:1034000093D80801636C1801231EC51A231FD51A0F
:103410002310E51C2311F51C6FB040650545828023
:103420008346B5000547AA8705456395E60C83C624
:10343000670131470545639FE60A03A747118346A5
:103440003700A38AD7048346570003464700A206E5
:10345000D18E239BD7048345770083466700A2055E
:10346000D58D239CB7040346970083468700220628
:10347000558E239DC7048346B7000345A700A206C7
:10348000C98E239ED7040345C7000347D7002207F0
:10349000498F03D5A703239FE7040147631BB500AA
:1034A00083D5C7036397C50003D7E703158F133789
:1034B00017002391E70603C707019306000463047E
:1034C000D702930640046315D70005472388E70019
:1034D00003C717019546A38ED700136717F8A38873
:1034E000E7000145828003C7A70213671700238501
:1034F000E702E1BF8280034765018947631DF7004A
:103500008327451183C73700230AF504F5472308AD
:10351000F500014582801D4582808347B5002A87DA
:10352000D9EB83466501B54705456397F6088346A1
:103530000701930700026391F608832747110145AD
:1035400083C6570003C64700A2064206B29603C6CA
:103550006700B29603C637006206B2962320D70CE6
:1035600083C6970003C68700A2064206B29603C62A
:10357000A700B29603C677006206B296232ED70A3A
:1035800083C6C70003C6D700A2064206B29603C68A
:10359000B70083C7E700B296E207B6972320F70E7D
:1035A0008347170193E78700A308F70093073002CA
:1035B0002308F7008280054582808347B5009DE39C
:1035C000034765018547631DF7008346050113071F
:1035D00030026397E6009307C0022308F500814795
:1035E0003E8582808547EDBF834665010547AA87F2
:1035F0000545639CE60203C707019306B002631A00
:10360000D7001307E0022388E700A38507020145DE
:1036100082809306D00205456319D7001307E002A4
:10362000A38507022388E700DDB782800347650191
:103630008947631EF704E947A305F502832745116F
:10364000394783C737006392E702034705019307B1
:103650000003631EF7028327050A93E7070223206E
:10366000F50A85472308F500B9A03D476393E702B3
:103670008327851003470501F59B2324F510930745
:1036800000046316F700930760042308F500014562
:10369000828049476398E702034705019307A00426
:1036A000E317F7FE85472308F5008347A50293E754
:1036B00017002305F5028347150193E707F8A308D0
:1036C000F500F1B751476392E702034705019307FD
:1036D0000005E31EF7FA85472308F5008327050A4E
:1036E00093E707102320F50AF9B75947639DE700D0
:1036F0000347050193075005E31BF7F88327050AE5
:1037000093E70720A9BF6947639FE70003470501C7
:1037100093075006E31DF7F68327050A056713078D
:103720000780D98F2DBF7147E383E7F67547639C08
:10373000E7000347050193075007E31AF7F48327CF
:10374000050A2167F9BF13073002E392E7F4034744
:10375000050193075008A9B70347B50085476311D2
:10376000F70203476501631BF70003470501631771
:10377000F700930760032308F50081473E858280A8
:103780008547EDBF834665010547AA8705456393D5
:10379000E60603C70701930670036315D70203C744
:1037A000A702238607049376070499C61377F7FBCD
:1037B000136707012385E702130780032388E700C7
:1037C000014582809306500305456315D702130710
:1037D00080032388E70003C7A70223860704014567
:1037E0009376070481CA1377F7FB136707012385D4
:1037F000E70282808280034765019947631EF708CC
:103800000327451183473700A307F5048347570073
:1038100083464700A207D58F2318F5048347770016
:10382000834667001307A003A207D58F83460501CF
:103830002319F5048347E5026395E604858B99CB4C
:103840008327050AA30505022307050293E707045A
:103850002320F50A8347A50293E717002305F50205
:1038600085472308F5008347150193E707F8A30868
:10387000F5008347E50293F7F7FB2307F5020145BF
:103880008280E207E187E3D007FE8327450A93E7BA
:1038900007042322F50AC1BF05458280034765015D
:1038A00089476304F7000545828083274511130784
:1038B000000483C73700A305F5028347050193F68B
:1038C000B70F6397E600930750042308F50025A07F
:1038D000130750056393E7028327050A93E7072040
:1038E0002320F50A85472308F5008347150193E750
:1038F00007F8A308F5000145828013075006639579
:10390000E7009307A006D1B713075008639CE700B0
:1039100085472308F5008347A50293E71700230591
:10392000F502E1B70347B5003DFF130700026386C8
:10393000E700130730026395E7009307600271B751
:103940001307A007E391E7F6930710F8BDBF83467E
:1039500065010547AA8705456394E60403A7871018
:103960000545418B15CF03C707016318A70013074F
:10397000B0042388E700014582801306A004631A7F
:10398000C70003C7A7022388D70013671700238542
:10399000E70203A7870A1367070423A4E70AE1BF26
:1039A0008280834665010547AA8705456393E60241
:1039B00083C607011307A0040545639CE60003C7FF
:1039C000A7022388A7000145136717002385E70294
:1039D00082808280034765018D47631FF718834704
:1039E00015018D8B91EB834605012147938706FCDA
:1039F00093F7F70F6361F702D9472306F5029307A0
:103A0000A002A305F5028327850A93E72700232454
:103A1000F50A014582808347B5000326451163906E
:103A20000714930750056398F600D9472306F5025B
:103A300093073002F9B79717FF1F9387279883459D
:103A4000460003C7A70383C7B703834865146D8F78
:103A50002305E51403463600F18F0546A305F5144A
:103A6000331616016314C7002305051403487514A3
:103A70008545B39505016394B700A3050514034775
:103A8000A5148347B5145DCFD9CB93752700B1C179
:103A900013F627001DCE930720202315F5140347A6
:103AA000A5148547B39717016314F7002305051480
:103AB0000347B5148547B39707016314F700A305BF
:103AC000051485476398F608930760052308F500F9
:103AD00089B71376470001CA13F347006305030053
:103AE000930740405DBF058B19C713F7170001C747
:103AF000930710105DB7094781E5114711E20547AB
:103B00002305E51413F7270009C78947A305F51412
:103B100079B7918B99C39147D5BF8547C5BFB35737
:103B20000741858B81C72305B51495BF937727007F
:103B300089C789472305F5149DB7118B91477DFBF4
:103B40008547CDBFA9DF33D71741058B45DFA305D7
:103B5000C514B1B78327850A93E707104DBD854784
:103B60006397F60083474600A305F514B1BF83278A
:103B7000850A93E7072061BD05458280834665017C
:103B80000D47AA8705456394E61483C6070113070A
:103B900050050545639DE61203C7B7006319071278
:103BA00083C6471403C7571403A6471133F5E6002D
:103BB0008345460019ED6396B60003453600630A57
:103BC000E50023950714130770052388E7000145D6
:103BD0008280ED8E2385D7140346360003C8671410
:103BE000718F0546A385E714331606016394C6005A
:103BF0002385071403C577148545B395A500631481
:103C0000B700A385071483C6A71403C7B714C5CA92
:103C100041C793F526009DC91376270005CA1307EF
:103C200020202395E71483C6A714054733170701FF
:103C30006394E6002385071483C6B714054733173A
:103C4000A700E392E6F8A3850714B5BF13F6460074
:103C500001CA937847006385080013074040D1B735
:103C6000858A99C69376170081C61307101055BF31
:103C7000894681E5914611E285462385D7149376DE
:103C8000270089C60947A385E71471BF118B19C3A3
:103C90001147D5BF0547C5BF33D7A640058B01C720
:103CA0002385B71449B713F7260009C709472385A9
:103CB000E71495BF918A1147FDFA0547CDBF25D777
:103CC000B3560741858AC5DEA385C714A9BF828084
:103CD0008346B5000547AA870545639FE60683C668
:103CE0006701154705456399E60603C70701930673
:103CF00050056306D70093068005631FD70403C7EA
:103D0000A70283A54711136717002385E70203C69F
:103D100045001147636EC70083C63500636AD7004C
:103D20001307F6FF1385F6FF718F758D498F11C745
:103D300005472388E7000145828003C7650003C566
:103D400055002385C7142207498F2396E714A385BE
:103D5000D7141307A005F1BF82808347B50095E310
:103D6000834665010D478547639BE60003470501D0
:103D70006317F700930710062308F50081473E8577
:103D800082808547EDBF0347650189476310F706C9
:103D9000832745119705FF1F83C5E56683C7370055
:103DA00013F6F70113D767009707FF1F83C79765BF
:103DB00063EAC7008346E514A18A89C6B3D6E54005
:103DC000858A9DE6E9472306F5028547B397E70014
:103DD000ED8F8D8B794799C3130700028327850ADE
:103DE000A305E50293E727002324F50A0545828011
:103DF000230AE51403470501A309C5148547631881
:103E0000F700930760062308F500014582808327A9
:103E1000850A93E707402324F50AC5BF03476501D8
:103E20008947631CF702832745110347050183C7B0
:103E300037002308F50285476318F70093076007EA
:103E40002308F500014582808327850A056713074B
:103E50000780D98F2324F50AF5B70545828083466C
:103E600065010947AA870545639FE60283C60701E6
:103E70001307500701456398E60203A74711A1669F
:103E8000034737002388E70203A7070A558F23A0BB
:103E9000E70A05472388E70003C71701136707F8F8
:103EA000A388E70082808280834665011547AA8740
:103EB00005456399E60C83C60701130750080545BD
:103EC0006392E60C03A7471183463700A38DD714EE
:103ED00083064700A382D716030657002380C71620
:103EE000034767002382E71603C7871593754700CA
:103EF000B5CD8946A38CD71483A6070AC1656D9BEF
:103F0000CD8E23A0D70A238CE71403C7A716937678
:103F1000170085C29306F0076306D60013672700D3
:103F20002385E71603A7070AB7060200558F23A0CB
:103F3000E70A1707FF1F13076748034737000145C4
:103F4000A387E70203C74703A380E7160547238833
:103F5000E70003C7A702136717002385E70203C71B
:103F60001701136707F8A388E7008280098B51DFE8
:103F7000C9DE03A7070AC166A38CA714558F23A027
:103F8000E70A61B78280834665011547AA87054520
:103F90006390E60A83A64711014503C636001377EE
:103FA000060F59E71707FF1F03471745718F49C3CE
:103FB00003C7660011482380E71683855600014732
:103FC000A382B716130517003357E640058B937885
:103FD000F50F15CF238D171503C74600A38DE714E2
:103FE00003C78715937647009DC68946A38CD714CF
:103FF00083A6070A41666D9BD18E23A0D70A238C26
:10400000E71403C747030145A380E71682802A8788
:10401000E31A05FBD1B7098B6DD7E5D50547A38C0E
:10402000E71403A7070AC166558F23A0E70AD1BF8B
:104030008280834665011147AA8705456393E60A96
:1040400083C5B7000545639EA50883A6471103C82D
:1040500036006366050303C74600130510091306FF
:10406000B7FF1376F60F636CC50003C656009306C0
:10407000B6FF93F6F60F6364D5006371E6027947E5
:10408000A385E702130780022386E70203A7870AB6
:1040900001451367270023A4E70A828083A6C7107F
:1040A000014593F6060895CE83C647176317B802F5
:1040B00093E61600238AD7169306000AA38AE7160A
:1040C0003307D70283D6A7033347D70283D6070423
:1040D00085063697239BE7168280D99A238AD716BE
:1040E0008280828083270511E9C72547A30AE5005E
:1040F00051472381E7000347451B8355651B035642
:10410000A51BA381E7000347551BA382B7002382A9
:10411000E70013D785002383E7000347851BA383AC
:10412000E7000347951BA384C7002384E7001357C8
:1041300086002385E7008346751409476386E602F7
:10414000032705109316470163C006028566938610
:1041500086842E8763F3B600368742074183A382A5
:10416000E70021832383E7008346651409476386BC
:10417000E602032705109316470163C00602856611
:1041800093868684328763F3C6003687420741836D
:10419000A384E70021832385E7008347A50293E7F3
:1041A00047002305F502930700052308F5000145A4
:1041B00082800545828083270511E9CB2547A30A24
:1041C000E50055472381E7000347451B8355651BE1
:1041D0000356A51BA381E7000347551BA382B70025
:1041E0002382E70013D785002383E7000347851B5D
:1041F000A383E7000347951BA384C7002384E7003C
:10420000135786002385E7008346751409476380AA
:10421000E6028566938686842E8763F3B60036872A
:1042200042074183A382E70021832383E70083467B
:10423000651409476380E602856693868684328723
:1042400063F3C600368742074183A384E7002183D6
:104250002385E7008347C507A305050299C7832780
:10426000050A93E707102320F50A8327450A1397C9
:104270004701635807007D771307F77FF98F2322E3
:10428000F50A85472308F5000145828005458280AF
:1042900003476501AD476318F702411106C683471E
:1042A000451783254511294693E70701230AF5168B
:1042B0008D051305D51797C0FE1FE7808077B240A4
:1042C000014541018280054582808347B500EDE7C5
:1042D000411122C406C603476501E1472A8405450A
:1042E0006318F70C03470401930700046312F70CEB
:1042F0008325441105659306A5C703C7450083C7F9
:10430000350022075D8F9307A7FFC207C18363ECC7
:10431000F60883C7650083C65500130505C8A207C4
:10432000D58F6362F50863E0E70803C6850083C69E
:1043300075002206558E9306301F63E6C60683C6B7
:10434000A50003C89500A206B3E60601636DD50477
:10435000130516003305E502139836006345A804DB
:1043600003C8B5001315080141816304080063EC1C
:10437000A702231DC4042312A406231AE406231B48
:10438000F406231ED40483C7D50003C7C5003146F5
:10439000A207D98F2313F406B9051305840697C025
:1043A000FE1FE7800069930770042308F4000145AD
:1043B000B24022444101828005458280411126C2DB
:1043C00006C622C403476501E14785446318F70424
:1043D000832785102A848544898BA9C38347B50028
:1043E00063919706EFE05FE683470401A305A4020B
:1043F00063979700930710042308F40039A8130764
:1044000000046393E702930710042308F400834732
:10441000A40293E717002305F4028144B24022442A
:1044200026859244410182808327040A93E727006E
:104430002320F40A8347140193E707F8A308F40044
:10444000E9BF834715018D8B99CF9307A002A30580
:10445000F402BD472306F4028327840A93E727006A
:104460002324F40A5DBF8347050163979700EFE0BB
:10447000BFDDA305A402BDBF130700026390E702DE
:10448000EFE09FDCA305A402814449F98327440A95
:1044900037070080D98F2322F40A49B71307000495
:1044A000E39EE7F6930730025DB7411126C206C6C8
:1044B00022C48347B5008544A5E703476501A547A6
:1044C0008544631FF7048327850FA18BB1CB832518
:1044D00045112A8421468D051305051097C0FE1F3E
:1044E000E780205583270410B73678089386060D99
:1044F000DD8E8327441013E707018327840FF58F90
:104500002324F4108327C40FF98F2326F410834744
:104510000401639D9700930710032308F40081446E
:10452000B240224426859244410182808327840A36
:1045300093E707012324F40ADDB7411126C206C61A
:1045400022C403476501A5478544631AF70603475C
:1045500005019307000385446313F706832545117E
:104560002A8421468D051305051097C0FE1FE7809C
:10457000404C83270410B73678089386060DDD8EED
:104580008327441023089400A305040213E70701BE
:104590008327840F8144F58F2324F4108327C40FCD
:1045A000F98F2326F4108327040A93E707022320B8
:1045B000F40A8347140193E707F8A308F400B24014
:1045C000224426859244410182808347B5000547F5
:1045D0006395E708411122C406C683466501254755
:1045E0002A8405456390E606034704016310F70635
:1045F000832544112146130504108D0597C0FE1F25
:10460000E780204383270410B73678089386060D89
:10461000DD8E8327441013E707018327840FF58F6E
:104620002324F4108327C40FF98F2326F410930753
:1046300010032308F40083471401014593E707F8AA
:10464000A308F400B2402244410182808327840AF7
:1046500093E707012324F40AF9BF05458280034745
:10466000B5008547631CF704411122C406C626C263
:1046700003476501A1472A840545631CF70283248B
:1046800044111305841215469385340097C0FE1F0C
:10469000E780203A83C7940003C784000145A2073E
:1046A000D98F2317F4128347140193E727F8A3083F
:1046B000F400B24022449244410182800545828048
:1046C0000347B50085476310F716834665015D47CC
:1046D000639CE614011126CA8324451122CC21468D
:1046E0002A84938534001305F51806CE97C0FE1F63
:1046F000E780203483C7C40003C7B400A207D98F62
:10470000A30BF418A183230CF418EF000FFC2AC4A8
:10471000EF00AFFB2AC62C001305841A214697C070
:10472000FE1FE780003183C7F40003C7E4001305D0
:10473000041BA2074207BA9703C704012C001146C5
:10474000BA9703C7D4006207BA972324F40C83C72F
:10475000340103C72401A2074207BA9703C74401E3
:10476000BA9703C714016207BA972322F40C0347D0
:10477000941A8347A41A4207A207BA970347B41AA8
:10478000BA970347841A6207BA972320F40C0347A9
:10479000D41A8347E41A4207A207BA970347F41AC8
:1047A000BA970347C41A6207BA97232EF40AA2479E
:1047B000374703001307D73FB387E70237A7260021
:1047C000130737ECBA973EC497C0FE1FE7806026F8
:1047D00083C7640103C77401A2074207BA9703C7DE
:1047E0005401BA9703C784016207BA97232EF40CC9
:1047F0000347241B8347141B4207A207BA970347AA
:10480000041BBA970347341B6207BA972320F40EA0
:10481000930710022308F400F24062448147D24417
:104820003E850561828085473E858280034765011C
:104830009147631BF712411126C28324451106C616
:1048400022C403C7340001CB9307F7FFF98F81E738
:104850009377070F8DC793070002A305F50293070F
:1048600030022306F5028327850A93E727002324D5
:10487000F50AB2402244924401454101828083C539
:1048800054009306E007814711466397D500F94726
:10489000E9B7B687638CC60093861700B357F74015
:1048A000858B93F5F60FF5D7230DB5148387440058
:1048B0002A84B5C3A30EF514030535143387A70066
:1048C0001375F50F635AF0008307F41563DAE700F8
:1048D000898FA30EF41429A08307E415E34AF7FE99
:1048E0008347D4153E9562056185212F2301A414C9
:1048F0005D2583473414A301A414B307F540A30E28
:10490000F41401278347A415034734142301A41486
:10491000A297A382E7168307440383062416014760
:1049200063D5F600958F13F7F70F230EE41483C7B2
:10493000540005472300F416834704016397E700FA
:10494000930760F82308F4002DB713075008639607
:10495000E700FD57230EF414E5B78327840A09679F
:10496000D98F2324F40A31B70545828003476501B6
:10497000A547631EF704411122C406C683460501FC
:10498000130700052A8485476397E602EFE07FA0BE
:1049900005E98327040AA305040293E707102320EF
:1049A000F40A8347140193E707F8A308F400854746
:1049B0002308F4008147B24022443E8541018280B1
:1049C0008347A40293E717002305F402D9BF854764
:1049D0003E85828003476501A5476309F7000545C9
:1049E00082800545B24022444101828083278510A0
:1049F000411122C406C693F707022A84FDD3EFE0D3
:104A00005F998547E30FF5FC034704016318F7003E
:104A1000930710052308F4000145E9B78327840AAA
:104A200093E707082324F40AC5BF0545828005459E
:104A30008280054582800545828005458280054546
:104A4000828005458280054582808347C500A30A90
:104A50000500F19B93E717002306F50003250511D8
:104A60001335150082801707FF1F034757899547A5
:104A7000630BF7009707FF1F9387078883C77700AB
:104A80000D47631FF7009707FF1F83C77787639E54
:104A90000710930760101707FF1F2313F786828004
:104AA000411126C29707FF1F93874791938441A422
:104AB00022C4E05F9C404AC006C623A207060967DD
:104AC00098C719459707FF1F238A0782EF00301602
:104AD000938781A3944337C7898E130767ED98C6E0
:104AE0003757550013075755D8C20347240293067A
:104AF000F00F3E896307D700FD57A300E4022301AE
:104B0000F4020345140289476303F5000145984008
:104B100001469305F00F5C4393E717005CC39307CE
:104B200010FA2305F400994717F7FE1FA309F77C35
:104B300097F7FE1F2382077C97F7FE1F2380077CD1
:104B40009D2D9387C1A49443DC56F59BDCD6832727
:104B50000900034794001376F7079843137707F883
:104B6000518F98C317F7FE1FA30A0778904017F7D5
:104B7000FE1FA3030778054718C298431377F7E78A
:104B800098C398431377F7E71367071098C39C46B9
:104B900037073300B240D98F22449CC69307900D4B
:104BA0003CCA92440249410182808280411106C67A
:104BB00022C417F7FE1F0347B77497F7FE1F9387AA
:104BC000A77301CF97F6FE1F83C6867309476396C6
:104BD000E60017F7FE1FA305077203C77700A1467B
:104BE0006387E60003C777009D46639DE60083C7A1
:104BF000770017F7FE1F2305F770854717F7FE1F8D
:104C0000A300F770EF00407B97F7FE1F9387077BA9
:104C1000E05F6840231504002304040097D0FE1FC2
:104C2000E780C0C6914523100404232204042324F2
:104C3000040417F5FE1F03455550EF00AFF3A145DF
:104C400017F5FE1F0345754FEF00CFF20345140320
:104C50009307F00F6307F500EF006FF6FD57A30809
:104C6000F402034504039307F00F6307F500EF0018
:104C70000FF5FD572308F402B2402244410182801F
:104C8000011126CA97F4FE1F9384447322CC03A417
:104C9000040C4AC84EC652C456C206CE2A8981495F
:104CA000130A2500854A29E893057025314597D0D8
:104CB000FE1FE78040B12A8401453DC083471900AB
:104CC000194693052900A300F4001305240097C09A
:104CD000FE1FE78000D683A7040CA1EF97F7FE1F05
:104CE00023AE87782324040083C7C40B850717F7F6
:104CF000FE1F2303F77825A00347140083471900FC
:104D00006305F700A289004479BF1946D2851305CF
:104D1000240097C0FE1FE780C0DAE31555FF054564
:104D2000F2406244D2444249B249224A924A056161
:104D30008280E38909FA23A489006DB797F7FE1FE3
:104D40009387C76703A5070C11E997F7FE1F23A7F1
:104D5000077297F7FE1F238107728280411106C6F2
:104D600022C4004597D0FE1FE78040B2228575F827
:104D7000B240224497F7FE1F23A2077097F7FE1F49
:104D8000238C076E4101828097F7FE1F938707638C
:104D900023A0070C238E070A8280011122CC1384E2
:104DA00041A4184006CE26CA2EC632C43C4BAA8463
:104DB000354593F7F7F73CCB9D2D184026853C4BA6
:104DC00093E707083CCB2246B24597C0FE1FE78019
:104DD000E010F2406244D2440145056182801387AD
:104DE00041A41443BC4A93F7F7F7BCCA0100010081
:104DF00018431605136505083C4B93E707083CCBA1
:104E0000938741A39C4303A7450E88C398CB03A770
:104E1000850E0145D8CB03A7C50B98CF03A7050C7A
:104E2000D8CF03A7450C98D303A7850CD8D303A7E5
:104E3000C50C98D703A7050DD8D703A7450D98DB58
:104E400003A7850DD8DB03A7C50D98C703A7050EDB
:104E5000D8C798431367070498C38280138741A477
:104E60001443BC4A93F7F7F7BCCA0100010018438A
:104E70001605136505083C4B93E707083CCB938761
:104E800041A39C4303A7C50E88C398CB03A7050F76
:104E90000145D8CB03A7C50B98CF03A7050CD8CFE6
:104EA00003A7450C98D303A7850CD8D303A7C50C3B
:104EB00098D703A7050DD8D703A7450D98DB03A7FF
:104EC000850DD8DB03A7C50D98C703A7050ED8C766
:104ED00098431367070498C3930700F817F7FE1F5A
:104EE000230FF7408280138681A31C42B7068000FF
:104EF000B71501809843938585E7558F98C39843EC
:104F0000B7060010558F98C31307001DD8DB17F79D
:104F1000FE1F0347E71F93169701CD8ED4D7D457B2
:104F2000B70500821377F703FD15ED8E6607558FE1
:104F3000D8D737170040930770052300F70493076D
:104F400080FA2300F70497F6FE1F83C6661CB54758
:104F500063FBD7028357270293E707012311F70268
:104F60001842B7070900938737081CD337E700E0DA
:104F7000D147A309F70497C7FE1F9387472193E7FB
:104F800017007CD7828083572702C207C183BD9B4D
:104F9000C207C183E1B79307C00363E2A706130703
:104FA00080029547636BA704714791476367A70425
:104FB00059478D476363A70449478947636FA70231
:104FC00039478547636BA702314781476367A7026B
:104FD0002947FD576363A7022147F557636FA70071
:104FE0001947ED57636BA7000D47E1576367A700AB
:104FF0000547C1576373A700D1573E858280994703
:10500000EDBFC5576340F50655578947634AE50428
:10501000655791476346E50471579D476342E50430
:105020007957A547634EE502AD47634B0502B54787
:1050300005C90547BD476305E5020947CD4763013B
:10504000E5020D47DD47630DE5001147F5476309AC
:10505000E50015479307D0036314E500930790021A
:105060003E8582808547EDBF938701A49C4399CB01
:10507000944BD04B9842518F98C294439C4798428E
:10508000D98F9CC2938781A3138641A405489C4372
:1050900017F7FE1F0347E7261442631205058843EE
:1050A00075787D183375050188C3C846F977FD17F3
:1050B000E98FDCC60100010014428967AD059CC67A
:1050C000930700F817F6FE1F230AF6229397250090
:1050D0009305E709BE958605ECD2C8C6828075782F
:1050E000137325009308F8FF630B030803A8070058
:1050F00089050D433378180189683368180123A0A6
:10510000070151781307E70B8E057D1863116504BD
:1051100088433375050111683365050188C3C846A6
:10512000F977FD17E98FDCC6010001001C429306E8
:1051300000F89385750D23A4170117F6FE1F230FA2
:10514000D61A8605BA958605ECD3C8C782808843EF
:105150003375050188C3C846F977FD17E98FDCC6AA
:10516000010001001C42930600F89385A50423A4C6
:10517000170117F6FE1F2303D6188E05E1B78843E3
:105180000568337515013365050188C3C846F9778D
:10519000FD17E98FDCC6010001001C428966A905E4
:1051A00094C7930600F817F6FE1F2309D6148E0540
:1051B0001307E70941BF938701A49C4389CFD443D8
:1051C00003A8870098423367070198C2D447DC4B95
:1051D0009842D98F9CC2938781A383C6C1A31377BA
:1051E00025009C43858A25CB984375757D15698F6D
:1051F0000965498F98C3370709001307670898D3D3
:10520000372730084517D8CB3717030013079761A6
:1052100098CF0D671307E78D98D7376700011307FD
:105220000731D8D385C637A73F001307F74D9E0532
:1052300098CB9385453697F7FE1F23A5B70C11C66B
:10524000060697F7FE1F23AFC70A8280372737006D
:105250001307F72DE9BF370709001307370898D35D
:105260003727100813071790D8CB371703001307F9
:10527000476298CF0D671307E78B98D73767000110
:1052800013070731D8D385C637A73F001307E72C8C
:1052900098CB75779306F7FF984305489505758F6A
:1052A000631C050198C38E059385C50369B737272D
:1052B00037001307072DE9BF8566558F98C3920500
:1052C000E5B711C937170040835787012168B3E755
:1052D0000701231CF7008E0597F7FE1F2383B702F3
:1052E000938781A322069C43498E4D8EB7051000FB
:1052F0004D8EF0D3F85313674700F8D3984391C607
:10530000B7060020558F98C38280B70600E0FD16CF
:10531000758FD5BF411106C617F7FE1F034747FE1D
:10532000A1476310F70497F7FE1F83C7A7FE858B7D
:1053300017F6FE1F0346360097F6FE1F83C6A6FF2C
:10534000B5C797F7FE1F9387E7FEC84325C183457E
:1053500015000905192511C5854717F7FE1FA3017B
:10536000F7FA17F7FE1F0347A7F99947631CF700E1
:1053700097F7FE1F93878704FC5F83C7B70095CB21
:10538000EFF06FEE17F7FE1F034787F79D47631295
:10539000F70297F7FE1F9387670283A7070983C762
:1053A000770081CBB24041016FB0D01D81450145EE
:1053B00055B7B24041018280138741A41C43B44BCE
:1053C000E19AB4CB944393E6860094C39C438D83C7
:1053D000858B89C70100010001000100938781A32B
:1053E00094439C4293F7F7E793E707089CC293879F
:1053F000C1A49043B706CEFFFD161C46F58F1CC610
:105400001C4313070008B8CB938701A49C4399CB96
:10541000D44390479842518F98C2944BDC4B9842AA
:10542000D98F9CC297F7FE1FA38B07EC82809387CE
:1054300041A49C439C438D8BF9CB411122C426C2CD
:1054400006C617F7FE1F034797EB8D47AA8417F48C
:10545000FE1F130464EA631BF70097F7FE1F938790
:1054600067EB9C4B014681454545829719476392FE
:10547000E40497F7FE1F83C7B7E899CB97F7FE1FA1
:1054800083C707E86396970097F7FE1FA38A07E68E
:105490008347740021476318F7009307801017F7BC
:1054A000FE1F231FF7E42244B240924441016FF0F3
:1054B000BFF09D47639FF40097F7FE1F83C757E433
:1054C000E1DB17F7FE1F0347A7E38D47E312F7FC65
:1054D00065BF83467400630BD7000347740063877E
:1054E000E700834774002147E31FF7FA97F7FE1F91
:1054F00083C717E1CDFB8347740017F7FE1F230115
:10550000F7E0854717F7FE1FA30CF7DE69BF82801F
:10551000011122CC2A8411452EC632C436C206CED1
:10552000EFF0FFF0938781A39C43B7083300D8576F
:10553000719B13671700D8D7138741A4084313073B
:10554000000A78D198431377F7E798C39843137705
:10555000F7E71367071098C31387C1A41843B24530
:105560009246032887002246336818012324070146
:105570001308A00D23280505C9CD4C571364040456
:10558000F5994CD71377F4078043137404F8598CBA
:105590003747767180C31307971298C7375755005E
:1055A0001307575517F4FE1F130404D5D8C35C48DE
:1055B000B6853CD997F7FE1F238107D497F7FE1FC6
:1055C000A38D07D25C41F99B5CC19147014517F758
:1055D000FE1FA306F7D297C0FE1FE78060CD93871A
:1055E00001A4984311C7544318479C42D98F9CC2C9
:1055F00083473400858B91CB97F7FE1F83D787DCD9
:10560000850717F7FE1F231FF7DAF2406244056192
:1056100082804C57F5994CD71377F4078043137465
:1056200004F8598C37C7898E80C3130767EDB5B767
:10563000011126CA4AC84EC6C1643709006AB709B3
:1056400000AC22CC52C406CE0544FD141309690EE9
:105650009389E90C130A000205E49305000F414504
:10566000EF006FA0B7B7006A4205938767CE5D8DE4
:10567000F2406244D2444249B249224A05618280E2
:10568000A6850145EF006FA09317850013F707105B
:1056900033E5270119C333E5370181470147E14568
:1056A000B356F50085073356F500858A058A6307EA
:1056B000D60005071377F70F63E4E504E39247FF8D
:1056C00081471306F003ED463357F5001377F703D0
:1056D00005CB6307C7028507E398D7FE13578500FC
:1056E0009377F50F1377F70FE394E7F81357050156
:1056F0001377F70FE39EE7F613578501E39AE7F672
:1057000005041374F40F89BF17F7FE1F034737BF53
:10571000A5476303F70C97F7FE1F9387E7BD83C781
:1057200077001147630AF70A938741A39843B7C7E5
:105730000040938707306311F70A4111354506C6CB
:1057400022C426C24AC0EFF09FCE138981A3ED2860
:105750009D29EFF04FF983270900F576FD16984350
:105760009384C1A4138441A4758F98C39843B7064A
:1057700033001377F7E798C398431377F7E7136776
:10578000071098C398401C47D58F1CC71C401307AF
:10579000D00DB8CB9D25EF104036792B252503275A
:1057A00009001C4393F7F7E793E707081CC39440ED
:1057B0003707CEFF7D179C46B2409244F98F9CC6B6
:1057C0001C40130700082244B8CB97F7FE1FA3889C
:1057D00007B20249410182808280238E01A223A068
:1057E00001A4B7C700401387073023AAE1A213879B
:1057F000072023A2E1A49387071037D70040411167
:1058000023A6E1A423ACF1A206C617F7FE1F1307D7
:10581000A7AE8547A303F70097F7FE1F9387078E70
:105820009C431CCF938707115CCBEFF0FFEDB7E7EC
:1058300000E037071000B24023A0E7103707200030
:1058400023A0E71041018280938741A49C43130762
:10585000C00893066007D8CBD4CFD8D31306C003B3
:10586000D0D7D8DBD0DFF8C317F7FE1F1307C7A8C0
:10587000184FF4C7F8DB41677D1798C73D673D07B0
:10588000D8C737E700E0D5472309F70497C7FE1FBD
:105890009387A7EB93E717003CD782809387C1A437
:1058A000984317F6FE1F1306E6A6938781A3944339
:1058B0008347160013F8F707D9C588425C42137571
:1058C00005F83365050188C213F5150001C993F584
:1058D000050341456396A506938707834C574168A6
:1058E000130808A093E525004CD7B3D50703B708E4
:1058F00010FEFD18B3F70703FD89139545016C43AE
:10590000B3F51501C98D6CC39305A00F3705FCFFD6
:10591000AA07B3D7B7026C43E98DBA07B983CD8F15
:105920007CC383470600898B99CB9C4293F7F7078A
:1059300013E707049C4293F707F8D98F9CC2828033
:10594000938787C161BF5C57F59B5CD79C4293F7F7
:1059500007F8B3E707019CC2E9B797F7FE1F9387E3
:10596000E7A583A7470A85C3054582800545B25050
:10597000225492540259F249624AD24A424BB24BE3
:10598000224C4561828079714AD017F9FE1F1309B4
:1059900069988327890006D622D426D24ECE52CCCF
:1059A00056CA5AC85EC662C4F1D3138441A41C40CF
:1059B00098430D8B05C3B84B619BB8CB98431367D5
:1059C000870098C39C438D83858B89C701000100A4
:1059D00001000100138C81A303270C00138AC1A4CA
:1059E000368B1C43B7063300B28B93F7F7E71CC323
:1059F0001C43AE89AA8A93F7F7E793E707101CC305
:105A000003270A0097F4FE1F9384C4921C47D58F86
:105A10001CC71C401307900DB8CB97F7FE1F83C718
:105A20002792918B89EB97F5FE1F83C5A58E93F77F
:105A3000050463980714814517F5FE1F0345958DEE
:105A4000EFF0DFE517F5FE1F0345C58C1185014614
:105A500097F5FE1F83C5C58D0D89EFF0CFF50327A0
:105A60000A005C4393F7F7EF5CC3010001000100FB
:105A70000100010001000100010003270A005C434E
:105A800093E707105CC383270C000327890098C79E
:105A90000327C900D8C318408347090093F61700AD
:105AA0005C43F99BD58F5CC397F7FE1FA38577896D
:105AB00097F7FE1F238167895C43858BA9CFDC4064
:105AC00085E317F5FE1F0345B58693059004090588
:105AD00097C0FE1FE78020CF97F7FE1F23AEA78455
:105AE000DC40E38507E817F7FE1F0347C7842380E0
:105AF000E700DC40638E0A08638C0908A380370145
:105B0000C8404E86D685090597B0FE1FE78060F233
:105B10001C40D840B8DB3545EFF07F9183C7E400E7
:105B200093E7470017F7FE1F230DF7809307000444
:105B300017E7FE1F2302F77C97E7FE1F2380077CF1
:105B4000A14717E7FE1FA30CF77A97E7FE1F93877D
:105B5000E75A9C5791CB13060064C14517E5FE1F19
:105B60000345457EEFF0CEDF97E7FE1FA388077859
:105B700097E7FE1FA38207781C400547014598C39D
:105B8000FDB393F5050393E51500032549004DBDCD
:105B9000A3800700B5BF9387C1A49443056713078B
:105BA0001710D8C6514701007D1775FF984323266B
:105BB0000700514701007D1775FF9843856793875C
:105BC00017105CC78280411106C6EFF0DFFC938797
:105BD000C1A49C43130700483703009098D7B847E7
:105BE0007D13370E0020337767003367C701B8C7CE
:105BF000B847B70600F9FD16758F37060004518FB8
:105C0000B8C7B8473706F9FF7D16419B1367970061
:105C1000B8C7B847B7080080B70E0002718FB8C781
:105C2000B847370600FF7D1633671701B8C7F84736
:105C300045757D1E619B13673700F8C7F8471377DA
:105C4000F7F813670703F8C7EC4793F5F58F93E56B
:105C50000530ECC7F847718FF8C7F847116633670E
:105C6000D701F8C703A807051307F5FF7D7533783B
:105C7000E8003368C80023A8070503A847057D1579
:105C8000137808FF1368C80023AA0705F04B1366B2
:105C90000608F0CBF04B698EF0CBC85F798D216799
:105CA000598DC8DFCC5F37070040F58DB3E5D501CE
:105CB000CCDFD05FB70570003376C601598ED0DFD8
:105CC000D05709674D8ED0D7D057F18ED4D7D4573F
:105CD00075767D16F18ED98ED4D7D4573706FDFF51
:105CE0007D1637070200F18ED98ED4D7945BC19A06
:105CF00094DB945B93F6F6F094DB945B93F6F68F6B
:105D000094DB985BB70600504D8F98DB985B337738
:105D10006700558F98DB985FB70608FFFD16758FF3
:105D2000B7068800558F98DF985FB368170123ACDA
:105D30001703B240410182801387C1A41C434176FE
:105D40007D16B44BF18EB4CB944737062000D18E2C
:105D500094C7D44793E60601D4C7D447BD9AD4C7A5
:105D6000010001000100010014430566DC4693E7D1
:105D70000701DCC6DC42D18FDCC2938741A490438B
:105D8000930700057CD27C5291C783A7C609A183E3
:105D9000858BF5DB01000100010001001C43416619
:105DA00003A7C709B44BD18EB4CB9376F701B84B98
:105DB000019B558FB8CB9847B706E0FFFD16758F4E
:105DC00098C782809387C1A49C4341777D17B44FC5
:105DD0004166F98EB4CF9447D18E94C7D44793F6D9
:105DE000F6EFD4C7D443758FD8C3D44793E60610D3
:105DF000D4C7D843518FD8C38280397122DC138431
:105E0000C1A41C4006DE26DA4AD84ED652D456D259
:105E10005AD05ECE62CC66CA6AC86EC6D843FD76DA
:105E2000FD161377F7EFD8C39857758F98D7D857C3
:105E3000B70602003D9BD8D79847558F98C7D843DF
:105E400013670701D8C3138781A41443375734124B
:105E500013078767E38FE648D84381749384F40F70
:105E6000799BD8C3985FB166938606F0658F558F8E
:105E700098DFD84313671700D8C397C0FE1FE78089
:105E800060911C4003A707091377F7032388E1A457
:105E900003A7470929831377F707A389E1A4D84308
:105EA000B96693860670799BD8C3985F658F558FC6
:105EB00098DFD84313671700D8C397C0FE1FE78049
:105EC000608D1C4003A707091377F7032389E1A41A
:105ED00003A7470929831377F707A38AE1A4D843C7
:105EE000B56693860630799BD8C3985F658F558FCA
:105EF00098DFD84313671700D8C397C0FE1FE78009
:105F0000608918408327070993F7F703A388F1A452
:105F100083274709A98393F7F707238AF1A41C4035
:105F200003CC11A583C601A503A7070AB386864142
:105F300013F6F600419B518F23A0E70A1307600276
:105F40003387E6021306700283A5070A7D7E130ECF
:105F5000FE0F93F5F5F01305400245737D1313040E
:105F600030023347C702B708F1FFFD1813082002BB
:105F7000930E10027D4FF94FF542F1436D4DD14B19
:105F8000454BBD443949314AAD4AB5493D8B1207AD
:105F90004D8F9305500223A0E70A3387B60283A5ED
:105FA000070AB3F5C5013347C7023D8B22074D8F62
:105FB00023A0E70A3387A60283A5070A370500F165
:105FC0007D15B3F565003347C7023D8B32074D8F12
:105FD00023A0E70A3387860283A5070A6144B3F545
:105FE00015013347C7023D8B42074D8F23A0E70AB7
:105FF0003387060383A5070A370810FF7D18B3F51A
:1060000005013347C7023D8B52074D8F23A0E70A96
:106010003387D60383A5070AB70E0010FD1EE98D4E
:106020003347C7023D8B62074D8F23A0E70A1397C2
:1060300056003347C7029315C70103A7070A3377F2
:10604000D7014D8F23A0E70A3387E6035D4F33471F
:10605000C7029375F70003A7470A419B4D8F23A200
:10606000E70A3387F60383A5470AD94F93F5F5F07E
:106070003347C7023D8B12074D8F23A2E70A3387B0
:10608000560283A5470AD542B3F5C5013347C70277
:106090003D8B22074D8F23A2E70A3387760283A523
:1060A000470ACD43B3F565003347C7023D8B32073E
:1060B0004D8F23A2E70A3387A60383A5470A494DDC
:1060C000B3F515013347C7023D8B42074D8F23A21D
:1060D000E70A69473387E60283A5470AB3F5050156
:1060E0003347C7023D8B52074D8FE54523A2E70A90
:1060F0003387B60283A5470AE98D3347C7023D8B34
:1061000062074D8F23A2E70A338786020D44334787
:10611000C7029315C70103A7470A3377D7014D8FED
:1061200023A2E70A3387E603254F3347C702937557
:10613000F70003A7870A419B4D8F23A4E70A338703
:10614000F60383A5870A9D4F93F5F5F03347C70201
:106150003D8B12074D8F23A4E70A3387560283A590
:10616000870A9942B3F5C5013347C7023D8B220721
:106170004D8F23A4E70A3387760383A5870AB3F5F7
:1061800065003347C7023D8B32074D8F23A4E70AD2
:106190003387760283A5870A9543B3F51501334704
:1061A000C7023D8B42074D8F23A4E70A3387A6031E
:1061B00083A5870A294DB3F505013347C7023D8BF7
:1061C00052074D8F23A4E70A3387660383A5870A06
:1061D000E98D3347C7023D8B62074D8F939546008B
:1061E000B3C5C50223A4E70A03A7870A3377D701FB
:1061F000F2054D8FB385960223A4E70A03A7C70AC9
:10620000419BB3C5C502BD894D8F23A6E70A3387DD
:10621000260383A5C70A93F5F5F03347C7023D8BE4
:1062200012074D8FB3C5860223A6E70A03A7C70A44
:106230003377C701BD89A2054D8F23A6E70A3387AF
:10624000460383A5C70AB3F565003347C7023D8BF4
:1062500032074D8F23A6E70A3387560383A5C70A63
:10626000B3F515013347C7023D8B42074D8F23A677
:10627000E70A3387A60383A5C70AB3F505013347A9
:10628000C7023D8B52074D8F23A6E70A3387E603EB
:1062900083A5C70AE98D3347C7023D8B62074D8F3F
:1062A00093953600B3C5C50223A6E70A03A7C70A1C
:1062B0003377D701F2054D8FB385F60323A6E70A9E
:1062C00003A7070B419BB3C5C502BD894D8F23A80A
:1062D000E70A3387560283A5070B93F5F5F033479A
:1062E000C7023D8B12074D8F23A8E70A338776023A
:1062F00083A5070BB3F5C5013347C7023D8B2207C2
:106300004D8F23A8E70A139726003347C70283A5BA
:10631000070BB3F565003D8B32074D8FB3C53603D0
:1063200023A8E70A03A7070B33771701BD89C20526
:106330004D8F23A8E70A139716003347C70283A59A
:10634000070BB3F505013D8B52074D8FB3C5C60250
:1063500023A8E70A03A7070B698FBD89E2054D8FC4
:1063600023A8E70A03A7070B930580023377D70119
:1063700023A8E70A03C721A53307EC40B34DB702B2
:1063800083AC470B93FC0CFFB34B770393FDFD00ED
:10639000B3ECBC0123AA970B83AC470BCD4D93FC08
:1063A000FCF093FBFB00920BB3EB7C0123AA770B71
:1063B000B30B870283AC470BB3FCCC01B3CBBB025E
:1063C00093FBFB00A20BB3EB7C01B34CA70323AA06
:1063D000770B83AB470BB3FB6B0093FCFC00B20C59
:1063E000B3EB9B0123AA770BA14BB34B770383AC91
:1063F000470BB3FC1C0193FBFB00C20BB3EB7C010E
:1064000023AA770BB30B570283AC470BB3FC0C01E9
:10641000B3CBBB0293FBFB00D20BB3EB7C0123AAF3
:10642000770BB30BF70383AC470BB3FCAC00B3CBD8
:10643000BB0293FBFB00E20BB3EB7C01B34C770296
:1064400023AA770B83AB470BB3FBDB01F20CB3EB57
:106450009B01B30CE70323AA770B83AB870B93FB5A
:106460000BFFB3CCBC02B30A570393FCFC00B3EBA5
:106470009B0123AC770B914B83AC870B93FCFCF017
:10648000B34B7703330A470393FBFB00920BB3EB49
:106490007C0123AC770B83AB870BD54CB3FBCB01D3
:1064A000B3CABA02B309370393FAFA00A20AB3EAED
:1064B0005B0123AC570B83AA870BD94BB3FA6A0055
:1064C000334ABA0233092703137AFA00320A33EA4D
:1064D0004A0123AC470B03AA870BE14A337A1A011E
:1064E000B3C9B902B304970293F9F900C209B369B9
:1064F0003A0123AC370B83A9870B654AB3F909012D
:106500003349B902B3C4B4021379F900520933E92B
:10651000290123AC270B03A9870BE9493379A9008B
:10652000330B6703BD88E204B36499001319470075
:1065300023AC970A83A4870BB3F4D4013349B9027F
:10654000334BBB027209B3E4240123AC970A83A442
:10655000C70BC198137BFB0033EB6401C944B30440
:10656000970223AE670B03A9C70B5D4B1379F9F0B4
:10657000B3C4B402BD889204B364990023AE970AF1
:10658000B304B70303A9C70BF54D3379C901B3C4ED
:10659000B402BD88A204B364990023AE970A89446B
:1065A000B344970203A9C70B33796900BD88B204CD
:1065B000B364990023AE970AB304970303A9C70BEA
:1065C000F94C33791901B3C4B402BD88C204B36471
:1065D000990023AE970AB304770303A9C70BFD4BB9
:1065E00033790901B3C4B402BD88D204B3649900FD
:1065F00023AE970AB304670303A9C70B130B10025A
:106600003379A900B3C4B402BD88E204B36499002D
:1066100023AE970AB304570303A9C70B930A2002BA
:106620003379D901B3C4B402F204B364990023AE40
:10663000970AB304470303A9070C130A300213791E
:1066400009FFB3C4B402BD88B364990023A0970CBA
:10665000B304370303A9070C930940021379F9F037
:10666000B3C4B402BD889204B36499006D4923A0F9
:10667000970CB304270303A9070C3379C901B3C4EA
:10668000B402BD88A204B364990023A0970CF1441E
:10669000B304970203A9070C33796900B3C4B402A9
:1066A000BD88B204B364990023A0970CB304B70368
:1066B00003A9070C33791901B3C4B402BD88C2041D
:1066C000B364990023A0970CB304970303A9070CA4
:1066D00033790901B3C4B402BD88D204B36499000C
:1066E00023A0970CB304770303A9070C3379A900FF
:1066F000B3C4B402BD88E204B364990023A0970C2C
:1067000093145700B3C4B4021399C40183A4070CB3
:106710003306C702B3F4D401B3E4240123A0970CD9
:1067200003A9470C137909FFB3046703B3C4B40288
:10673000BD88B364990023A2970CB304570303A93F
:10674000470C1379F9F0B3C4B402BD889204B36462
:10675000990023A2970CB304470303A9470C33798C
:10676000C901B3C4B402BD88A204B364990023A2D2
:10677000970CB304370303A9470C33796900B3C4FA
:10678000B402BD88B204B36499001309500223A275
:10679000970CB304270303A9470C33791901B3C439
:1067A000B402BD88C204B364990023A2970C930479
:1067B0006002B304970203A9470C33790901B3C4FB
:1067C000B4023346B602BD88D204B364990023A252
:1067D000970C83A4470CE98C3D8A6206458E23A260
:1067E000C70C03A6470C9314C7013376D601458E18
:1067F00023A2C70C130690023306C70283A4870C9A
:10680000C1983346B6023D8A458E23A4C70C1306B1
:10681000A0023306C702B345B60203A6870C13765F
:10682000F6F0BD899205D18D23A4B70C83C541A58F
:1068300003C651A53386C540B304A60303A9870C3C
:106840003379C901B3C4E40293E48400BD88A2048F
:10685000B364990023A4970CB304E60303A9870C3F
:1068600033796900B3C4E40293E48400BD88B204C0
:10687000B364990023A4970C93143600B3C4E402C4
:1068800003A9870C3379190193E48400BD88C204FD
:10689000B364990023A4970CB304F60303A9870CEF
:1068A00033790901B3C4E40293E48400BD88D204BF
:1068B000B364990023A4970CB304560203A9870C70
:1068C0003379A900B3C4E40293E48400BD88E204F0
:1068D000B364990023A4970CB304760203A9870C30
:1068E0003379D901B3C4E40293E48400F204B364BD
:1068F000990023A4970C93142600B3C4E40203A9BF
:10690000C70C137909FF93E48400BD88B364990030
:1069100023A6970CB304860203A9C70C1379F9F0D8
:10692000B3C4E40293E48400BD889204B364990084
:1069300023A6970C93141600B3C4E40203A9C70C52
:106940003379C9013347E60293E48400BD88A20489
:10695000B364990023A6970C03A6C70C3376660090
:10696000136787003D8B3207518F23A6E70C03A7DF
:10697000C70C3377170123A6E70C03C731A50D8F8A
:106980003346D70293F5F507E2053D8A9314460195
:1069900003A6C70C3304870233760601458E23A66F
:1069A000C70C1316170083A4C70CE98C3346D60214
:1069B0003D8A6206458E23A6C70C03A6C70C334446
:1069C000D402B37ED60113162700B30377027204F4
:1069D00033E48E0023A6870C3346D602B302570257
:1069E000937EF60003A6070D419A3366D60123A8CD
:1069F000C70C03A6070DB3C3D3021376F6F0B3C2D8
:106A0000D20293F3F3009203B363760023A8770CCA
:106A100003A6070D337EC601B30FF70393F2F2000E
:106A2000A202B3625E0023A8570C03A6070D3373BE
:106A3000660013163700B3CFDF02330FE70393FF6F
:106A4000FF00B20FB36FF30123A8F70D03A3070DE7
:106A5000B37813013346D602330DA7033D8A4206AD
:106A600033E6C80023A8C70C03A6070D3378060138
:106A7000334FDF02B346DD02137FFF00520F336F47
:106A8000E80123A8E70D03A7070D798DBD8AE2066B
:106A9000C98E23A8D70CD84385663D9BD8C3D8435D
:106AA000799BD8C39857558F98D7D857B706008188
:106AB000FD1613670701D8D71377FC0303AC8703D0
:106AC000137C0CFC336CEC0023AC8703985F758F50
:106AD000D98D8CDF6254F250D2544259B259225AA5
:106AE000925A025BF24B624CD24C424DB24D216144
:106AF000828023A401A46FF08FC21387C1A4144322
:106B0000DC4293F7F7EFDCC20100010018435C435D
:106B100093E707105CC38280411106C6EF006070E6
:106B200093056040EF20A008B240014541018280FA
:106B30006F00E07419C591C509C683570600014569
:106B40009DE301110565C9471306F100130555C3FF
:106B5000854506CEA307F100EF202005F24003454E
:106B6000F100056182808280011197E7FE1F238D6D
:106B7000A78805651306F100130595C4854506CE63
:106B8000A3070100EF206002F2400345F100056118
:106B9000828001111305910006CEEF00C07023041E
:106BA000A1000565300025059D45EF200000F2405D
:106BB000034581000561828001111305D10006CED5
:106BC000EF00A0702306A10009657000090591453A
:106BD000EF10B07DF2400345C100056182800111D4
:106BE00006CEEF00E070A307A10009651306F100CF
:106BF00015058545EF10707BF2400345F1000561F6
:106C00008280011106CEEF00A079A307A1000965DB
:106C10001306F10029058545EF103079F240034550
:106C2000F10005618280011106CEEF001007A30775
:106C3000A10009651306F10039058545EF10F076CE
:106C4000F240014505618280011106CEEF005040FF
:106C5000A307A10009651306F10041058545EF1062
:106C6000D074F2400345F10005618280011106CE27
:106C7000EF00301EA307A10009651306F1004505CA
:106C80008545EF109072F2400345F1000561828066
:106C9000411106C622C4EF0090248965CD052A84DF
:106CA000EF10F0702285B240224441018280011130
:106CB0001305510006CEEF00F03E2302A100096546
:106CC00050006105A545EF10506EF2400145056189
:106CD0008280411106C6EF0050408965E505EF103E
:106CE000106DB240014541018280011106CE22CCD7
:106CF0002A84EF00B0532306A1000965A306810092
:106D00007000218069058D4523078100EF10F0692F
:106D1000F2406244014505618280011106CE22CC19
:106D20002A84EF0070632306A1000965A306810091
:106D3000700021806D058D4523078100EF10F066FE
:106D4000F2406244014505618280011106CE22CCE9
:106D50002A84EF0000772306A1000965A3068100BD
:106D600070002180130505028D4523078100EF1077
:106D7000D063F2406244014505618280011106CE74
:106D800022CC2A84EF00F0082306A1000965A3069F
:106D9000810070002180130515028D4523078100B5
:106DA000EF10B060F240624401450561828001113C
:106DB00006CEEF00705FA307A10009651306F1007E
:106DC000130575028545EF10505EF2400345F10052
:106DD00005618280011106CEEF005068A307A10073
:106DE00009651306F100130595028545EF10F05B68
:106DF000F2400345F10005618280011106CEEF00EB
:106E0000B06AA307A10009651306F1001305D502B6
:106E10008545EF109059F2400345F10005618280ED
:106E2000011106CEEF00506EA307A10009651306FD
:106E3000F1001305E5028545EF103057F240034598
:106E4000F10005618280011106CEEF00D070A3072A
:106E5000A10009651306F100130515038545EF1020
:106E6000D054F2400345F10005618280411106C60D
:106E700022C4EF00D0728965938525032A84EF1020
:106E800010532285B240224441018280011106CE76
:106E9000EF10C02BA307A10009651306F10013052D
:106EA00075038545EF107050F2400345F100056110
:106EB0008280011106CEEF104040A307A1000965B2
:106EC0001306F100130585038545EF10104EF240BF
:106ED0000345F10005618280011106CEEF10E057F5
:106EE000A307A10009651306F10013059503854565
:106EF000EF10B04BF2400345F100056182800111B3
:106F000006CEEF100070A307A10009651306F1007B
:106F10001305E5038545EF105049F2400345F100A4
:106F200005618280011106CEEF10E07CA307A1006D
:106F300009651306F1001305F5038545EF10F046CA
:106F4000F2400345F10005618280011106CEEF1089
:106F5000D010A307A10009651306F100130505046D
:106F60008545EF109044F2400345F10005618280B1
:106F7000011106CEEF10B01FA307A100096513068B
:106F8000F100130525048545EF103042F24003451A
:106F9000F1000561828097D7FE1F2391A746014526
:106FA0008280011106CEEF105027A307A1000965CA
:106FB0001306F100130515058545EF10103FF2404B
:106FC0000345F10005618280011106CEEF10302EDD
:106FD000A307A10009651306F100130525058545E2
:106FE000EF10B03CF2400345F100056182805D7115
:106FF0001303D1031AD20343010786C61AD00343F1
:10700000C1061ACE034381061ACC034341061ACAAD
:10701000034301061AC80343C1051AC60343810589
:107020001AC4030341051AC2034301051AC0EF0045
:10703000905E230EA102096570181305650389454A
:10704000EF10B036B6400345C1036161828097D727
:10705000FE1F83D7473799E79307F01F17D7FE1F07
:107060002313F73697D7FE1F83D7E735A14601458F
:1070700013F707108607C2073357D740C183598DCE
:1070800013D6574013D79740318F058BFD161375D4
:10709000F50FD98FF1FE17D7FE1F2316F732828026
:1070A00097D7FE1F83D7473281EBE17793C7F7FF6E
:1070B00017D7FE1F231AF73097D7FE1F83D7C73085
:1070C000B94601451168194633F707018607C2071B
:1070D0003357D740C183598D13D7E74093D5F70075
:1070E000058B2D8FFD161375F50FD98FE39EC6FC0A
:1070F00017D7FE1F231AF72C8280011126CA4AC80F
:107100004EC656C297D7FE1F9387071F06CE22CCC6
:1071100052C45AC0AE893289B68AC44B35C9AD470C
:107120002A8463EEA7021304F5FF1374F40F631DA2
:107130000906268A338B990063124B071379F900ED
:107140009386FAFF228523802401A380340193F6DD
:10715000F60F4E868545EFE0AFBB014505A0B14770
:10716000630BF5029307600263E5A7001304E5FFD4
:107170006DBF930770024945E30BF4FAF240624495
:10718000D2444249B249224A924A024B0561828066
:107190001304500269BF1304600251BFEFF03FEBCC
:1071A0002301AA00050A49BF8547631CF9004E86E2
:1071B0009305000F1385240097A0FE1FE780E08A47
:1071C000B5BF89476316F9004E869305A00ADDB75F
:1071D0008D47631DF900268A338B9900E3004BF736
:1071E000EFF01FEC2301AA00050ACDBF91476316FB
:1071F000F9004E869305F00F75BF95476315F900AA
:107200004E86814545BF99476315F9004E86BD45B9
:1072100055B79D474945E313F9F64E86930550054A
:1072200051BF011106CE9317450163D40702EF70D9
:107230006063894719C9834605001147B1476396C2
:10724000E60095472300F500C947F2403E850561F9
:1072500082802EC6EF90A057C94765D90347A50085
:10726000418B65D7B2458347B500230AB50491E742
:10727000E9472308F5008147C9BFED47DDBF01118C
:1072800006CE22CC2EC6EF90805401CDB2452A8482
:10729000EF808012A305A4020145F240624405611B
:1072A00082804945DDBF17D7FE1F1307271181478D
:1072B00099468345870E3306F50085072300B600FF
:1072C0000507E398D7FE0145828097D7FE1F938775
:1072D000E7E203D707012300E50003D70701218375
:1072E000A300E50083C7F7002301F5000145828074
:1072F00019E14945828097D7FE1F9387270CF84BE9
:10730000411122C406C62A8409C70347C700314574
:1073100025E3F85F09C70347B700314531EB83A781
:10732000070989C783C777003145B9E385471946FF
:10733000A28517D5FE1F1305451717D7FE1F23007B
:10734000F7089790FE1FE780C06E8347540013072D
:10735000000C93F7070C6391E7021946A28517D535
:10736000FE1F1305E5149790FE1FE780806C014512
:10737000B24022444101828081EB1946A28517D593
:10738000FE1F13054513C5B7130700044945E391D4
:10739000E7FE1946A28517D5FE1F13052512E1B792
:1073A000411126C297D4FE1F9384440122C4E048B1
:1073B00006C611C47C4813974700634C070CFC5069
:1073C00099E74945B240224492444101828009ED47
:1073D0001305000FEF6010016DD58347C500F5D38D
:1073E000EF6090240145F9BF0547E31CE5FC15EC6F
:1073F000014582972A8445C18567938707802310BA
:10740000F502930700702317F5008D47230CF50054
:10741000A30A0502194697D5FE1F9385A5081305F3
:1074200065039790FE1FE780C0600347C40085474F
:10743000E309F7F88347E400B98B95C30347E400F9
:1074400085476318F70289472310F402224403A3F7
:107450008406B24092441305000F41010283EF708D
:10746000501797D7FE1F83C7D7CA8D8BE318F5FC3B
:1074700089BF8357040211676375F7002310E40284
:10748000F1B7930600023E87E3FAD7FE1307000226
:10749000F5B7314505BF1D4535B797D7FE1F938713
:1074A000E7F183A70709314581CF83C7770089CBEF
:1074B000411106C6EF903025B2400145410182805E
:1074C0008280011126CA4AC84EC652C456C25AC04A
:1074D0002E89368BBA89BE8A06CE22CCB284428AE5
:1074E000EF90E02E1307A9FF42078567418393863B
:1074F000A7C763EEE610938707C82A84494563E867
:10750000970A63E6240B1307301F6362670B63E07F
:10751000370B93071B00B387970213973900860731
:1075200063D7E70849C48347140113F747003DC7F1
:10753000ED9BA308F4008347B400231A2407231B00
:107540009406D5EF03578406C167FD17630BF70652
:10755000631999068357A403231BE404231CF40432
:1075600097D7FE1F83D787F08D46114763E5F60056
:10757000850713F7F70FA30AE4042285EF7090073D
:1075800083570404A907231FF4048327440A93E7BD
:1075900017002322F40AC547A30EF400231C540746
:1075A000231D4407231D6405231E34050145F240B5
:1075B0006244D2444249B249224A924A024B05618E
:1075C00082808357440691CFB3D4F4024A87B387AD
:1075D0009702C207C1836373F9003E87231CE4044A
:1075E00041B7B305990085814A85EFE00EAA231CB7
:1075F000A404930584052685EF40E07395B783279F
:10760000840A93E707022324F40AC14771B7494566
:1076100079BF01112EC606CEEF90601BB24509E579
:107620004945F2400561828083471501A305B502F3
:1076300013F7470075D7ED9BA308F500BD47230658
:10764000F5028327850A93E727002324F50A0145DD
:10765000C9BF17D7FE1F130767D67C4B81CB83C6E4
:10766000C70089C683C6D700C947A1E27C5F89CB22
:1076700083C6B70091C683C60701C947858A95E6C8
:107680008327070981CB03C7770009C703C7D70042
:10769000C94701EF17D7FE1F034707DE97D7FE1F25
:1076A00083C797DD636AF7009D473E8582809D47CB
:1076B000F2403E85056182800111A304A1001946B4
:1076C0001305A10006CE9790FE1FE78080362800A4
:1076D000EFD00FDB8547E31CF5FC8147D1BF797103
:1076E00026D24AD04ECE06D622D42E89B28936C6AC
:1076F0003AC43EC242C0EF90800DC94455C99305BB
:10770000A9FFC20505662A84C1811305A6C7C9441D
:107710006360B50A130606C8636C360963EA290973
:10772000B2469305301F63E5D50822476362E60839
:10773000138616003306260393153700635AB606E0
:1077400003461401B144058A25E60326440A13764C
:10775000162039EE92470248231EE4040347B40082
:10776000231CF406231A2407231B3407231D0407B4
:10777000231DD4048347D401814459EF95EB83271B
:107780000410898B95CF31469305F00F13058406BD
:107790009790FE1FE780602D8327440A2314040678
:1077A00093E707202322F40AC947A30EF40081447B
:1077B000B2502254268502599254F2494561828082
:1077C00063093905B385290185814A85EFE0EE8B90
:1077D000231CA404930584054E85EF40C05597D71C
:1077E000FE1F83D7A7C88D46114763E5F6008507BE
:1077F00013F7F70FA30AE4042285EF70A05F835705
:107800000404A907231FF4048327440A93E71700FD
:1078100051BF231C2405E1B7C1FF83278410898B46
:1078200095C731469305F00F130584069790FE1F08
:10783000E780A0238327440A2314040693E7072044
:107840002322F40ACD47A30EF4009DB7E9448DB777
:1078500097D7FE1F938787B6F84B01CB8346C700A7
:1078600089C60347D70049450DEFF85F09CB83462A
:10787000B70091C6034707014945058B1DE383A760
:10788000070981CB03C7770009C783C7D7004945DC
:1078900089EB411106C6EFD06FCAB24001454101E4
:1078A00082808280411122C426C24AC006C62A892B
:1078B0000144A1449305F00F0545EFD0DEFAB3076C
:1078C00089002380A7000504E31694FEB2402244F9
:1078D00092440249014541018280011122CC4AC8EB
:1078E00006CE26CA2EC632893684EF80506E630DCE
:1078F00005128347B500AA84B2450945DDEB214650
:107900001385F4189790FE1FE780A012A38B24190B
:1079100013598900238C24198347E4000346D400BB
:107920008345F4008346C400A207420603C5C4048D
:10793000B297AE97E20603A7440AB69749C123A6B9
:10794000F40A8347A4008346940013670702A20742
:10795000C206B6978346B400B69783468400E20613
:10796000B69723A8F40A8347640083465400A2070D
:10797000C206B69783467400B69783464400E20673
:10798000B69723AAF40A8347240083461400A2076B
:10799000C206B69783463400B69783460400E206D3
:1079A000B69723ACF40A8547A386F40423A2E40A1D
:1079B0000145F2406244D24442490561828023A6D7
:1079C000F40C8347A4008346940013678700A20742
:1079D000C206B6978346B400B69783468400E20693
:1079E000B69723A8F40C8347640083465400A2078B
:1079F000C206B69783467400B69783464400E206F3
:107A0000B69723AAF40C8347240083461400A207E8
:107A1000C206B69783463400B69783460400E20652
:107A2000B69723ACF40C59B7094561B7011106CEDE
:107A30002EC6EF80D059630F05108346B500054769
:107A4000AA87B24505456391E60A83C60701130775
:107A500040020145639AE60803C7E50083C6D500E6
:107A60002207C206369783C6F500369783C6C5003F
:107A7000E206369783C6D704BDCA23A6E70A03C722
:107A8000A50083C695002207C206369783C6B500B7
:107A9000369783C68500E206369723A8E70A03C710
:107AA000650083C655002207C206369783C6750057
:107AB000369783C64500E206369723AAE70A03C72E
:107AC000250083C615002207C206369783C63500F7
:107AD000369783C60500E206369723ACE70A1307FC
:107AE000A0022388E7000145F2400561828023A6B9
:107AF000E70C03C7A50083C695002207C206369788
:107B000083C6B500369783C68500E206369723A85C
:107B1000E70C03C7650083C655002207C2063697E7
:107B200083C67500369783C64500E206369723AABA
:107B3000E70C03C7250083C615002207C206369747
:107B400083C63500369783C60500E206369723AC18
:107B5000E70C71B7054549BF411106C6EF803047B4
:107B600031C18346B5000547AA8709456399E602F6
:107B700083C60701130740026393E6020D4723867D
:107B8000E7021947A385E702130750022388E7009D
:107B900003C7A7020145136717002385E702B24018
:107BA000410182800945E5BFAA8717D8FE1F034817
:107BB000F88017D5FE1F130565802A876308080221
:107BC000684911C50348C500314563180808685F56
:107BD00011C50348B500314563110808032507099D
:107BE00011C50348750031456319080697D8FE1F73
:107BF00083C8088917D8FE1F034898881D4563FE6F
:107C000008050327870D49451377070439C75D71B8
:107C1000A6C22800B284194686C6A2C4A303F100F6
:107C200036849790FE1FE780C0E0A6851305E10229
:107C300041469790FE1FE780C0DFA2851305E10152
:107C400041469790FE1FE780C0DE4800EFA08052BB
:107C5000B6402644964461618280828097C6FE1FAA
:107C600083C6D6758DCA17C7FE1F13072775BA8737
:107C7000784B09C70347C700494515E7F85F09C7AF
:107C80000347B700494505E383A7070989C783C7A9
:107C90007700494589EB411106C6EFA06063B24009
:107CA000014541018280828097C7FE1F938707713B
:107CB00097C6FE1F83C696703E8785C6FC4B89C754
:107CC00083C6C700C94785EE7C5F89C783C6B700F6
:107CD000C94795E68327070989C783C67700C9473F
:107CE00099EE97C7FE1FA38BA76C8327070E11C9B8
:107CF00093E7076017C7FE1F2322F77A81473E8567
:107D0000828093F7F79FFDB7130700643305E50200
:107D1000411197C7FE1F9387676A22C403A4870C8B
:107D200026C24AC006C6BE841309F00F17C7FE1F3D
:107D30002320A76C01E8B240224492440249014545
:107D4000410182800345040063052501CC58EFD032
:107D5000CEAF405CC5B797C7FE1FA38DA7689377CA
:107D6000150017C7FE1F1307676581EF8347C70319
:107D7000ED8F6384B7004945828097C6FE1F238C30
:107D8000F66693772500014591EB8347D703F18F82
:107D9000E393C7FE97C7FE1FA38FC76482800111BC
:107DA00006CE2EC632C436C23AC0EF80502235C14C
:107DB000B2450247924693F7150099EB22469D473C
:107DC00063F6C7004545F240056182802302C51471
:107DD000898991E59D47E3E7D7FEA302D51401CF3A
:107DE00097C7FE1F83D7A7617D8F0D8B8547631FC4
:107DF000F7002314E5148547230FF5008327450A70
:107E00000567D98F2322F50A014575BF2314051490
:107E1000DDB749454DBF5D71A6C297C4FE1F93846F
:107E2000E45903A34405CAC04EDE62D466D26AD0C8
:107E300086C6A2C452DC56DA5AD85ED66ECE030C81
:107E400041058349810503490106834CC106034D61
:107E5000010763090302032343051314530063530B
:107E600004023143B640264496440649F259625A08
:107E7000D25A425BB25B225C925C025DF24D1A8583
:107E8000616182800D4E4943E36EFEFC93FD050166
:107E9000638D0D08054EE397C9FD3AC6468B42C473
:107EA0003EC2B68BB28A2E842AC0EF50B0532A8AC3
:107EB000324719E9FC50054582972A8A1D435DD156
:107EC000824732472304F500930500026391BB0209
:107ED0008D456310B90A0355CA019305900F13032A
:107EE0005004E3E1A5F80355EA01E3EDA5F6937527
:107EF000F40F2300BA0663810D1C3D8815456312FB
:107F0000A408130510F82307AA004543E3EC5BF52A
:107F10007D454543E37855F51165E36575F5338691
:107F20005B0105822310CA02B5A093FE35004943C8
:107F3000E38ACEF393FE8500E3960EF26392C903C3
:107F400003C3C40313734300E30D03F0E30739F5E0
:107F50000943E31469F403C3C4031373230039A072
:107F6000E318C9FF03C3C40313734300E31703F209
:107F7000CDBD8545E31DB9F60355CA019305D02E45
:107F8000B9BF35456310A41285462307DA00894638
:107F90002310DA02A307EA00631507160547230C2E
:107FA000EA0093F5050281E59247A30AFA02194611
:107FB00081455A859790FE1FE78040B563140516EA
:107FC000A2470547230EEA02A30EFA021946DA85F4
:107FD0001305EA039790FE1FE780A0A5034701055C
:107FE000A306EA001307F0076311EC1417C7FE1F7E
:107FF0001307C71003474701D6572380E70003053F
:108000005A01EFD00F802304AA06EFC0DFF8D6573D
:10801000A30AAA000D472380A7006391E912638D8C
:108020000C0093F61C0099C603C7C403218B19E307
:10803000E3893CE32305DA0609472302EA060347FE
:10804000C105A302EA0603470A06418B1DEB13078D
:10805000F9FF1377F70F89464943E3E5E6E08D46DC
:108060006313D90E630D0D0013761D0019C683C668
:10807000C403A18A99E2E3062DDFA305CA06A30182
:10808000EA0603474106B70600080143A300EA06D3
:1080900003478106A303EA0603274A05558F232ACF
:1080A000EA04C9B309456314A4001945A9BDE30C4A
:1080B00004E423070A0091BD1D452307AA0013F815
:1080C000150013F54500630B0800114811C1054860
:1080D000A30F0A050545230FAA0405BD13F82500C3
:1080E00063090800094811C11548A30F0A0509458D
:1080F000DDB70D4811C11948A30F0A05230F0A0463
:1081000029B5230C0A0081460D453356D740058A10
:1081100011C603468A010506230CCA008506E396AC
:10812000A6FE41B5230E0A0255BD194763458701D6
:10813000A30A8A01E9B5A30AEA00D1B523050A0614
:1081400023020A06EDBDA3050A0615BF97C7FE1F49
:108150009387C726F04B01114EC606CE22CC26CA05
:108160004AC852C4BE8911C67C4A13965700634E52
:1081700006003A8AB6842E89EF50D0262A8419ED5B
:1081800083A749051305200491C33145F240624499
:10819000D2444249B249224A056182800347E50040
:1081A000854701453D8BE303F7FE03470406418BFA
:1081B00041CB8D476304F9004945C9BFFD47E3ED55
:1081C00097FE231E04008D476316F90CC5CC835718
:1081D000C40117C7FE1F035707261D45B386970026
:1081E000E346D7FA0347C40015C7835604021307B2
:1081F00000026391E602034734068D466319D70AED
:108200001307900F13055004E362F7F88357E40156
:10821000E36EF7F68D471D45E31AF9F69305800CDA
:108220000545EFD04EE48357C406120523244403CA
:108230008507BD8BC98F2316F406231E940089A8D9
:108240001377D90FE30FF7F611476315E904784860
:1082500093167700E3C206F60347C400E31EF7F463
:108260008357C401B1DBA9F89305800C0545EFD015
:108270008EDF8357C40612058507BD8BC98F231671
:10828000F40639A07C48370700FF7D17F98F7CC8BA
:108290000145EDBD9307D9FF93F7F70F0547E37845
:1082A000F7F299D88347C400E393E7F2F9BD854616
:1082B000E312D7F61307D02EB1B797C7FE1F9387E7
:1082C000E70FF04B01114EC606CE22CC26CA4AC893
:1082D00052C4BE8911C67C4A13965700634E0600ED
:1082E0003A8AB6842E89EF50F00F2A8419ED83A7BD
:1082F00049051305200491C33145F2406244D2443C
:108300004249B249224A056182800347E500854718
:1083100001453D8BE303F7FE03470406418B55CF30
:108320008D476304F9004945C9BFFD47E3ED97FE5A
:10833000231F04008D47631CF90EF5C08357E40129
:1083400017C7FE1F0357270F1D45B3869700E34647
:10835000D7FA0347C40015C7835604021307000267
:108360006391E602034734068D466310D70E8356A9
:10837000C4011307900F13055004E360D7F8E36EB0
:10838000F7F68D471D45E31AF9F65C548DC7834710
:108390006406898B8DC3085819CD8347A50081CF0A
:1083A000EF9070570C58194613056403B105978078
:1083B000FE1FE78000689305800C0545EFD0AECA2C
:1083C0008357C4061205232644038507BD8BC98F36
:1083D0002316F406231F940089A81377D90FE30905
:1083E000F7F411476315E904784893166700E3CC66
:1083F00006F20347C400E318F7F28357E40185D778
:108400009DF09305800C0545EFD0EEC58357C4065B
:1084100012058507BD8BC98F2316F40639A07C4849
:10842000370700FE7D17F98F7CC80145F9B5930722
:10843000D9FF93F7F70F0547E372F7F0E38504EEF2
:108440008347C400E39CE7EE45BD8546E31BD7F2B6
:108450008356C4011307D02E39BF5D71A6C297C4DD
:10846000FE1F9384A4F503A8440586C6A2C4CAC00F
:108470004EDE52DC56DA5AD85ED662D466D26AD064
:108480006ECE630808028327480513945700635291
:1084900004023145B640264496440649F259625AD0
:1084A000D25A425BB25B225C925C025DF24D61612A
:1084B00082803AC632C493771500B68989C7639122
:1084C00005104945C1BF91E9A04C19E00145D9B754
:1084D0002285EF5070150040CDBFE30908FE4285AC
:1084E000EF509014E5B77849B70700037D8F55F337
:1084F0000347F505630487016315970103D7EA0174
:1085000049DB03C75A036301270903C7EA0063195C
:108510002701131714004E9703570700E3E3EDFA02
:10852000B8547D141374F40F45CB93161A00B69902
:1085300003D70900B2479305800C2397EA063E9AB9
:1085400003470A00054523980A06A384EA06EFD0EC
:108550008EB103D7CA061205264405073D8B498F05
:108560002396EA0603A3840603C50B00B64096448F
:108570000649F259625AD25A425BB25B225C925C63
:10858000025DF24D61610283138B8A0519468145B4
:108590005A859780FE1FE7806057631925011946A9
:1085A000EA855A859780FE1FE780A04819468145D5
:1085B0005A859780FE1FE7806055E31825F511B7AF
:1085C000FD1513F4F50F094C954C054917CDFE1F09
:1085D000130DADED930D00089307F00FE303F4EED8
:1085E000A247228AB38B870003C50B00EF50805F40
:1085F000AA8AE31A05EEFC4813052004E39B07E86A
:1086000051BD97C7FE1F938767DBFC4B95C3FC4B9F
:1086100013975700635E0700B1473E858280B147DC
:10862000F2406244D2444249B2493E8505618280AB
:10863000011122CC26CA4AC84EC606CEB689328956
:10864000AE84EF50205A2A849307200471D9C94779
:10865000E36899FC1547E37597FC03470506137714
:1086600037035DFF8347E505DDFB7C49918BC5FB47
:10867000EF20D06179479D47E374A7FA834734061A
:1086800009476391E706835744081307D02E6373A5
:10869000F7021307C00293075004E37327F97947E1
:1086A00093075004E37E27F7414793075004636B19
:1086B0002701BDB71307301FE363F7FE1307900FC1
:1086C000E364F7FE7C4883460406CA9493E72700D8
:1086D0008584B3E9D9007CC82313940823003407A8
:1086E00081473DBFE5F3035744089307D02EE3FBD2
:1086F000E7FC19475DBF97C7FE1F938727CCFC4B4C
:1087000081CBFC4B1397570063540700314582809F
:10871000011122CC26CA4AC84EC606CEB689328975
:10872000AE84EF50204C2A84130520046309041002
:108730007C48898BB9CB8347340609476395E70C9E
:10874000835744081307D02E6379F7020357640850
:108750009307C0021305500463F3E70E0357640840
:10876000F9471305500463FCE70C03576408C1473D
:108770001305500463EBE700D9A01307301FE36F24
:10878000F7FC1307900FE362F7FE93F7D40F05474A
:10879000639EE70A0325840A19C59790FE1FE780A8
:1087A000E00E2324040A23120408630909067C4806
:1087B000918BB5EF8D476393F408930550104A856C
:1087C0009790FE1FE78020002324A40A25C97C4837
:1087D00093F7074091CF9305800C0545EFD0AE8805
:1087E0008357A40812058507BD8BC98F2315F4088C
:1087F0000325840A4A86CE859780FE1FE780602382
:10880000231224091DA0D1F3035744089307D02E47
:10881000E3FDE7F603576408994799BF8D4749453B
:10882000639FF4007C48F99B7CC8014509A89387A5
:10883000D4FF93F7F70F0547E37EF7F63145F24093
:108840006244D2444249B24905618280E31109F68B
:1088500091474945E38DF4F4DDB797C7FE1F938731
:10886000E7B5F84B411126C24AC006C622C4AA8405
:108870003E8909CF7C4B1397570063590700314558
:10888000B240224492440249410182802E85EF5039
:1088900060352A841305200465D413F714007C483E
:1088A00045CF13F7170061FF03470406137737031B
:1088B00079F78988D9CC0327C90D454593E7074047
:1088C000418B5DDFC1657CC8FD150145EFC0FEFB36
:1088D0002314A408EFC0DFD5B70500012326A408A0
:1088E000FD150145EFC0BEFC9304040A154623287C
:1088F000A40897C5FE1F9385C5BC26859780FE1FDB
:10890000E7802013A685130500FB9790FE1FE780E4
:10891000A0A92685EF80203C7C480347C400A30023
:10892000A408DD9B93E747007CC88547631FF700D9
:108930009305800C0545EFC01EF38357C40612054E
:108940008507BD8BC98F2316F406EF80106801459B
:1089500005BF93F7F7BFBDB70345D407CD9B7CC8D0
:108960009307F00FE303F5FEEFC07EA5F9BF17C72D
:10897000FE1F1307A7A47C5F411106C622C426C2AE
:108980004AC099C703A8C70113141801634004081B
:108990000327070825CF3684B2842E8909ED81EBA1
:1089A0004945B24022449244024941018280EFC0CD
:1089B000EF9F0145FDB78546E314D5FEB9E3029765
:1089C000AA8731C91147A3060504231BE500231C10
:1089D000E50083C6B7000547E384E6FC95C8239C01
:1089E0009702239D870201C41E04E3DB84FA2389D6
:1089F00027012244B2409244024903A38706410161
:108A00000283D84F93161701E3D506FC314551BFB9
:108A100023AC0702E9BF0D4569B7011106CE2EC68A
:108A200032C436C23AC0EF50E01B3DCD8328450525
:108A3000AA87314513F8082063150806B24517C800
:108A4000FE1F0348389C4545636DB80403C8C70A38
:108A500022463358C840137818006304080417C529
:108A6000FE1F1305A5950328850D45451317C8005E
:108A700063590702024717C8FE1F0348A89863629C
:108A8000E80292462387C70AA386B70AA387D70AB4
:108A900011E2014793E808102388E70A23AA170583
:108AA0000145F2400561828013052004DDBF0111FC
:108AB00006CE2EC6EF5000131307200401CD7C49CB
:108AC000314793F6270099C6B24589C993E7072035
:108AD0007CC90147F2403A850561828093F7F7DF50
:108AE000C5BF011126CA4AC84EC606CE22CC2E8961
:108AF000B289B684EF70B04D4DC1639D09008547C2
:108B0000238BF1A40145F2406244D2444249B24968
:108B10000561828003C761A585472A846315F70034
:108B2000238B01A409494165130545F5EF70104CED
:108B300039C58347A5002315F5008327841185EFE8
:108B4000232CA410232EA410930710F8F914231635
:108B500035012304250144C123200500A304F500A9
:108B60008347940285450145B395F500C205C1814F
:108B7000EFC02EC841BF8327C41188C3E1B797B7A0
:108B8000FE1F9387A7579C5B1D45B5DF956505457F
:108B90009385555582971D45BDB70945ADB76F9073
:108BA0008FFF6F90DF836F909F886F90FF8D6F9026
:108BB000DF936F909FA06F90DF976F907F9B828075
:108BC0006F90BFA3034301001AC06F904F936F9043
:108BD000AF9F6F906FA56F908FAB6F908FB16F90BD
:108BE0004FB76F902FBB03530100035E4100834ECC
:108BF00081001AC072C276C46F90CFBF6F900FD23F
:108C00006F904FD76F90CFE06F908FE46F90EFE74A
:108C10006F902FED6F90AFF3828082801307050372
:108C200083570500110593C7F7FF231EF5FE834701
:108C3000E5FF93C7F7FF230FF5FEE313E5FE828000
:108C400099473305F50201110A86C14506CE130581
:108C500005021375E50FEFC09EEE11E50345C10057
:108C6000F240056182800145E5BF411122C426C260
:108C70004AC006C6814401441389C1A583C711A611
:108C80006369F400B24022442685024992444101BE
:108C90008280832709001315440019469305F00FBD
:108CA0003E959780FE1FE78060E601E5850493F41A
:108CB000F40F05041374F40FD1B79387C1A8884348
:108CC00005C1411106C6EFB0BEFA23A601A89387DD
:108CD00011A683C70700B240A38CF1A44101828092
:108CE000938711A683C70700A38CF1A482805971D2
:108CF000A6D286D6A2D4CAD083C791A5AA84639EE1
:108D0000A700854503C521A6EFC04EB1894503C51F
:108D100021A6EFC0AEB0EFF05FFA19493389240302
:108D20005000C1451379F90F130409021374F40FAD
:108D30002285EFC0DEE009C901442285B6502654E1
:108D4000965406596561828019469305F00F4800D4
:108D50009780FE1FE78080DB65F148004146930560
:108D6000F00F9780FE1FE78040D0480871469305BA
:108D7000F00F9780FE1FE78040CF0818130600030E
:108D80009305F00F9780FE1FE78020CE5000C1456D
:108D90002285EFD08E892A84130519025008F145E7
:108DA0001375F50FEFD06E88498C13052902500812
:108DB000F1451375E50FEFD04E871374F40F498C0E
:108DC000130539025008C1451375F50FEFD0EE8534
:108DD0001374F40F498C130549025008C1451375EB
:108DE000E50FEFD08E841374F40F498C13055902EC
:108DF000500891451375F50FEFD02E831374F40FBF
:108E0000498C138504071018930500031375F50F9B
:108E1000EFD0AE811374F40F498C03C581861374AF
:108E2000F40FEFC0FEFA11BF411122C406C601457E
:108E3000014483C711A66373F40009C5B2402244FC
:108E40004101828022850504EFF07FEA1374F40F5C
:108E5000CDB7411122C426C206C64AC00144EF90D4
:108E60007FA29384C1A583C711A66368F400B240B2
:108E700022449244024941018280884013194400EF
:108E800019469305F00F4A959780FE1FE78000C8AA
:108E900019E58C40CA9503C5F500EF90FF9E0504C7
:108EA0001374F40FC9B7397122DC26DA4ED606DE08
:108EB0004AD80144EF905FA09384C1A5994983C724
:108EC00011A66369F400F2506254D2544259B25967
:108ED0002161828088401319440019469305F00FE0
:108EE0004A959780FE1FE78060C205E93305340389
:108EF0000A86C145130535021375F50FEFC03EC450
:108F00001008C1450945EFC09EC38C4014080A866D
:108F1000CA9503C5F500EF90FF9905041374F40F8B
:108F200079BF011106CEEFF05FD40547A9476373FF
:108F3000A70089471306F10085451545A307F100F1
:108F4000EF005FFFF24005618280011122CC26CA4A
:108F50004EC606CE4AC801449384C1A5994983C729
:108F600011A66366F402EFF05FD083C781A599C3B1
:108F7000EFF03FEE83C771A599C3EFF0DFF26244D3
:108F8000F240D2444249B24905616FF09FF933057E
:108F90003403904013194400C1454A961305050255
:108FA0001375E50FEFC0BEB905C988401946930592
:108FB000F00F4A959780FE1FE78020AB8840194646
:108FC0009305F00F4A9519059780FE1FE780E0A9E9
:108FD0009C403E992316090005041374F40F41B711
:108FE0000355250083C521A66F10FF97397122DC38
:108FF00019443384850226DA4AD806DEA147AA84BA
:1090000032891374F40F639AF60413042402714630
:10901000814548081374F40F3AC69780FE1FE78015
:10902000C0A45008F1452285EFC07EB10DE1834711
:10903000E102A5463247E51793F7F70F63E9F6001B
:10904000BA865008937519002685EFD07ED3F2506A
:109050006254D2544259216182801304140245BFE4
:10906000797122D426D24AD0AE842A8932848145AD
:10907000130600020A8506D69780FE1FE780E09E51
:109080009387D18683C7070023102101230EF100A7
:10909000835781015DC41387A1A703470700F99B8C
:1090A00041462302E1001387C1A70347070097B594
:1090B000FE1F9385652B13056100A302E10003C722
:1090C000B1A793761700D58FF59B93762700D58FA0
:1090D000ED9B93764700D58F9316470093F60610C5
:1090E00093F7F7EFD58F9316470093F6062093F783
:1090F000F7DFD58F12071377074093F7F7BFD98FA4
:10910000231CF1009780FE1FE780A09283C791A7E0
:1091100013F7170001CB99C4035781011367270088
:10912000231CE10003476101A2850A85D98F230B27
:10913000F100EFD01EB7B25022549254025945614B
:1091400082801387E1A603470700F99B414623026B
:10915000E100138701A70347070097B5FE1F93851A
:10916000A51F13056100A302E10003C7F1A69376D2
:109170001700D58FF59B93762700D58FED9B9376BF
:109180004700D58F9316470093F6061093F7F7EF35
:10919000D58F9316470093F6062093F7F7DFD58F08
:1091A00012071377074093F7F7BFD98F231CF100FD
:1091B0009780FE1FE780E08783C7D1A691BF41114A
:1091C00022C426C24AC006C6AA8401441389C1A586
:1091D00083C711A6636AF4003E842285B24022440C
:1091E00092440249410182808327090013154400FB
:1091F0001946A6853E959780FE1FE780808C71FDFD
:1092000005041374F40FE9B75D71A2C41384C1A8F7
:109210001C40CAC04EDE86C6A6C252DC2A89AE8970
:10922000A1EB19E10545D9A0F5DDEFF05FF9A38CBD
:10923000A1A483C711A6636DF5028144138AC1A559
:109240000DA083270A001395440019469305F00FDB
:109250003E959780FE1FE780608B09E9850493F4B3
:10926000F40F83C711A6E3EEF4FCBE84A38C91A493
:10927000138A91A503C591A583C711A6D284E37370
:10928000F5FA1C40A5EF99473305F5024A86C1451A
:10929000130505021375E50FEFC03EB91306000371
:1092A0009305F00F0A859770FE1FE780007C034549
:1092B0000A000A8693050003130505071375F50FC9
:1092C000EFC0BEB61387C1A5084383C791A5920717
:1092D0003E954146CA859770FE1FE780807523A69C
:1092E00031A903C58186EFC0BEAE0145B640264414
:1092F00096440649F259625A6161828090478147DB
:1093000019CE99473305F502F1451305150213757A
:10931000F50FEFC09EB11C4023A4070085471840FD
:10932000104B0DC203C504009947F1453305F50202
:10933000130525021375E50FEFC03EAF1C4023A8AF
:10934000070085471840504B0DC203C504009947DC
:10935000C1453305F502130535021375F50FEFC04E
:10936000DEAC1C4023AA07008547184050471DCE9D
:1093700003C504001949C1453305250313054502FA
:109380001375E50FEFC07EAA03C504001C4091458C
:1093900033052503D0474106130555021375F50F14
:1093A000EFC0BEA81C4023A6070025BF9DFB83C7B6
:1093B00081A599C3EFF0FFA983C771A599C3EFF009
:1093C0009FAEEFF01FB6B9BD011122CC06CE26CA62
:1093D00083C711A609446378F50295C599473305FB
:1093E000F502AE840A86C145130505021375E50F23
:1093F000EFC0EEF42A8401E919468A852685977024
:10940000FE1FE78000632285F2406244D24405617A
:109410008280011122CC06CE2A842EC632C4EF509F
:10942000EF9E05C90347C500A1472246B245631F09
:10943000F700938741A99C4389CF03A34700630AA0
:10944000030022856244F24005610283938781A96B
:10945000DDB7F240624405618280011122CC1944DB
:109460003304850226CA0A86AE84C14506CE13049B
:1094700004021374F40F2285EFC06EEC01C981441D
:10948000F24062442685D2440561828019469305E4
:10949000F00F0A859770FE1FE78040676DF1035754
:1094A000C1009377D70F89C49377F70F93E727000D
:1094B000C207C1838544E305F7FC0A86C1452285BE
:1094C0002316F100EFC07E9603C58186EFC05E9043
:1094D00045BF5D71A2C42A8419453305A402A6C202
:1094E000CAC0B2842E890A86C14586C61305050204
:1094F0001375E50FEFC0AEE401C90145B64026443F
:10950000964406496161828019469305F00F0A85E9
:109510009770FE1FE780805F6DF1130404071374DA
:10952000F40F1008930500032285EFC04EE119C126
:109530000545E9B70808EFF06FEE63140904130658
:109540000003814508089770FE1FE780205C6DF1DD
:1095500013060003814508089770FE1FE780E0505E
:10956000854708082382F1A8EFF04FEB1008930518
:1095700000032285EFC07E8B03C58186EFC05E8528
:1095800045BF1C089000BE8683D5060036876381E0
:1095900025039106E39AC6FE0145ADD083D60700A8
:1095A0003E8789C69107E31BF6FE81BF2390270102
:1095B00083472700E38E97F623019700D5F0231009
:1095C000070079BF17B5FE1F034525B40111FD57EC
:1095D0009305200412052381F1A606CE22CC26CACB
:1095E0004AC84EC6A38001A623AE01A49780FE1FE1
:1095F000E780601D23AEA1A415C597B9FE1F93890E
:10960000E9AF83C7E90001449384C1A5A380F1A613
:1096100083C711A66361F40C83A78900638C070ECE
:10962000238C01A6938711A683C7070005444146F2
:10963000814517B5FE1F130525D3A38CF1A42387FD
:10964000818623A601A8238D01A6238E01A69770EB
:10965000FE1FE7808041930470074146814517B59E
:10966000FE1F130565CFA38D91A6A3858186A38CCC
:1096700001A623A001A8A38601A6238701A623880B
:1096800001A69770FE1FE780403EA38791A623AAFC
:1096900001A6238601A69547A384F186C147A38628
:1096A000F186238201A889472385F186F24023842D
:1096B0008186A387818623868186624423AC01A8A4
:1096C00023AA01A8238C01A4238001A6D2444249E5
:1096D000B2490561828088401319440019469305F8
:1096E000F00F4A959770FE1FE78020388840194692
:1096F0009305F00F4A9519059770FE1FE780E03635
:109700009C4005041374F40FCA972396070023871F
:109710000700FDBD930700F8238CF1A621B719714E
:10972000A2DCA6DACAD886DECED6130400028144B3
:109730001389C1A583C711A663E3F40203C581861B
:10974000EFC00EE9938711A683C70700F650665451
:10975000A38CF1A4D6544659B659096182800325D9
:1097600009009399440019469305F00F4E959770A0
:10977000FE1FE780802F0325090019469305F00F8F
:109780004E9519059770FE1FE780202E832709004C
:1097900041469305F00FCE972396070023870700D5
:1097A00048009770FE1FE780402C71469305F00F2C
:1097B00048089770FE1FE780402B130600039305AF
:1097C000F00F08189770FE1FE780202A5000C1454F
:1097D0002285EFC08EE5130514005008F14513757E
:1097E000F50FEFC08EE4130524005008F145137502
:1097F000F50FEFC08EE3130534005008C145137513
:10980000F50FEFC08EE2130544005008C1451375F3
:10981000F50FEFC08EE11305540050089145137504
:10982000F50FEFC08EE013850407101893050003B1
:109830001375F50F85041904EFC02EDF93F4F40FB0
:109840001374F40FC5BD930705C04111C20722C4AC
:1098500006C6C183130720022E846361F70E17C763
:1098600000001307A7098A07BA979C43BA97828713
:109870009387E18683C707002300F4002DA083C7E8
:1098800091A789870DA89387A1A7EDB79387C1A753
:10989000D5B7414697B5FE1F938505AD22859770D4
:1098A000FE1FE78000198147B24022443E854101F6
:1098B000828083C791A7858BC1B79387B1A75DBF0E
:1098C000938701A89C431CC0F9BF9387B1865DB7FD
:1098D00083C7D1A67DB79387E1A669BF938701A708
:1098E00051BF414697B5FE1F938505A745BF83C766
:1098F000D1A6D1B79387F1A6B5BF938741A7D9B7B2
:109900009387C1A685BF93879186ADB79387D1868C
:1099100095B7938781A5B9BF938771A5A1BFEFF0D4
:10992000CFB42300A40041B783C7C186B1B783C7B2
:1099300091A78D8749B783C7D1A6E5BF1307200438
:109940008947E363A7F6EFD04ECE2310A400A1BF52
:10995000011106CE22CC26CA4AC84EC6EFD09E9828
:1099600035ED03C701A685472A84630CF70293846B
:10997000C1A5854983C711A66371F40498401319E2
:1099800044004A978347E700639937012285EFF047
:109990000FB69C40CA972387070005041374F40F81
:1099A000D1BFEFF06FC8238001A69387C1A59C4368
:1099B00003C711A6B907631CE400EFC0EEF36244CD
:1099C000F240D2444249B24905616FF00FD8050414
:1099D000238007001374F40FC107F1BFF240624403
:1099E000D2444249B24905618280797126D24AD077
:1099F00006D622D44ECE89472E89B2846308F50656
:109A0000636FF5008D476301F50C03C411A6228531
:109A1000B250225492540259F249456182802E85F7
:109A2000EFF0EFF983C711A62A84E372F5FEE5D0C3
:109A30001946CA8526859770FE1FE78080FFC1BF43
:109A400083A709001315440019463E95CA851905D8
:109A50009770FE1FE780E00631ED05041374F40FE4
:109A600083C711A6E36EF4FC3E8455B70144938985
:109A7000C1A5FDB705041374F40F83C711A6E375E0
:109A8000F4FE330534030A86C14513053502137508
:109A9000F50FEFC0CE8A79FD41469305F00F0A8598
:109AA0009770FE1FE780800671F5CA850A85EFD0A2
:109AB000AEBF69F183C711A6E37BF4F4A9D8A685EC
:109AC0002285EFF07F90A1B7014499497DB7797164
:109AD00026D206D622D4AA8402CC231E0100EF404F
:109AE000FFB205CD03C7B18689476308F702930526
:109AF00065002A84034555003008EFF01FEF83C747
:109B000011A66371F5022AC6EFF08F93B2452A863B
:109B10000547A1462685EFF06FCDB25022549254EE
:109B20004561828083C7B18691E795452685EFD050
:109B3000CEF8E5B70547E392E7FE834554000146BA
:109B40002685EFF0EFD1D1BF4111C1674AC006C6EB
:109B500022C426C2FD172E896309F506EF401FAB0C
:109B60002A84D14421CD9305650003455500014663
:109B7000D544EFF09FE783C711A66376F500CA8549
:109B8000EFF0BF8D8144630B09022285EFF04FC5D2
:109B900035A0CA852285EFF05F8C11C18144050490
:109BA0001374F40F83C711A6E365F4FE630809007C
:109BB00017F5FFFF13050543EF403FCDB2402244A8
:109BC000268502499244410182800144D544D9BF8F
:109BD0000111C1674AC84EC606CE22CC26CAFD175F
:109BE0002E89B289630EF504EF405FA2D14429C1EA
:109BF00093056500034555000146D544EFF0FFDEAF
:109C000083C711A66376F5024E86CA85EFF07F8C76
:109C1000814439A84E86CA852285EFF09F8B11C1F9
:109C2000814405041374F40F83C711A6E364F4FEA2
:109C3000F240624426854249D244B249056182809D
:109C40000144D544D5B7411122C4138421A68345CC
:109C5000040023ACA1A8614506C6EFD0CEF10345B0
:109C600004002244B24041016F209F87411106C683
:109C700022C426C29DE9AA85AA8437450F00130590
:109C800005243375A602EFD04E9C2A8409C9930798
:109C9000E00F6306F50085452685EFD00EE22285AC
:109CA000B2402244924441018280EFD00EE101444F
:109CB000FDB71387E1868347070083C591A793E724
:109CC00007F82300F7006FD00ED45971A6D2B284E2
:109CD0005000A2D4D2CC86D6CAD0CECE2A84368A20
:109CE00002C223140100EFF05FD083C711A663778F
:109CF000F50E2A89EFE0DFF49147AA896319FA0C7F
:109D000003C7E186791713371700914619443304C6
:109D100089024E86CA852685EFF04FAD51468145B2
:109D200068009770FE1FE78040D470001374F40F32
:109D300013054402C1451375E50FEFB05EE005E978
:109D400041469305F00F68009770FE1FE78000DC26
:109D500019ED13055402700891451375F50FEFB016
:109D60001EDE700093F519002685EFD06ECE130528
:109D700009071010930500031375F50FEFB03EDCD3
:109D800015E10810EFE09FE9001013090105835564
:109D9000040091C5034624002685EF10EFAC1104A2
:109DA000E31789FE93F929006387090083C521A67B
:109DB0002685EF005FBB91476314FA0403C7E18671
:109DC0008947631FF7022685EFF0BFEE15A803C78A
:109DD000B186791713371700D2860DBFA147E31C50
:109DE000FAFC03C7B1868947631CF7000146A285C8
:109DF0002685EFF0EFA6014681452685EFF06FE15D
:109E0000B650265496540659F649664A014565618E
:109E10008280011106CE2AC6EFF0CFFA3245F24019
:109E20002381A1A605616FF04F921D7186CEA2CC51
:109E3000A6CACAC8CEC6D2C4EF801FA883C7F186FF
:109E400089CB01441389C1A5194A83C711A6636A46
:109E5000F400F6406644D6444649B649264A256190
:109E60008280032509009319440019469305F00FD9
:109E70004E959770FE1FE78060C931E9B304440333
:109E80005010F14593F4F40F138514021375F50F78
:109E9000EFB0FECA0DED0347F1039307F00F63180F
:109EA000F702138534025000C1451375F50FEFB06A
:109EB0001EC95008C1450945EFB07EC88325090079
:109EC00054085000CE9503C5F500EF80BF9E0504F1
:109ED0001374F40F9DBF930705C05D71C207A6C23E
:109EE000CAC086C6A2C44EDE52DCC183130720025C
:109EF0002A89B284636EF74E17C700001307C7A8FC
:109F00008A07BA979C43BA97828785476384F5008E
:109F1000614409A8834706000947E36BF7FE2387DE
:109F2000F18601442285B640264496440649F259FA
:109F3000625A616182808547E39CF5FC0347060015
:109F4000E3E8E5FC83C791A711C793E74700A38C1B
:109F5000F1A6C1BFED9BE5BF8547E39BF5FA8347BB
:109F600006001147E366F7FA238DF1A65DBF85472A
:109F7000E390F5FA83470600E3ECF5F8238EF1A6AB
:109F80004DB7C147E396F5F84146A68517A5FE1FD4
:109F90001305853D9770FE1FE780A0A959B7854737
:109FA000E398F5F603470600E3E4E5F683C791A7D7
:109FB00001C793E7170061BFF99B51BF8547E3993C
:109FC000F5F483470600A38DF1A6A1BF9147E39165
:109FD000F5F41842B7470F009387F723E3EAE7F257
:109FE00023A0E1A83DBF8547E394F5F2834706002F
:109FF0000947E36FF7F0A385F18625B78547E39915
:10A00000F5F003470600E3E5E5F083C7D1A611C7E5
:10A0100093E74700A386F1A629B7ED9BE5BF8547E7
:10A02000E398F5EE834706001147E363F7EE2387D5
:10A03000F1A6C5BD8547E39DF5EC83470600E3E93E
:10A04000F5EC2388F1A6F1BDC147E393F5EC414659
:10A05000A68517A5FE1F130525302DBF8547E3995B
:10A06000F5EA03470600E3E5E5EA83C7D1A601C7A1
:10A0700093E7170045B7F99B71BF8547E39AF5E869
:10A0800083470600A387F1A669BD9147E392F5E8EF
:10A090001842B7470F009387F723E3EBE7E623AABD
:10A0A000E1A641B5E39605E6EFD0CEA301E9EFE0E6
:10A0B000BFD7EFC06E84EFE05FE9A5B58547238089
:10A0C000F1A685B59D47E395F5E4938514001946FF
:10A0D00068009770FE1FE780C09503C50400500814
:10A0E0006C00EFF09F9083C711A6AA840944E37B1C
:10A0F000F5E24808EF404FDA09E52685EFE03FBF7B
:10A100004DBF9387C1A59C4392045944BE94854793
:10A110002387F40001BD9D476391F50A1946938595
:10A12000140068009770FE1FE780A09003C504002C
:10A1300001466C00EFF07F8B83C711A66377F504AF
:10A140009944B30495025008F1459384140293F4A2
:10A15000F40F2685EFB0BE9E2A8415E51307A041B3
:10A1600085476304E9009307F00F5008F145268501
:10A17000A307F102EFB07ECB03C58186EFB05EC5C9
:10A18000EFF0BFCA45B30944E5BF83C781A70944BF
:10A19000E38A07D81307A04183C7B1A6631BE90070
:10A1A00093E71700A385F1A61D46A685138541A652
:10A1B000D5B3F99BA385F1A6ADB38547E39AF5D452
:10A1C0001307A04183C7B1A66315E50093E72700F5
:10A1D000D5B7F59BC5B7A3870186EFF01FC591B32F
:10A1E0008547A387F186014419499309F00F7D5AE9
:10A1F00083C711A6E373F4FEB30424035008F145AA
:10A200009384140293F4F40F2685EFB05E9305E176
:10A210008347F102638D37015008F1452685A30776
:10A220004103EFB09EC003C58186EFB07EBA05043E
:10A230001374F40F75BF8547E39CF5CC8347060084
:10A24000E3E8F5CC2386F1A6E9B98547E392F5CC9E
:10A25000834706002547E36DF7CAA384F186D1B191
:10A260008547E397F5CA03470600A546930797FF7E
:10A2700093F7F70FE3EEF6C8A386E1865DB1854755
:10A28000E398F5C88347060003C781A50144238CE2
:10A29000F1A4E31907C8E397B7C8EFE01FCB59B1A2
:10A2A0008547E397F5C68347060003C771A5A38BCF
:10A2B000F1A409E76394B700EFE03FC903C571A5B6
:10A2C000EF80CFDFB9B98547E394F5C48347060033
:10A2D0000D47E36FF7C22385F186A1B18547E39966
:10A2E000F5C2834706002384F18625B90545EFB002
:10A2F0003EAE05B98547E39DF5C08347060023863A
:10A30000F18605B193074002E394F5C003C514003C
:10A31000014693852400EFF04FED83C711A6E37942
:10A32000F5BE19443304850203C70400A147137422
:10A33000F40F631FF702130424021374F40F500880
:10A34000F1452285EFB0AEFFE31405BC9385840090
:10A3500048086D469760FE1FE780A06D5008F145E4
:10A360002285EFB09EAC03C58186EFB07EA64DB6C8
:10A3700013041402D9B717A7FE1F035727D9930751
:10A3800040046D44E3F0E7BA8547E393F5B88347AB
:10A390000600E3EFF5B681CF938701A99C435544AE
:10A3A000E38207B883C791A793E787004DB683C7B9
:10A3B00091A793F7770F61BE17A7FE1F035707D525
:10A3C000930740046D44E3FFE7B48547E392F5B497
:10A3D00083470600E3EEF5B2F9DB938701A99C43BE
:10A3E0005544E38107B483C7D1A693E787001DB125
:10A3F000930720040944E3E727B3E39585B283D5A7
:10A4000004004A85EFC03EF72A8429BE797106D63A
:10A4100022D426D24AD0834725005147E91793F723
:10A42000F70F636BF70217B700001307A75E8A07E1
:10A43000BA979C432A84BA9782878354A50003461F
:10A44000C5008346D500268532C636C4EF400F9C32
:10A45000AA87A246324619E1854425A203C7C70050
:10A46000A14713053400631AF702938741A99C435F
:10A47000A68589C79C4399C38297F9BF938741A753
:10A480008843EFC09E9C69D99307E00FE306F5FC73
:10A4900085452685EFC07EE2C1B7938781A99C439D
:10A4A000A68599C39C43E9FB938701A8D1BF835537
:10A4B000A5002E852EC4EF406F95AA8751DD03C7F6
:10A4C000C700A147130534001306C4009306C40156
:10A4D000A245631AF700938741A99C43B5DF9C47C7
:10A4E000A5DF829795BF938781A9C5BF83471500D4
:10A4F000D5EF83476500858BD5CB9387C1A89C4357
:10A500000149D5E78145414608089760FE1FE7806D
:10A51000C0554C48B5CD83C765011946C105A30F89
:10A52000F10008089760FE1FE780A0508347640091
:10A530000357C1018987858BD98F231EF100EFE076
:10A54000CFF283C711A66390A70283C7C18699C3C0
:10A55000EFF0EF9C97A7FE1F938747BA9C5B81C7DC
:10A56000854521458297EFE04FF0A2850808EFE08E
:10A57000BFC9AA84554905ED894503C521A6EFA0A9
:10A580005EA7B250225426850259925445618280BA
:10A59000035544008544EF406F8765D583475500D8
:10A5A000194693056500A30FF100A5BF01490346B5
:10A5B0001400035544008545EFE0BFE5E30E09E8CC
:10A5C0004A868D4503554400EFE0BFE471B503476B
:10A5D00015009947631AF70203554500EF400F83B2
:10A5E000AA841DC183C7A18609476389E7020D4775
:10A5F0006380E70205476399E700834555000355EB
:10A6000044000146EFE0DFA50346140089455DBF25
:10A610000146814513050041EFF0FF8B835544004F
:10A6200003C504001546EFC03ECCF9BF93054500B5
:10A63000034535000146EFF04FBB83C711A6E37D0C
:10A64000F5E099473305F5021306C400914513055B
:10A6500055021375F50FEFB04EFD03C58186EFB0BF
:10A660002EF7DDBB83C7C1A60355450081C783C54F
:10A6700091860DB583C7E18699E3954521BDEF30FD
:10A68000FFF8AA84E30A05DC8347A400858B85CB09
:10A6900003455500854763F4A7028357C40093F729
:10A6A000072091EF100893856400EFF00FB483C783
:10A6B00011A66396A7008D4503554400E1BB83C5F1
:10A6C00054000355440013068400EFE07F990146CF
:10A6D0008145CDBD03554500EFF06FBFB5BB0355B8
:10A6E0004500EFF0EFA683C7E18693F7F7072387CE
:10A6F000F1869DB379719397050122D406D626D2AF
:10A700004AD04ECEC1872E8463DE070803C521A63A
:10A71000EFA02EDDAA8431C5834705001307100B77
:10A72000638BE7041307000D6387E7021307000B31
:10A730006396E70203474500F9476317F70003559F
:10A7400025008145EFF04FC083C544001385840088
:10A75000EFF03EDF21A0EFF07FCB01C52685EFA013
:10A760002ED1A164A18CB250225426850259925454
:10A77000F2494561828083474500EDF30356850029
:10A780008355650003552500238201A8EFF04FC4CF
:10A7900083C741A8E1D703C58186238201A8EFB012
:10A7A0002EE36DBF93F7250085C381450145EFE09A
:10A7B000BFA59344240083C721A6854511E189459F
:10A7C0003E85EFA01E8345B793F715006384070C01
:10A7D0001389C1A883270900938481A883D94700DE
:10A7E0009C4099EFC1651387C1A9894617B600003F
:10A7F0001306064BFD150545EF001FAF23A4A1A8C6
:10A800008C40134414009DE98327090001468545C7
:10A8100003D5470093140401C180EFE09FBF832755
:10A82000090001468D4503D54700EFE09FBE03C5F3
:10A830008186EFB0EED9EFE04FC835B79308F00F3F
:10A84000094881471307E100740003D6C1A94E856A
:10A85000EF00DFFF11ED0346D1008347C100220660
:10A860005D8E19C69C404E8583D5A700EFF04FB68C
:10A870008840C165814603D6C1A9FD15EF00FFF0F0
:10A880009314040123A4A1A8C1803DDD854503C51F
:10A8900021A605BF93F745008144E38607EC93C4E6
:10A8A0004500D1B503472500F14763E4E72A17B611
:10A8B00000001306661B93162700B2969C424111B6
:10A8C00022C406C626C2B2972A848287834715000F
:10A8D000C5E7414697A5FE1F938505AB17A5FE1F4B
:10A8E000130585A99760FE1FE780A01D3DE517A60B
:10A8F000FE1F130666A8C1450945EFB00ED317A683
:10A90000FE1F130666AAC1450D45EFB00ED203C562
:10A910008186EFB0EECB930534001385C1AB1946A9
:10A920009760FE1FE780E0108547854503C5B1AB02
:10A9300023A4F1ACEFA0EEEB938781AC884393871F
:10A9400001AA9C43ADC703A3070063020306A285C7
:10A950002244B240924441010283414697A5FE1F22
:10A96000938585A317A5FE1F130505A49760FE1FF9
:10A97000E78020152DDD45B7994723A4F1AC6DBFC5
:10A98000034715008347350039E309476396E7021B
:10A99000938781AC9C438145014593F7F7F093E79A
:10A9A000070223A4F1ACEFE01E9DA300A400B24077
:10A9B00022449244410182800547814501456395C7
:10A9C000E700EFE03E8BD5B7EFE0AEFAF9BF0947FD
:10A9D000E38FE7FC938781AC884341991365650059
:10A9E00023A4A1ACA9BF83471500938481ACBDE328
:10A9F0008D476315F70483C7A1AB13978701618760
:10AA0000635B070093F7F707894503C5B1AB238D57
:10AA1000F1AAEFA00EDE9C40914613F7F7006318F1
:10AA2000D700C19B93E7570023A4F1AC85A08946CA
:10AA3000E30FD7F6C19B93E72700FDB79840A387A4
:10AA400001AA9546937707FF3D8B6319D70493E7D7
:10AA50004700D9BF9C40C19B93E76700F1B71387BC
:10AA600081AC1C4383461500BA84C19B95E293E7F1
:10AA7000470023A4F1AC0356A50093054500034508
:10AA800035009146EFF06FA4A38701AA884045BD29
:10AA900013071003E392E6FCA38701AA93E73700AC
:10AAA00061B7EFF0BF96938781AC9C43154793F64F
:10AAB000F700C19B13E53700E394E6F213E52700A6
:10AAC00005B7938681AC9C4203461500B68493F784
:10AAD000F7F031E2CD46631BD70293E7070123A4C9
:10AAE000F1AC83C721AB139787016187635B0700D4
:10AAF00093F7F707914503C5B1AB2389F1AAEFA0FE
:10AB00004ECF9C40370500015D8D15BD93E70702D0
:10AB100023A4F1ACFDB793E70703DDBF938681ACB7
:10AB20009C427D761306F60FF18F0346150019EE51
:10AB30006D46631AC70093E7071023A4F1AC9C424B
:10AB400037050002D1B793E70720C5BF93E7073069
:10AB5000EDB7828003470500930610096307D7000D
:10AB60009307000D6305F70482808346150039477B
:10AB70006391E60483564500056713075740639ABF
:10AB8000E60218459307F007830537006383F50253
:10AB9000938701AA9C4391CF03A34700630B030053
:10ABA0008347270003451700A2075D8D02836FF0DE
:10ABB0007FCF828001119397050126CA06CE22CC51
:10ABC000C187AE8463D5070C03C5B1ABEFA06E910E
:10ABD0002A8409C983C731AB89EFEFF0BFF722851B
:10ABE000EFA00E892165258DF2406244D2440561B3
:10ABF0008280834705001307000D639EE7048347A7
:10AC0000250081E7EFF01FF509A81547639DE700D0
:10AC10000347C500A147E392E7FCA28503C541AA0B
:10AC2000EFA0AE92C1B72147E38EE7FC994663954A
:10AC3000D70083477500C5B71D47E390E7FA035572
:10AC40004500EF30BF9C41DD0347C500A147228589
:10AC5000E315F7F8D9B71307200AE380E7F81307DD
:10AC60001009E391E7FA03471500B947E31CF7F829
:10AC700003574500856793875740E315F7F8184554
:10AC80008347270003451700A2075D8D5DBF93979B
:10AC9000150163DE0700138641AC91451145EFB005
:10ACA000CE9803C58186EFB0AE9211652DBF93F7A4
:10ACB0001500D9CB83C7F1AAB9CFEF307FC29797E0
:10ACC000FE1F83C717458D8B636AF5048D472302EA
:10ACD000F100938761AA83C707004C0003C5B1AB9D
:10ACE0002306F100938711AB83C70700A306F10089
:10ACF000EFE08E930DC1938781AC88434199136532
:10AD0000650023A4A1AC938701AA9C4389C79C43F7
:10AD100099C38145829713C51400F9B5938701AB98
:10AD200083C707001946938581AA2302F100938700
:10AD3000E1AA83C7070013056100A302F100976031
:10AD4000FE1FE78000CF71B793F7250085CF83C73B
:10AD5000A1AB858B8DC703C5B1ABEFE00EBC05C1C0
:10AD6000938781AC88431375F5F023A4A1AC938736
:10AD700001AA9C4389C79C4399C38145829713C507
:10AD800024009DB593F745000145E38F07E483C791
:10AD900021AB9DC703C5B1ABEFE04EBB15C1938797
:10ADA00081AC8843FD779387F70F7D8D23A4A1ACF9
:10ADB000938701AA9C4389C79C4399C38145829785
:10ADC00013C5440015B5797122D426D206D6AA84BB
:10ADD0002EC6328436C43AC23EC0EF303F8339C5F6
:10ADE0000358E500B24582471247A246636DB8009A
:10ADF000636B0401035605016317D6000356250152
:10AE000061456300E602231CB1003E862C082685BE
:10AE1000231D8100231ED100231FE100EF30AFEE80
:10AE20000145B25022549254456182805145D5BFAC
:10AE3000011106CE9797FE1FA38CA74A91C52E85B8
:10AE400032C6EFE05FE03246938781AC9C4385EBEE
:10AE500019C223A0C1AAF24003C651AA83C521ACDE
:10AE600003C5B1AB938741AC1797FE1F1307C753B8
:10AE70009796FE1F9386465005616FF0CE9FF24075
:10AE80004545056182809797FE1F83C797288D8B64
:10AE900081EB614582806145B2402244410182805C
:10AEA000411122C406C603C4B1AB9307F00FE314EB
:10AEB000F4FE17050000130525D0EFA06EEFA38D5B
:10AEC000A1AAE30A85FC23A001AA23A401AC91470F
:10AED0002381F1ACEFB0BEFC414681451795FE1FC2
:10AEE000130585499760FE1FE78020B841468145DC
:10AEF0001795FE1F1305454B9760FE1FE780E0B6D0
:10AF000023A201AC238801AA238701AA9D47179693
:10AF1000FE1F13066646C14509452383F1AAA3888F
:10AF200001AAEFA0DEC11796FE1F1306E647C14532
:10AF30000D45EFA0DEC041469795FE1F9385C543A2
:10AF40001795FE1F130545449760FE1FE78060AE0E
:10AF500041469795FE1F938525451795FE1F1305BE
:10AF6000A5439760FE1FE780C0AC138641AC9145B6
:10AF70001145EFA0DEBC014505B7FD57A38DF1AA31
:10AF80001797FE1F13078736A302F7002303F70066
:10AF9000238101AC0547A387E1AA23A201AC19478D
:10AFA000239BE1AA0567130707C8239AE1AA238216
:10AFB000F1AA9D47A38201AAA38901AAA38CF1AAA1
:10AFC000238CF1AA19468145138581AA1763FE1FB8
:10AFD0006700A3A9930705D04111C20722C406C682
:10AFE000C1835D472E84636BF70C17B7000013070E
:10AFF000E7AE8A07BA979C43BA97828783C721AC8A
:10B000002300F40035A041469795FE1F9385C53671
:10B0100022859760FE1FE780C0A119A84146979539
:10B02000FE1F93856538EDB7938741AC9C439CC167
:10B030008147B24022443E85410182801946938572
:10B04000C1ABF9B783C7F1AA65BF2E85EFE00EBF8C
:10B05000C5B72E85EFE0EEC0E1BF83C701AB4DB7AA
:10B0600083C7E1AA71BF1946938581AA55B783C7E3
:10B0700061AA79B783C711AB61B7938781AC9C4351
:10B0800041B783C751AAADBF83D761AB2310F4008A
:10B0900045B783D741ABDDBF83C791AB95B783C7B6
:10B0A00081ABB9BF2E85EFE00EBF59B783C7A1AB07
:10B0B00093F7F707B1B783C721AB99B713072004FC
:10B0C0008947E368A7F6EFB05ED62310A4008DB7DA
:10B0D0009307F5CFC207AE86C183D9452A8763E6B9
:10B0E000F52817B80000130868A58A07C2979C4383
:10B0F000411106C6C297B285368582874147E1472E
:10B10000639EE60241461795FE1F1305E5269760EC
:10B11000FE1FE780009215A04147E1476390E602D9
:10B1200041461795FE1F13052528D5B71147E1475E
:10B130006396E6001C4223A2F1AC8147B2403E85F3
:10B14000410182800547E147E39AE6FE0347060096
:10B1500083C7F1AAA387E1AA95C3814765F3138743
:10B1600081AC184389463D8B6305D7009546E317AC
:10B17000D7FC03C5B1ABEFD07EE2C1B781475DDF3D
:10B18000138781AC18436306A7003D8B7517E367EF
:10B19000E5FA854503C5B1ABEF90BEE579BF9307EE
:10B1A000C01C63E0D71C630E061AB24041016FD089
:10B1B0005EFC9307C01C63E6D71A6304061AB2400C
:10B1C00041016FE02E8B0547E147E399E6F603471F
:10B1D0000600A946E3E4E6F62388E1AAB9BF0547DD
:10B1E000E147E39DE6F4034706008D46E3E8E6F415
:10B1F0002387E1AA99B71947E147E391E6F4194695
:10B20000138581AA29B70547E147E399E6F2034789
:10B2100006009D46E3E4E6F22383E1AA39BF054731
:10B22000E147E39DE6F0034706008D46E3E8E6F0DC
:10B23000A388E1AA19B70547E147E391E6F0834700
:10B240000600A382F1AAD5BD0947E147E398E6EEDF
:10B250000356060005671307A7C79306A6FFC20695
:10B26000C182E36DD7EC239BC1AAC1BD0947E14769
:10B27000E396E6EC0356060005671307A7C7930697
:10B28000A6FFC206C182E36BD7EA239AC1AA75B5AD
:10B290008345060003C681ABA38CB1AA0145EF70BC
:10B2A0006FE261BD0346060083C591AB238CC1AA42
:10B2B000F5B79307C01C63E6D70A45C6B240410103
:10B2C0006FE06E8B0547E147E39AE6E683470600A9
:10B2D00003C7A1AB058B238DF1AA93F6170011C705
:10B2E000E39D06E4EFD0DEE589BDE38806E413873D
:10B2F00081AC18438945398BE31E07E893E707F8CB
:10B30000238DF1AA1DBD0547E147E399E6E2834796
:10B31000060003C721AB2389F1AA11C7E39F07E009
:10B32000EFD07EE419BDE38A07E0138781AC1843B0
:10B330001377070F19C39145B1BD93E707F8238928
:10B34000F1AAE5BB9307200463EFE700894589472D
:10B35000E396B6DEB240835506003A8541016FC0E0
:10B360008E81E147E1BB8947D1BB9307200463E9A4
:10B37000A700894589476396B60083550600C5B77F
:10B3800089473E8582806F702FD4411106C6EF80B9
:10B39000402B1725FFFF130525DBEFA06EA1EF1053
:10B3A0005FC617C5FEFF13058508EFA06EA0EFC0AE
:10B3B0004E8317F5FEFF1305651DEFA06E9FEFF09E
:10B3C0000E9A1745FFFF13050568EFA06E9EEF402C
:10B3D000EFFB17F5FFFF13052532EFA06E9DEFE0A1
:10B3E0005FA31715FFFF1305E52CEFA06E9CEF1070
:10B3F000EFA8B24041016FF01FA9938741AD1387B9
:10B40000C1AC9C43184301456313F700828083D687
:10B41000670081E683D6470036959C43F5B797973A
:10B42000FE1F9387A7CD8C431797FE1F035747CD69
:10B4300041111386052223AAC1AC938785FFBA97D1
:10B44000056523A6F1AC06C61D0593563700637447
:10B45000E500930600203307D60023A8E1AC23A023
:10B46000E522E1162312D600231306001CC3998F90
:10B47000E1172312F70023130700EFF01FF8B24083
:10B480009797FE1F239DA7CA41018280938741ADF4
:10B490001387C1AC9C43144301456393F60082803B
:10B4A00003D7670011E703D747006373E5003A85C8
:10B4B0009C43E5B7938741AD9386C1AC9C439042D2
:10B4C0002A87B305B5406314F6003A8529A8938608
:10B4D00087009C43E369D7FEE377F7FE2E85E3E41C
:10B4E000D5FEE3F2F5FE828083C705002300F50058
:10B4F00083D72500A300F50083D72500A18323016E
:10B50000F50083C74500A301F5001145828023AEF5
:10B5100001AC23AC01AC828029C1411126C206C610
:10B5200022C4AA8401458DC52E842285414697A553
:10B530000000938565669750FE1FE780804F83C7A4
:10B54000040005452306F40083C71400A306F40095
:10B55000B24022449244410182800145828001111F
:10B5600022CC26CA06CE0947AA8432846383E50426
:10B5700041468147639BC500638FE6006397B60031
:10B580001DA841478147638FE600F2406244D244E0
:10B590003E85056182808A852285EFF0FFF741466E
:10B5A0008A8521A88A85EFF03FF741468A85228562
:10B5B00031A0E398B6FC2E86A28526859750FE1F03
:10B5C000E7802050AA87D1B723AEA1AC82800111B9
:10B5D00022CC0354650006CE26CA4AC84EC641C0D6
:10B5E00083298500AE842A8803C90900814713177F
:10B5F0008901618763550702B147054563FA8704EE
:10B600005114420403552800418033878900A286E3
:10B610004E868545EF40EFADB337A00085077D141A
:10B6200013556900420405891379F9034180238089
:10B63000F400A380A4002381240123928400014705
:10B6400019C01387190098C409476383E7000145AF
:10B65000F2406244D2444249B249056182800545C4
:10B66000C5BFC167F917630AF502D94763F7B70287
:10B67000011122CC2EC606CE2A84EF107F85B2455A
:10B680006368B50022856244F24005616F306F9DAA
:10B69000F240624405450561828005458280C167AC
:10B6A000F9176314F5006F10BF82411106C6EF3021
:10B6B0004F8A11E15D45B2404101828039714ED619
:10B6C00056D25AD006DE22DC26DA4AD852D4AA8ACA
:10B6D0002E8BB28949EF36C6EFF07FFC9145EF1013
:10B6E000BF8FAA844D492DC9B246054A2380340133
:10B6F0000544630A0B00B68513851400029B0505FB
:10B70000131405014180E20993D9894163D30902E9
:10B71000C1455685EF30EF91654905E933868400D0
:10B72000A2852685EF301FEE2A8905E13104420407
:10B73000418091472C085685231CF10026CE231DFD
:10B740008100EF209F9A2A8901C963070A00268594
:10B750009760FE1FE7808013F25062544A85D254EE
:10B760004259B259225A925A025B21618280BA84AC
:10B77000014AADBF011122CC26CA4AC84EC606CE28
:10B780002A893284B689EFF07FF3AA8405E1938792
:10B79000C1AD9C4381CF05476317E40003C4090092
:10B7A00005041374F40FA2854A858297F24062441F
:10B7B00026854249D244B24905618280AE8601475E
:10B7C000054697050000938565D26FF0BFFA83D7D1
:10B7D00005002300F50083D70500A183A300F50031
:10B7E0000945828083C7250005472300F50003D55E
:10B7F00005006397E7000A0505054205418182803F
:10B80000C9473305F502CDBF03D505000A0542053A
:10B810004181828083D725002300F50003D50500F0
:10B8200083D725003305F502050542054181828055
:10B8300003D50500828003D50500828003D505006D
:10B84000828083D725002300F50003D5050083D728
:10B8500025003305F502050542054181828083D725
:10B8600005002300F50083D70500A183A300F500A0
:10B8700083D725002301F50083D72500A183A301E9
:10B88000F50003D54500110542054181828083D72B
:10B8900005002300F50083D70500A183A300F50070
:10B8A00003D525000905420541818280894711455C
:10B8B000639BF60083471600834606000145A207F6
:10B8C000D58F2310F700828003D70500D947AE86B5
:10B8D00063FAE70001470D4697050000938565EF81
:10B8E0006FF05FE90945828011456393A6028347A3
:10B8F0001600834606000145A207D58F2310F700E6
:10B900008347360083462600A207D58F2311F70010
:10B91000828083C725000547FD1793F7F70F636102
:10B92000F70483D705008DCF011122CC2A84C841AA
:10B9300006CE15C12EC68945EFF0DFB72A872285CE
:10B940006244B246F2401546970500009385C5E96A
:10B9500005616FF03FE2F240624409450561828073
:10B96000094582809547114563F9D706411122C4E4
:10B9700026C24AC006C683471600BA84034706009B
:10B98000A2073284D98F2390F400834736000347FF
:10B99000260093054400A207D98F2391F40089471C
:10B9A0002382F40009461385540036899750FE1F00
:10B9B000E78020089307A9FF2394F4009947631BAD
:10B9C000F90023A60400B2402244924402490145F2
:10B9D000410182801904C0C4FDB7828083D705006D
:10B9E0008DCF011122CC2A84C84106CE15C12EC6A6
:10B9F0008545EFF03FAC2A8722856244B246F2408B
:10BA00001D4697050000938565E005616FF09FD6A0
:10BA1000F240624409450561828009458280994768
:10BA20006395F6048947411106C62302F700834750
:10BA3000160083460600B285A207D58F2310F700B3
:10BA4000834736008346260003464700A207D58F6A
:10BA5000130557002311F70091059750FE1FE7804B
:10BA600040FDB240014541018280D14711456394B8
:10BA7000F600C1474DBF828083D705008DCF0111ED
:10BA800022CC2A84C84106CE15C12EC68945EFF0C6
:10BA90007FA22A8722856244B246F2402546970556
:10BAA0000000938565D705616FF0DFCCF2406244FA
:10BAB0000945056182800945828089471145639B5C
:10BAC000F60083471600834606000145A207D58F7E
:10BAD0002310F7008280011122CC2A84C84106CEAF
:10BAE000AE86014719C52EC68545EFF0BF9CB2460C
:10BAF0002A8722856244F2402D46970500009385EF
:10BB000065D305616FF01FC711456393A602834794
:10BB10001600834606000145A207D58F2310F700C3
:10BB20008347360083462600A207D58F2311F700EE
:10BB30008280011122CC2A84C84106CEAE8611C56E
:10BB40002EC68545EFF01F97B2462A8722856244AC
:10BB5000F240354697050000938525CE05616FF0CC
:10BB60007FC193F71600114589EB89476387F6007B
:10BB700085822312D70010C301458280011122CC97
:10BB80002A84C84106CE15C12EC68545EFF09F9286
:10BB90002A8722856244B246F2403D46970500005E
:10BBA000938505CA05616FF0FFBCF2406244094508
:10BBB0000561828083D705008DCF011122CC2A84B4
:10BBC000C84106CE15C12EC68945EFF0BF8E2A8723
:10BBD00022856244B246F2404546970500009385AF
:10BBE00085C605616FF01FB9F240624409450561E1
:10BBF000828009458280854763FCD7022304A70021
:10BC0000A304B7008347160083450600A207CD8F23
:10BC10002310F7009387E6FF2311F7008947638617
:10BC2000F600090650C30145828023220700E5BFC4
:10BC300011458280014781464D4681456FF09FB393
:10BC40008D47114563FBD7028347160083450600E5
:10BC5000A207CD8F2310F7008347360083452600C7
:10BC6000A207CD8F2311F7009387C6FF2312F70099
:10BC70006386A600110610C70145828023240700B1
:10BC8000E5BF011122CC2A84884506CEAE8611C5B7
:10BC90002EC69545EFF01F82B2462A872285624460
:10BCA000F2405D46970500009385A5BB05616FF0E6
:10BCB0007FAC854711456397F60083470600014531
:10BCC0002300F700828001478146654681456FF079
:10BCD0007FAA011122CC2A84C84106CEAE86014734
:10BCE00019C52EC68D45EFF0EFFCB2462A87228596
:10BCF0006244F2406D4697050000938585B9056161
:10BD00006FF0DF9B011122CC2A84C84106CEAE869B
:10BD1000014719C52EC68D45EFF0CFF9B2462A87E7
:10BD200022856244F240754697050000938565B60A
:10BD300005616FF0BF98814717A800001308C8E697
:10BD40001306F00F3307F800834607001397060128
:10BD500041836364E5006393C600828083D6050057
:10BD60006365D7002390E5008280850793F7F70F7E
:10BD7000D1BF41119397050122C406C626C2C187CF
:10BD80002E8463D50702EF80DEF5AA8409CD8347B0
:10BD90000500054793C707086364F700EF60E00AF2
:10BDA0002685EF80FEEC2165218D29A893F71500EB
:10BDB00099CF9787FE1F93876760FC5791C382973F
:10BDC00013451400B240224492444101828093F70B
:10BDD000250099CB9787FE1F9387475EBC5B91C375
:10BDE000829713452400F9BF93F7850081CF978789
:10BDF000FE1F9387A75CFC5FBC5B91C382971345D2
:10BE00008400C9B793F7450081CF9787FE1F9387BA
:10BE1000E75AFC5FFC5791C38297134544005DB716
:10BE200093F7050291CF9787FE1F9387275983A722
:10BE3000070983A7070991C382971345040259B7DD
:10BE400093F7050191CF9787FE1F9387275783A705
:10BE5000070983A7C70891C38297134504019DB7BB
:10BE6000939725010145E3DF07F49786FE1F83C6FC
:10BE700056551786FE1F0346C6549785FE1F83C579
:10BE800035541785FE1F0345A553EFB00FA709656D
:10BE900021BF411122C41784FE1F1304245213062C
:10BEA0008012814526C2AA84228506C623A201AE3D
:10BEB0009750FE1FE78060BB0145EF2050120145FF
:10BEC000EF20F0199787FE1FA3899726B707D7079A
:10BED000B5071787FE1F232DF74EB7A70D0D9387C4
:10BEE00037211787FE1F2327F74EB7A7D70793875A
:10BEF00037211787FE1F2321F74EE97793873721D4
:10BF00001787FE1F231CF74C7D4781472320E40E33
:10BF10000327040D2322F40EB7872D049387F79F80
:10BF20005D8F8327440D9786FE1F23A1E6569786D3
:10BF3000FE1F23A1E65693E7E7391787FE1F232D3F
:10BF4000F7549786FE1F23A5F6549787FE1F83C7D5
:10BF5000C71B1787FE1FA301F7521787FE1FA301F8
:10BF6000F752F977FD171787FE1F231CF754178721
:10BF7000FE1F2319F754FD471787FE1F2305F754AB
:10BF80009787FE1FA388074685679387F7F0178773
:10BF9000FE1F2312F7461787FE1F231FF744EF905B
:10BFA0003E889787FE1FA38CA7409307C01C178766
:10BFB000FE1F2312F74885471787FE1FA30FF7427E
:10BFC0009787FE1F83D7C713A9831787FE1FA3096F
:10BFD000F7468D471787FE1F2313F7429787FE1FEB
:10BFE00023A00742B7170706938707441787FE1F4A
:10BFF000232AF7409787FE1F9387471083D70701AF
:10C000001307B00F6374F7009307B00F139607017F
:10C010001787FE1F2319F73C1787FE1F2317F73CCE
:10C020008347C40341829306E600918BC5C39317EF
:10C0300066009387073DC207C1831787FE1F23153C
:10C04000F73A0347D403118B49C713176600130748
:10C05000073D420741839785FE1F2399E538ED454B
:10C0600032876373B6006D471786FE1F2319E636C5
:10C07000130680143E8763F4C700130780148E06EE
:10C080009787FE1F239EE7349787FE1F239CE73484
:10C090009787FE1F2397D7349307C01C1787FE1F6F
:10C0A000231EF734B7071600938707901787FE1FE4
:10C0B0002320F734EF906FF2EF40901AEF80DFCC3F
:10C0C0002244B240924441016F60C02593973600EC
:10C0D0009DB713973600B5BF411106C622C426C2CC
:10C0E0001787FE1F034767319787FE1F83C7F73007
:10C0F0006369F70001442285B24022449244410121
:10C100008280AA84930510241305800B9750FE1F8C
:10C11000E780606B2A8479DD1306800B8145975098
:10C12000FE1FE780809481E4C1572304F4009787C1
:10C13000FE1F9387A728B84F3DE71787FE1F2329C7
:10C14000872C1787FE1F2327872C1787FE1F232581
:10C15000872C2320040005479786FE1F238FE6289F
:10C160000547A304E400130700F9A305E4001787BB
:10C17000FE1F13076718544B184F1785FE1F034502
:10C1800025F974C438C87D57230BE40083C7A7047E
:10C19000A30EE4062304A4062306F40AEF80BFDFFF
:10C1A000A30AA40089BFF84F00C31787FE1F2325E9
:10C1B00087262320040003C7E703050771BF8347D1
:10C1C000E501411122C406C69907A308F5007C4584
:10C1D00011472308E5002380E7007C45034715014C
:10C1E0002A84A380E70083475503858B91E70347A3
:10C1F000450389476319F70078448347070093E7AD
:10C2000007042300F70068449305640319460905F1
:10C210009750FE1FE780E08168440356E4014C54C8
:10C2200021059750FE1FE780C080930730F9A305D2
:10C23000F400B24022444101828041114AC0178972
:10C24000FE1F1309A9178327490B06C622C426C25D
:10C2500099E3054505AAAA84EF900F968327490B19
:10C260008297EF40C0562A846DD5DC50AC48232419
:10C27000F50803C7B4009307A009631BF7108547AF
:10C280002300F51483C734062303F514A303F51420
:10C2900083C7F50003C705010148A2074207BA9703
:10C2A00003C7E5001546F905BA9703C735FF13051F
:10C2B00084136207BA97232CF40883C755FF03C77A
:10C2C00065FFA2074207BA9703C745FFBA97232E17
:10C2D000F40883C775FFA30BF40283C795FF03C758
:10C2E00085FFA207D98F231CF40283C7B5FF03C7BC
:10C2F000A5FFA207D98F231DF40283C7D5FF03C76B
:10C30000C5FFA207D98F231EF40283C7F5FF03C719
:10C31000E5FF232E0413A207D98F231FF4028147C0
:10C32000232CF4129740FE1FE780A070B848834783
:10C330003702FD8BA30AF40203473702ED1793F788
:10C34000F70F15832308E4022D476368F70283572C
:10C35000A40305679306A7C7E917C207C18363EE65
:10C36000F6008356C4039307301F63E8D700835752
:10C37000E403130707C8637EF70203558400EF4008
:10C3800020650145B2402244924402494101828025
:10C390008327890D13971701E35C07EEFC4403C75D
:10C3A000070083C70500F98F9583858B2300F5145B
:10C3B000C5B58327890B228582978327090E0355EC
:10C3C0008400294693F7072091E30546930500086A
:10C3D000EF5050418327890D1397170163590700C8
:10C3E00003558400514693050008EF50B03F832762
:10C3F0004905FC4B13974700E35D07E403C5840040
:10C40000A38B0400494693050008EF50B03D91B559
:10C41000411122C406C626C24AC09787FE1F83C7A1
:10C42000F7F92A848DEB0347040185476318F70E5B
:10C430008347D40303475404858B631FF70C1946C5
:10C44000930564041305E4039740FE1FE7806067CB
:10C45000B334A000A1A883475504DDC78347B504C2
:10C460001307000493F7070C6390E70A085931C5D6
:10C4700013096404CA851305A5029760FE1FE780AF
:10C4800000AD8547AA84631AF5020858894723023C
:10C49000F404834735001946CA8593E72700A302B1
:10C4A000F40451059740FE1FE780A058B240224493
:10C4B0002685024992444101828003470401854751
:10C4C0006304F70483470406918B9DEF8347C403FD
:10C4D00085EF130544049760FE1FE78040B308D83A
:10C4E00005C589472302F40483473500194693059F
:10C4F000640493E72700A302F40451059740FE1F4C
:10C50000E780205385445DB78347C403898B81DF6F
:10C510001C5883C7170081FB814449BF8347040629
:10C52000918B99F78347D40013F717000DC3834607
:10C5300034010D47639DE60068402C442244B2401C
:10C540009244024941011753FE1F67004394898BAF
:10C55000D5DB034734019547E316F7FAF1BF4111E4
:10C560009787FE1F238807EC22C4930710F906C69D
:10C57000A305F500938701AE80430DC0854517855F
:10C58000FE1F034595BBEF80FEE893071027330598
:10C59000F50222832244B24041010283B240224488
:10C5A000410182808347A50199C70347A500631411
:10C5B000F7006FF0DFFA0347950111CF8346A5001E
:10C5C0006382E6022305E50089451785FE1F0345C2
:10C5D000D5B66F801EA2F1DF0347A50079FB2305C6
:10C5E000F500DDB7F9D7E5BF2C49314783C7150002
:10C5F00093F7F7032309F5006386E7009307000824
:10C600003E85828083C705000D47BD8BA309F500D9
:10C61000E396E7FE41114AC01309650322C4194697
:10C620002A84A1054A8506C626C29740FE1FE780D8
:10C6300040499147630F05222C48194613056404AD
:10C6400083C7050089059987858BA302F404974069
:10C65000FE1FE780003E2285EFF09FDBA147630AC3
:10C6600005201305200483044401EFA00EFC62059D
:10C6700061859307000863CEA41E64449D47230888
:10C68000F4002380F40085472381F400A381F400A3
:10C69000CA851946138544009740FE1FE78060391C
:10C6A00083C7240003C734000149990793F7F70FA4
:10C6B000136787002381F400A381E4007844BA97CC
:10C6C0000357C406A381E70083C724007844834648
:10C6D00014063E978357C4069206A183BD8BD58F5F
:10C6E0002302F70003C7240009071377F70F2381FC
:10C6F000E4008356E401E1C283470406795993F7C5
:10C70000070491C375593309E9401379F90F63742C
:10C71000D90A83463406751989471379F90F63914D
:10C72000F6168347B4066396071691679387072921
:10C73000F9469387771BB3C7D7021786FE1F0346B8
:10C7400066CF136606019785FE1F2385C5CE138627
:10C7500041A4104285650CC6B386D702860634D242
:10C7600083C6340093E60601A381D40074440346D3
:10C7700024063697A301C70083C624007844369761
:10C780002302F70003C724007444A187BA96034725
:10C7900034061607D98FA382F60083C724008D07BD
:10C7A0002381F4005C54CA973CDC8357E401B387CF
:10C7B00027412319F4068347040693F7070485C726
:10C7C00003C734007C4483C6240013670704A38195
:10C7D000E40003475401B697A381E70083C7240010
:10C7E00085072381F40003C524000356E4014C545B
:10C7F0009307350068443E954DC26360C90A97406F
:10C80000FE1FE78000230349E40103C72400937758
:10C81000F70385073E99A30824012381E400834799
:10C820005403858B91E70347440389476319F70055
:10C8300078448347070093E707042300F7007C440C
:10C8400083451401A380B700930790F9A305F40072
:10C85000034534068347B4065D8DEF80FF800146B3
:10C8600081450D459750FE1FE78080A4EF80DFB41F
:10C870008147B2402244924402493E854101828070
:10C88000054693078042E385C6EA856793878784D8
:10C8900045B585679387E71B61BD4A869740FE1FB4
:10C8A000E78020199DB72C491307200283C7150084
:10C8B00093F7F7032309F5006396E71A011122CCD9
:10C8C00006CE26CA4AC84EC683C7050015472A8425
:10C8D000BD8BA309F500639CE7021946A10513056A
:10C8E00065039740FE1FE780C01D9147630A05144A
:10C8F0002C4819461305640483C7050089059987E8
:10C90000858BA302F4049740FE1FE78080122285E6
:10C91000EFF01FB0A147630505128346340617895F
:10C92000FE1F1309A98505479789FE1F83D98985AD
:10C9300083270900637ED710829737460F00AA84A9
:10C940001306062481461305007D3385A90281451F
:10C95000EF50DE88B307950033B5A7002E953E87CC
:10C960008326490019E163E4D7003387D740644444
:10C97000A1472308F40058D02380F4008547238181
:10C98000F400A381F4001946930564031385440061
:10C990009740FE1FE780E00983C7240099072381A1
:10C9A000F40083C7340093E72700A381F400834792
:10C9B000540481CB78448347070093E707F82300AA
:10C9C000F7001946930564041385A4009740FE1FE1
:10C9D000E780200683C72400990793F7F70F13F722
:10C9E000F7030507A308E4002381F40083475403F9
:10C9F000858B91E70347440389476319F70078441F
:10CA00008347070093E707042300F7007C4483452E
:10CA10001401A380B7009307A0F9A305F400034510
:10CA200034068347B4065D8DEF800FE401468145EF
:10CA30000D459750FE1FE780A087EF80FF97814745
:10CA4000F2406244D2444249B2493E850561828047
:10CA5000829737460F00AA841306062481461305E1
:10CA6000803EE5B5930700083E85828041114AC0AB
:10CA7000138941A48327090022C41307000A06C6AC
:10CA800026C22A84F8D30945EF807F9A938681A332
:10CA90009042B7050082FD155C56F19B93E71700A5
:10CAA0005CD6032709005C4393E717005CC3834708
:10CAB000840693F7F703139797015C56ED8FD98F90
:10CAC0005CD637170040930770052300F7049307DF
:10CAD00080FA2300F70403068406B54763D0C7161F
:10CAE0008357270293E707012311F7029C42370679
:10CAF000330098431377F7E798C398431377F7E722
:10CB00001367071098C31387C1A418431447D18E25
:10CB100014C7832609001306A00DB0CA5457F59A0E
:10CB200054D7034724069376F7079843137707F8FB
:10CB3000558F98C337C7898E130767ED98C7375746
:10CB40005500644413075755D8C39D472308F40084
:10CB50002380F40085472381F400A147A381F400DA
:10CB60007C440357C4062382E70083C7240078442B
:10CB7000834614063E978357C4069206A183BD8B55
:10CB8000D58F2302F70003C524009307E00F0905A2
:10CB90001375F50F2381A40003562407898F63CFF3
:10CBA000C7047C442C5C0D053E959740FE1FE78032
:10CBB00040E803C72400834724079376F7038507DB
:10CBC000B697A308F4002381E40083475403858BC0
:10CBD00091E70347440389476319F7007844834783
:10CBE000070093E707042300F7007C440347140180
:10CBF000A380E700930780F9A305F40083270900C9
:10CC000078448145171500001305C539B8DBEF805E
:10CC1000FE879777FE1FA382076E834534068347FE
:10CC2000B406034614012244B24092440249DD8D09
:10CC3000014541011743FE1F6700836783572702A1
:10CC4000C207C183BD9BC207C18379BD397152D46C
:10CC5000138A41A483260A0022DC26DA06DE4AD89B
:10CC60004ED69307000AFCD2938781A39C43B70555
:10CC700033002A84D857719B13671700D8D798437D
:10CC80001377F7E798C398431377F7E7136707100D
:10CC900098C31387C1A4184310474D8E10C71306BD
:10CCA000A00DB0CA5057759A50D703472506137682
:10CCB000F7079843137707F8518F98C3DC420D4765
:10CCC00093E71700DCC264459D472308F5008546BD
:10CCD0002380F400A38104002381D4008347F50559
:10CCE0006385E70019476396E7528547A381F400FF
:10CCF000194693056403138544009740FE1FE7809F
:10CD000040D383C7240099072381F4000347F40527
:10CD100099476316F70483C734001385A40093E78B
:10CD20002700A381F40083475403898B6385071E82
:10CD30000C5883C725016380071E1946D10597400B
:10CD4000FE1FE78000CF78448347070093E707F88A
:10CD50002300F70083C7240099072381F40083C7C9
:10CD6000340003C7240093E78700A381F4007C44C8
:10CD7000BA970357C406A381E70083C72400784409
:10CD8000834614063E978357C4069206A183BD8B43
:10CD9000D58F2302F70003C7240009071377F70F85
:10CDA0002381E4008356C4016386061A8347040680
:10CDB000795993F7070491C375597C483309E940C1
:10CDC0001379F90F918B81C739191379F90F8149BB
:10CDD0006374D90A83473406751989461379F90FA4
:10CDE000639DD7148347B4066392071691699389AC
:10CDF0000929F9479389791BB3C9F9029776FE1F70
:10CE000083C6466393E606011776FE1F2304D662A7
:10CE100083260A00056690C6B387F9028607BCD24E
:10CE200083C7340093E70701A381F4007C44834661
:10CE300024063E97A301D70003C724007C4493D661
:10CE40008940BA972382370183C7240078443E97EC
:10CE5000834734069607D58FA302F70083C72400C3
:10CE60008D072381F4001C54CA973CDC8357C4010E
:10CE7000B38727412319F4067C48914613F7C7006E
:10CE8000630BD700B1466316D726834614060347C3
:10CE9000F4076390E626A18BE1C79387C1969C4374
:10CEA0008329840982971777FE1F1307272D63E6CE
:10CEB000A90AB7470F003385A94093870724B335E4
:10CEC000F5020356870081463305F502EF500EB197
:10CED000AA89B7074B00138749ED9387B7C763EA61
:10CEE000E7204946814568009740FE1FE780E0B78C
:10CEF000B7C70300938737FC63CD3713BD09F947E4
:10CF0000B3C9F902B2477977F98FCE0993D93901BC
:10CF1000B3E93701B9A28347D40381CB784483476F
:10CF2000070093E707F82300F70019469305E40389
:10CF30009740FE1FE780E0AF31BD854693098042F0
:10CF4000E389D7EA85699389898465B58569938979
:10CF5000E91B45B58149014905B75C43BE9991BFBD
:10CF600083C7340083453406C18BA1CB794609477A
:10CF7000B389C902835724076395E5020347B406C2
:10CF800099078E0709CB9387770D13961700B299EF
:10CF9000938949293DBF9387A70493963700B69993
:10CFA000C5BF05476397E500BD0713972700BA99EA
:10CFB000C5B7B9078E07BE99E1BF03C724008357E1
:10CFC000C401BA970947639EE5040347B406D9072D
:10CFD0008E0721C79387770D86071777FE1F0347B4
:10CFE0007745136717009776FE1FA385E64403274E
:10CFF0000A00A1669389875214C793875754F9464C
:10D00000B3C7D702B387D70286077CD783471406F6
:10D010002300B408A30FF4066DBD9387A7048E0701
:10D020006DBF05476395E500FD078A077DB7F907E2
:10D03000FDB7B7872500138747ED6346370313070E
:10D04000C01293896909B3C9E902B2478966138797
:10D05000F6FFD58F33F7E900F979B3F93701B3E972
:10D06000E9004EC619A863C037178357C100697716
:10D07000F98F1167D98F2316F1008357640868442C
:10D080006C00139707018357C100D98F3EC68327D1
:10D09000040A0327C4083EC88327440A13168700DE
:10D0A000618393F6F7019777FE1F83C757319D8BF6
:10D0B0009607D58FD18F3ECA832704094946A20718
:10D0C0005D8F835784083ACC231EF10083C7240068
:10D0D0008D073E959740FE1FE780A09583C73400DB
:10D0E00093E70702A381F40083C72400C9072381C3
:10D0F000F4008347040693F7070485C703C7340089
:10D100007C4483C6240013670704A381E40003471B
:10D110005401B697A381E70083C7240085072381C4
:10D12000F4000356C40161E2014983C62400834729
:10D13000E40513F7F60305073A999A07D58FA30874
:10D1400024012381F40083475403858B91E703472F
:10D15000440389476319F70078448347070093E73E
:10D1600007042300F7007C44034714018145171589
:10D170000000130525E3A380E700930760F9A305EA
:10D18000F400784483270A00B8DBEF802EB097774D
:10D19000FE1FA38407169777FE1F2381071683457A
:10D1A00034068347B406034614010145DD8D9740DC
:10D1B000FE1FE780E00FF2506254D2544259B25938
:10D1C000225A21618280B787DAFF93876709BE9967
:10D1D0008347D10093F7F7F993E70706A306F10019
:10D1E0009307C01231BB03C524000C5493073500CC
:10D1F00068443E956369C9009740FE1FE7806083DD
:10D200000349C4011DB74A869740FE1FE78060822C
:10D2100029BF1387E7FF1377D70F6311071EA38179
:10D22000D400930565031946138544009740FE1FFB
:10D23000E780208083C7240003C734009779FE1F4E
:10D240009389C917990793F7F70F1367870023810D
:10D25000F400A381E40078440149BA970357C40657
:10D26000A381E70083C724007844834614063E97D1
:10D270008357C4069206A183BD8BD58F2302F70086
:10D2800083C624009147890693F6F60F2381D400C4
:10D290000347F4056310F70C83470406795993F7A5
:10D2A000070491C375598357C4013309D9401379D1
:10D2B000F90F6371F90A0347340675198947137921
:10D2C000F90F6318F7108347B406639D0710916741
:10D2D0009387072979479387771BB3C7E70203C66C
:10D2E0008907136606019775FE1F2385C51403265B
:10D2F0000A0085650CC63387E702060738D203C7E4
:10D30000340013670701A381E40078440346240630
:10D31000BA96A381C60083C62400784436972302B8
:10D32000F70003C724007444A187BA960347340664
:10D330001607D98FA382F60083C724008D072381A7
:10D34000F4001C54CA973CDC8357C401B3872741BF
:10D350002319F4068347040693F7070485C783C798
:10D36000340003C7240093E70704A381F4007C443E
:10D37000BA9703475401A381E70083C724008507B8
:10D380002381F4000347F40591476317F70603561A
:10D39000C4013DC203C524000C5493073500684402
:10D3A0003E956365C9049730FE1FE7808068034996
:10D3B000C4010347F4059147631AF72883C7890717
:10D3C00093F7070F93E757001777FE1F2304F7061D
:10D3D000A9BB054693078042E30EC7EE8567938796
:10D3E0008784CDBD85679387E71BEDB54A86973067
:10D3F000FE1FE780006475BF014965BF93F7B70F53
:10D400000547E393E7D2A381F4009305650319462A
:10D41000138544009730FE1FE780A06183C7240076
:10D4200099072381F40083C7340093E72700A38181
:10D43000F4008347D40381CB78448347070093E704
:10D4400007F82300F700834754031385A400898B52
:10D450006387071A0C5883C725016382071A194688
:10D46000D1059730FE1FE780C05C784483470700F2
:10D4700093E707F82300F70083C7240003C73400AD
:10D480009779FE1F938989F3990793F7F70F13672D
:10D4900087002381F400A381E40078440149BA970E
:10D4A0000357C406A381E70083C72400784483465A
:10D4B00014063E978357C4069206A183BD8BD58F71
:10D4C0002302F70083C624008547890693F6F60FEA
:10D4D0002381D4000347F4056310F70C8347040647
:10D4E000795993F7070491C375598357C4013309D8
:10D4F000D9401379F90F6371F90A03473406751996
:10D5000089471379F90F631EF7108347B4066393B5
:10D51000071291679387072979479387771BB3C7CA
:10D52000E70203C68907136606019775FE1F23836A
:10D53000C5F003260A0085650CC63387E702060797
:10D5400038D203C7340013670701A381E40078448D
:10D5500003462406BA96A381C60083C624007844F5
:10D5600036972302F70003C724007444A187BA96B4
:10D57000034734061607D98FA382F60083C7240019
:10D580008D072381F4001C54CA973CDC8357C401E7
:10D59000B38727412319F4068347040693F707044A
:10D5A00085C783C7340003C7240093E70704A3811A
:10D5B000F4007C44BA9703475401A381E70083C772
:10D5C000240085072381F4000347F4058547631D84
:10D5D000F7060356C4012DCA03C524000C54930753
:10D5E000350068443E95636BC9049730FE1FE780A1
:10D5F00040440349C4010347F405854775BB83478D
:10D60000D40381CB78448347070093E707F82300CE
:10D61000F70019469305E4039730FE1FE780604149
:10D62000A1BD054693078042E308C7EE856793874F
:10D630008784DDB585679387E71BF9BD4A869730F8
:10D64000FE1FE780003F45BF014975B783C78907C3
:10D6500093F7070F93E7670085BB011156C2977ACE
:10D66000FE1F938AAAD583A74A0A06CE22CC26CAD1
:10D670004AC84EC652C4639F07502A840945EF70BA
:10D680001FDB138941A4032609009307000A93892D
:10D6900081A37CD283A70900B7053300568AD857E7
:10D6A000719B13671700D8D798431377F7E798C390
:10D6B00098431377F7E71367071098C31387C1A43C
:10D6C00018431447CD8E14C79306A00D34CA54577F
:10D6D000F59A54D70347A4009376F7079843137736
:10D6E00007F8558F98C38347E4007844BD8B23081F
:10D6F000F4002300F7001D476444639CE73C854722
:10D70000A38104002381F4000347F4058D45631FC2
:10D71000B7288357C401639207187C481147B18B1F
:10D72000638DE71631476398E70003471406834784
:10D73000F4076304F7168547A381F400194693059F
:10D740006403138544009730FE1FE780802E83C753
:10D750002400990793F7F70F2381F4000347040689
:10D760001377070415C303C7340013670704A381A5
:10D77000E4007844BA9703475401A381E70083C7C4
:10D78000240085072381F4009777FE1F238407CAAE
:10D7900083C624008347E40513F7F60305079A07B9
:10D7A000D58FA308E4002381F400930740F9A30573
:10D7B000F40083475403858B91E70347440389476B
:10D7C0006319F70078448347070093E707042300B1
:10D7D000F7007C4403471401B7060082FD16A380BE
:10D7E000E700032709005C4393E717005CC3834706
:10D7F000840603A6090093F7F703139797015C5675
:10D80000F58FD98F5CD6371700409307700523003A
:10D81000F704930780FA2300F70483068406B547CC
:10D8200063D2D7368357270293E707012311F70204
:10D8300003A70900B7C7898E938767ED1CC7B75741
:10D840005500938757555CC38347A4068344440619
:10D850008145170500001305E574DD8C89471777AE
:10D86000FE1FA30EF7A89777FE1FA38807A883279C
:10D8700009007844B8DBEF707EC1034614016244AE
:10D88000F2404249B249224A924AA685D244014511
:10D8900005611743FE1F6700A3A1A147A381F40000
:10D8A0008357C4062382F4008357C4060347140633
:10D8B0007444A1831207BD8BD98FA382F60083C65F
:10D8C00024000547890693F6F60F2381D400834789
:10D8D0008A07032609006313F706034744068947AE
:10D8E0006316F71E0347A406938766008E07630B33
:10D8F000071C9387770D8607231AF406835744077E
:10D9000003478401F9459387070AB387E70209456E
:10D910001778FE1F2300A8B2056508C6938707FB8A
:10D92000C207C18393877716B3C7B702139707015E
:10D93000B387B702418386073CD21DA03852F9470E
:10D9400005833357F7023C526C528583FD8BAE97AB
:10D950007CD28D471776FE1F230EF6AC420741831B
:10D9600083C7340093E70701A381F4007C44BE968B
:10D970008347240693E70704A381F60083C62400A7
:10D980007C44B6972382E70083C624007C4421832D
:10D990007D8BB697834634069606558FA382E700A3
:10D9A00083C724008D072381F400DDB399466319F2
:10D9B000D70A0357C4014DE7A381F400138544003F
:10D9C0001946930564039730FE1FE780800683C7DE
:10D9D00024001385A40099072381F40083C7340031
:10D9E00093E72700A381F40083475403898BB9C7C9
:10D9F0000C5883C72501B9C31946D1059730FE1FBE
:10DA0000E780200378448347070093E707F8230063
:10DA1000F70083C72400990793F7F70F2381F400D9
:10DA20000347040613770704E30007D683C63400D0
:10DA3000784493E60604A381D4002DBB8347D40326
:10DA400081CB78448347070093E707F82300F7006A
:10DA500019469305E4039730FE1FE78080FD55BF0C
:10DA6000A147A381F4008357C4062382F40083579F
:10DA7000C406034714067444A1831207BD8BD98FD3
:10DA8000A382F60083C624000547890693F6F60FA5
:10DA90002381D40083C78A0703260900E30FF7E236
:10DAA0003852F94705833357F7023C526852858351
:10DAB000FD8BAA977CD29777FE1F238DB7964207DE
:10DAC000418379BD9387A7048E073DB59387E60010
:10DAD000E5BF0547639CE708B147A308F400834707
:10DAE0005403898BADC30C5883C72501A9CF1946B0
:10DAF000D105138584009730FE1FE78080F37844BA
:10DB00008347070093E707F82300F70068441946A6
:10DB10009305640309059730FE1FE78080F1832792
:10DB20008A0D13971701635D07008347E400B98BE3
:10DB300081EB78448347070093E707022300F7004F
:10DB4000930720F9ADB18347D40399C783C7040075
:10DB500093E707F82380F400684419469305E4032B
:10DB600021059730FE1FE780C0EC4DB70356C40176
:10DB70000C54138584009307660093F7F703A308FA
:10DB8000F400C5B783572702C207C183BD9BC207F4
:10DB9000C18369B9F2406244D2444249B249224A3F
:10DBA000924A0561828041119777FE1F9387078112
:10DBB00022C4A05306C605478346C4006390E6020C
:10DBC00083C7870711476315F7002285EFE03F9968
:10DBD00022852244B24041016FF03FA8B240224466
:10DBE000410182809767FE1F9387477DBC4F99E371
:10DBF0003E85828003C78700E30CA7FE9C43C5BF18
:10DC0000011106CE22CC26CA4AC84EC6EFF09FFDAF
:10DC100011E98144F240624426854249D244B24926
:10DC200005618280834755032A8489EF19469775D9
:10DC3000FE1F93852587130564039730FE1FE78039
:10DC400040DFB5A80547639EE7009767FE1F83C7BF
:10DC50000777C944E1D319469775FE1F9385E5847C
:10DC6000D9BF1C59A1EB8347C503230A050291EBD9
:10DC7000034754038547230AF4028947E317F7FC57
:10DC800075B71305C5039740FE1FE780003308D81A
:10DC900015C1EF4020420C5883C7A50081CF8947AA
:10DCA000230AF4021946B105130564039730FE1FD9
:10DCB000E78020D8034744038947E31BF7FA9767B7
:10DCC000FE1F83C7B76F9DCB8347C40385CB8347B4
:10DCD0003404130700041305C40393F7070C639778
:10DCE000E7109740FE1FE780803208D81C5899C77C
:10DCF00083C7270181C78947230EF4028344C400E8
:10DD000089F885470349E4002306F400A304F400DE
:10DD10001767FE1F034717409767FE1F2380076A98
:10DD200093170701231BE4069376F9001947C18373
:10DD3000637AD7068346440609479389470063946C
:10DD4000E6009389C7038356C401834534061767E9
:10DD5000FE1F0347075B1305A00F9307E70B231B69
:10DD60003407138726000946B3D6A6020E071765A7
:10DD7000FE1F035525416390C5081307A7040E072E
:10DD80003E979397A600BA9737460F0013060624CE
:10DD90008146B3A5A7023305F502EF402EC44E9588
:10DDA000231BA4068357E40623180406B1CB0345BE
:10DDB00064019307F00F6307F500EF704EE0FD5725
:10DDC000230BF4000356E406930664011206A285B1
:10DDD0001715000013050597EF700ECB85451765E5
:10DDE000FE1F03459535EF70CEA02DB59740FE1F61
:10DDF000E780A01CDDBD6D073E979397960061B745
:10DE00008547E31DF9FC034564019307F00F6307A1
:10DE1000F500EF70CEDAFD57230BF400056693068C
:10DE200064011306068065B7411106C622C42A8420
:10DE3000EF708FD8228523060400A3050400A304F5
:10DE40000400EFE0CFF185451765FE1F0345F52E71
:10DE5000EF704ED289451765FE1F0345152EEF70F2
:10DE60006ED1034564019307F00F6307F500EF706F
:10DE70000ED5FD57230BF400B240224441018280AD
:10DE80002C49411106C622C426C24AC083C71500C8
:10DE90007D4793F7F7032309F500E91793F7F70F89
:10DEA000637BF70093040008B240224426850249B0
:10DEB00092444101828083C70500BD8BA309F50010
:10DEC000F51793F7D70FF9FF2A841946A105130513
:10DED00065039730FE1FE780C0BE914471D52C4882
:10DEE00085472302F40483C70500194689059987ED
:10DEF000858BA302F404130564049730FE1FE780AA
:10DF000040B32285EFE0CFD085472A89E31CF5F89E
:10DF1000034734019547631EF702EF00906B976744
:10DF2000FE1F83C7171F8D8B6375F502834704019E
:10DF3000E36AF9F69387C1969C438144829748D05F
:10DF40002285EFE08FAFE31125F72285EFF0DFEDBB
:10DF5000A1BF8347040181C71947E395E7F413057F
:10DF6000200483044401EF805EEC62056185E3CB0D
:10DF7000A4F22285EFE0AFA48347A406034544063C
:10DF80008345140181445D8DEF700F8E01468145FC
:10DF90000D459730FE1FE780A031EF70EFC129B724
:10DFA000397126DA9764FE1F9384444122DCA05025
:10DFB0004AD84ED652D456D25AD05ECE62CC66CA19
:10DFC00006DE314B978A0000938A8ABF914B17690E
:10DFD000FE1F13096932938941A40D4C976CFE1FF3
:10DFE000938CCC11130A44018347B4009387E7064E
:10DFF00093F7F70F6367FB188A07D6979C43D6976A
:10E0000082870146930550020145EF70CF9A1306AF
:10E010005002814505459730FE1FE7806029834700
:10E020003900858BD1C32848814652868145976740
:10E03000FE1FA384072C9730FE1FE780801D01E59B
:10E040002285EFF0FFE30347B40093073009E30DA7
:10E05000F7F8EF706FB62285EFE0CFD4F25062543C
:10E06000D2544259B259225A925A025BF24B624C34
:10E07000D24C2161828083472900858B95C39767A5
:10E08000FE1F238C07268347040105476375F700AD
:10E090001947E390E7FC9307B0F9A305F400A9B78B
:10E0A00083A70900FC53A9F39767FE1F2388072461
:10E0B0004DB783472900858B6387073C9767FE1F11
:10E0C000238D0722938441AFEF700FAF9C409DCB0F
:10E0D000DC438DCB89472302F100834754041305A9
:10E0E00061001946A302F1008347440193056404CB
:10E0F0002306F1009730FE1FE780A0939C40480064
:10E10000DC4382978347740689CF834554040345D3
:10E11000840013066404EFA0BFAF83477406898BA5
:10E120009DFB2285EFE0AFC315BF8347B4060345CF
:10E1300034060146930550025D8DEF70CF8701468E
:10E14000814505459730FE1FE780801683473900DB
:10E15000858B638F073228488146528681459767B1
:10E16000FE1FA38C07189730FE1FE780800A01E589
:10E170002285EFE04FF30347B4009307A009E305BE
:10E18000F7E6EF706FA371BF8347B406034534060B
:10E190000146930550025D8DEF70EF810146814588
:10E1A00005459730FE1FE780A01083473900858B17
:10E1B0006380072E28488146528681459767FE1F57
:10E1C000A38D07129730FE1FE780A00401E522858A
:10E1D000EFE08FC10347B400930790094DB7834721
:10E1E0002900858B6381072A9767FE1F2387071005
:10E1F000EF708F9C83C7840709476307F70083C7C5
:10E2000084070D476315F70283A6090003574407E7
:10E21000BC521307C712858363FBE700930750F9CD
:10E22000A305F400BC528583E39007DCDDBD034702
:10E2300094018347A4011DCF8346A4006302D7281D
:10E240006387F6002305E4002285EFF00FC18347C2
:10E25000790093F7F70FE39907D883C78407094735
:10E260006307F70083C784070D47E31CF7EA9307AA
:10E2700050F925B5E9DF0347A40071FB2305F4003D
:10E28000E1B783C78407E39EFBFE2285EFE01F9C76
:10E29000A1BB83472900858B6387071E9767FE1FF5
:10E2A000238D070483C78407C18B85C7EF70CF9088
:10E2B00083C7840793F70702E5DF83C784072285B6
:10E2C00093F7F70C1767FE1F2306F716EFE00FFA18
:10E2D00021BB83C79407858B91C7EF70EF8D9307A0
:10E2E000E0F965BB83C784071547BD8B639CE700D6
:10E2F000EF00302E83C77C018D8BE374F5E8930724
:10E30000D0F961BB83C784071947BD8BE39BE7E660
:10E310009307C0F959B383472900858BE38607CC5F
:10E320009767FE1F238B07FC83C78407C18B89CBAC
:10E33000EF708F8883C7840793F70702E5DFB5BFC7
:10E3400083C79407858BD1FB83C784071547BD8B93
:10E35000E387E7FA83C784071947BD8BE38AE7FAA7
:10E36000EF708F85E5B9FC58230E840722858297CC
:10E370000347B40093077009E308F7C6C5B18347A4
:10E380003900858B95C7EF702F83938781A39843BE
:10E390007C53ED9B7CD39767FE1F238407F63717CA
:10E3A000004083578701C607C583231CF70095BB30
:10E3B00083A70900FC53E39907C2EF60FFFF93872F
:10E3C00081A398437C53ED9B7CD39767FE1F238AE0
:10E3D00007F23717004083578701C607C583231C00
:10E3E000F7009767FE1F238B07F025BB83472900A3
:10E3F000858BD1CB9767FE1F238107F083C78407E6
:10E40000C18B9DC383C7840793F70702E5DF22858D
:10E41000EFE0CFE583C7840793F7F70C1767FE1F7C
:10E42000230AF700EF605FF92285EFE04F939384B2
:10E4300041AF9C409DCBDC438DCB89472302F1004B
:10E4400083475404130561001946A302F100834772
:10E450004401930564042306F1009720FE1FE78022
:10E46000405D9C404800DC43829783477406858B5F
:10E47000E38607BE83455404034584001306640401
:10E48000EFA00FF9E1BE83A70900FC53E39E07B498
:10E490009767FE1F238407E6EDB19767FE1F83C7CA
:10E4A000C7E5858BF5D79767FE1F238807E4EF60E4
:10E4B000BFF02285EFD07FD82285EFF0FF9679BE9E
:10E4C000E38707D865BB41119767FE1F938707EF66
:10E4D00022C4E04B06C626C2630804248346C40057
:10E4E00005476393E6249766FE1F83C656E11547EA
:10E4F000638BE6001767FE1F130707E003477700EB
:10E500008D46639DE6002244B24092441765FE1F8B
:10E510000345B5C2854541016F60BEAD83C70700A5
:10E52000835604021767FE1F232A87EE850793F799
:10E53000F70F1767FE1F2303F7E81307006433473D
:10E54000D70263C8E700EF708EB89767FE1F238776
:10E5500007E60347E4009D476317F70483479406E3
:10E5600085CF8356040763E6F6028345840093074C
:10E570003004A30BF4001305300493F6F60F0146A4
:10E58000EFA0CFE822852244B240924441016FF0CF
:10E59000BF8985062318D406930530020545EF7020
:10E5A0008EAC2301A40685471767FE1F2304F7E8F6
:10E5B000034784018D476319F70AEF601E910D89A7
:10E5C00001ED930770022305F40093075002A30C9A
:10E5D000F4009307600231A885476310F50893079C
:10E5E00060022305F40093075002A30CF400930784
:10E5F0007002230DF4000347E40085479764FE1F73
:10E6000083C4B4B36318F70E035604028545268508
:10E61000EF601EB583475403898BEDC78347C4035E
:10E62000F5C30C58E5C183C7A500E9CF8947230A84
:10E63000F4021946B105130564039720FE1FE78015
:10E64000403F0347C407894763E2E70C2285224421
:10E65000B240924441016FF04F809307500223056E
:10E66000F40093077002A5B789468347F400631945
:10E67000D70213F7170011CF130750022305E40048
:10E68000898B81CF93076002A30CF400230D040053
:10E690009DB7930760022305F40093077002EDB75E
:10E6A0009DC313F7170001CB930750022305F40015
:10E6B000A30C0400E1BF898B81C793076002FDB7FB
:10E6C00093077002E5B7834794011307400263651F
:10E6D000F7009307500201A8850793F7F70F130778
:10E6E0007002E368F7FEA30CF4008347940123054E
:10E6F000F40069BFB9450545EF70EE960356040274
:10E700002A9629B78547230AF40225BF9387C19625
:10E710009C4383248409829763EDA4008357640794
:10E720003385A440E374F5F2B2402244924441019F
:10E7300082809767FE1F938767A4DC43BE94F9BF6E
:10E74000011122CCFD5706CE230BF5008357E506B9
:10E750002A849DC783460507834585009307C00328
:10E76000A30BF50001461305C003EFA02FCA09450E
:10E77000EF60FFCB22856244F24005616FF0CFEA83
:10E780008347E5000547BD8B6386E70083470506A1
:10E79000918BF1DF9767FE1F938747C283A7070E10
:10E7A00093F7072085C302C402C202C08148014812
:10E7B000814701478146054681451305C003EFA007
:10E7C0008FC275B702C08148014881470147814621
:10E7D000054681451305C003EFA0CFBE49BF23A066
:10E7E000A1AE8280411106C69767FE1F83C7F794CA
:10E7F00089EB17D5FFFF13050558EF607EDBEFD0DF
:10E800004FE997E7FFFF9387678D1767FE1F23295F
:10E81000F7C097F7FFFF9387E73E1767FE1F232395
:10E82000F7C0B24097070000938727CA1767FE1FFB
:10E83000232CF7BE97F7FFFF938727371767FE1F35
:10E840002326F7BE4101828011C98327050A93E779
:10E8500007082320F50AFD572303F502828023A42D
:10E86000A1AE82809767FE1F938747B5BC4B9C572C
:10E8700099E33E85828003D78701E30CA7FE938747
:10E880008705FDB7011122CC06CE2A840345650217
:10E890009307F00F2E866309F5002EC6EF603EB297
:10E8A0003246FD572303F4028347A402035784042E
:10E8B0009306640293E707062305F40283570404D2
:10E8C000A285F240BA972313F404624417050000AE
:10E8D0001305C5F705616F603E9B011122CC06CE82
:10E8E0002A84034575029307F00F2E866309F5000D
:10E8F0002EC6EF60DEAC3246FD57A303F40293064A
:10E900007402A2856244F240171500001305A5EBBE
:10E9100005616F607E97011122CC06CE2A840345E3
:10E9200085029307F00F2E866309F5002EC6EF606F
:10E930001EA93246FD572304F40293068402A285E1
:10E940006244F24017150000130585EA05616F6007
:10E95000BE9303467514ED479765FE1F83D525A822
:10E960009766FE1F83D666A81767FE1F035707A882
:10E970002310F51C231EF51A231CB51A231AD51AC9
:10E98000231BE51A8947630BF60693078014834817
:10E9900065142311F51C09481766FE1F130606A20D
:10E9A0006392080703568602231DC51A05661306DF
:10E9B00006A9231FC51A6D482E866373B8006D46DD
:10E9C000931506012314C51C6D48C18136866373F7
:10E9D000D8006D462312C51C8356E51B0356A51BA4
:10E9E0006373D600B2862315D51CBA8663F3E7009D
:10E9F000BE862313D51C2307B504828085679387C1
:10EA000007A971B703566602231DC51A13068014A1
:10EA10004DB70347651489468357A51C631ED7026B
:10EA200083568514938787E899C6B3C7E70293870F
:10EA300057FD214731A02147B3C7E702938757FD10
:10EA4000B3C7E7020357851CC207C18363F3E7001E
:10EA50003E872307E504828085466316D7009387A7
:10EA6000C7FB1147F1BF938707FBE1B78357451BEE
:10EA70000357051C411106C663F3E7003E87931850
:10EA800007018357251C0357651B93D8080163733F
:10EA9000F700BA87139807018356C51B8357851B58
:10EAA0001358080163F3D700BE860357A51B83578D
:10EAB000E51B13930601135303016373F700BA8731
:10EAC00083467514C2070947C183639AE600056649
:10EAD000130606A942876370C802328729A8032754
:10EAE00005109316470163CC06000566130686845D
:10EAF0004287E36406FF1318070113580801834691
:10EB000065140947639EE6060357A5039306204E46
:10EB10003307D70293F6F80F9A061386F63C9386CE
:10EB2000C64F634406019306C812158F63D3E700EE
:10EB30003E87420705664183130606A9BA876373B9
:10EB4000C700B287C207C1830356451C13F7F80FED
:10EB50009376F30F6316E6040356651C63120605ED
:10EB60000356851C631ED6020356A51C631AF602C3
:10EB7000230E0506EFF0FFE90945B240410182800E
:10EB80000327051093164701E3C006FC056613062C
:10EB90008684BE856373F600B2859397050165B7D9
:10EBA0000546230EC5062312E51C2313051D231459
:10EBB000D51C2315F51CEFF0DFE501457DBF03579C
:10EBC000A51B8357E51B411106C66373F700BA877F
:10EBD000034665141397070189464183631BD606D4
:10EBE0008566938606A96373D700B68713970701D6
:10EBF00041838357A51C6387E70085472315E51CE0
:10EC0000230EF5060357651B8357251C6373F70016
:10EC1000BA87034675141397070189464183631722
:10EC2000D6048566938606A96373D700B6871397C3
:10EC3000070141838357651C6387E70085472313DA
:10EC4000E51C230EF506EFF0DFDCB2400145410183
:10EC50008280856713868784E37DE6F88326051026
:10EC600093870780F58FD1F7328761B78567138661
:10EC70008784E371E6FC8326051093870780F58F70
:10EC8000D5FB328745BF0357A50495470356E503D7
:10EC9000B307F7028356A50393D537406355B600F3
:10ECA000118F93173700B3C7D702C207C18323144C
:10ECB000F5048280832745110D469306F00F03C7A4
:10ECC00007000D8BA306E5006314C70083C6270069
:10ECD000A30BD50003C70700418B2309E50083C7B9
:10ECE0001700230BF50082808347C500CD9B2306C8
:10ECF000F5008280832745110347C50083C70700BD
:10ED0000935637408987B58F858B99C713478700FE
:10ED10002306E50001458280054582808327451151
:10ED20000347C50083C70700935627408D87B58FDB
:10ED3000858B99E7134747002306E500014582804C
:10ED4000054582808327450E85072322F50E91E72E
:10ED50008327850E85072324F50E8327850E93F7D9
:10ED6000070891C785472322F50E2324050E834704
:10ED7000A50293F7070491CF835705040357850431
:10ED8000BA972313F5048327450A93F7F7BF232285
:10ED9000F50A82808327C50E85072326F50E91E7A5
:10EDA0008327050F85072328F50E8327050F93F783
:10EDB000070891C785472326F50E2328050E8347AC
:10EDC000A50213F7070409C793E707022305F50215
:10EDD00082809757FE1F9387675E83A78709014547
:10EDE000054791E3828083C6B7006393E60005057B
:10EDF0009C43C5BF411122C491452A84014506C6E2
:10EE0000EF607EA6231BA4041757FE1F0357076657
:10EE1000854763F1E7060355A41C8357641C3746F6
:10EE20000F0013060624AA97938717271755FE1F6E
:10EE300003554535B3A5A70281463305F502EF30EA
:10EE4000EEB9835704040357E4058355840505464A
:10EE50001D8F3307B702832704091383F5FF130EB1
:10EE600080023E979757FE1F9387475583A88709CF
:10EE700063666600B2402244410182803308C603C3
:10EE8000C687FD563A9881E7231BC404E5B763148F
:10EE9000F4001C40F5DB83AEC7086398BE0083A670
:10EEA0000709B306D840B3F6B60263E4A6009C4354
:10EEB000D9BF090675BF1757FE1F0357275B854744
:10EEC00063F1E70A411122C48357651C2A84035564
:10EED000A51C37460F0013060624AA979387172709
:10EEE0001755FE1F0355052AB3A5A702814606C67E
:10EEF0003305F502EF308EAE034654059757FE1FDB
:10EF00009387C74B83A887097D1685461303800224
:10EF100063E6C600B2402244410182803387660224
:10EF200083270409FD553E97C68781E7231BD40438
:10EF3000D5B76314F4001C40F5DB03AEC708032803
:10EF4000C408631A0E0103A80709B305E840636407
:10EF50000701B305074163E4A5009C43F9B78506A3
:10EF600045BF82801757FE1F03574750854763F5FB
:10EF7000E70E41119757FE1F9387474422C403A40D
:10EF8000870906C626C2A28789EB09EC230E050075
:10EF9000B240224492444101828003C7D7016DFBF5
:10EFA0009C43DDB76314A40000406DD08347B400D8
:10EFB000D5E30327C4088327C508630DF708034773
:10EFC000C50193070008AA84631DF7048357A403AF
:10EFD000194693050008231AF506231BF5068357E7
:10EFE000C403231DF5048357E403231EF5040355CE
:10EFF0008500EF20307F8547A38EF40083C7C401CE
:10F0000093F7F707238EF400130584062244B240D9
:10F01000924431469305F00F41011723FE1F67000C
:10F02000C3A48357A503194693050008231AF406C1
:10F03000231BF4068357C503231DF4048357E503FC
:10F0400003558400231EF404EF20D0798947A30ED2
:10F05000F4005DBF004015BF230E05008280411102
:10F0600026C206C622C41757FE1F035727408547EE
:10F07000AA8463F8E71A83278510898B6383071AAC
:10F080009757FE1F9387873383A78709BE85ADED0A
:10F0900003D6841C01447D581306260205862D06DE
:10F0A0007D55A5EB630E04108347B4000357A403FA
:10F0B000D5EB8947231CE404A30AF4040357040690
:10F0C000835704042285BA97C1071D8B998F231F8C
:10F0D000F4048357C403231DF4048357E403231E5D
:10F0E000F404EFF03FD18327440A93E7170023226B
:10F0F000F40A8547230AF4008D47A30EF400B240BA
:10F10000224492444101828003C7D5016DFB8C41AA
:10F11000BDBF98436394970051D7BA8783A6070968
:10F1200003A7040963E2E6023387E64083A6C40826
:10F1300063F4E6003377D7026376A7003A856373FA
:10F14000C700BE859C43B1BF158F83A6C70863F473
:10F15000E6003377D702E37707FF3A88E374C7FE08
:10F160003E84CDB783D7A403B3F7E702C9FB9D461E
:10F17000994763F5E600935717008D070567231A33
:10F18000F406130707C88A076353F700BA87231BDF
:10F19000F4068357C4030355840013065002231D4D
:10F1A000F4048357E40393050008231EF404C947BD
:10F1B000A30EF4002244B240924441016F209062B9
:10F1C000ADC103D7A40383D7A503B3F7E702B1EB1F
:10F1D0008387C40163D707049D46994763F5E6001A
:10F1E000935717008D070567239AF406130707C87E
:10F1F0008A076353F700BA87239BF40683D7C403B7
:10F2000003D5840013065002239DF40483D7E4033E
:10F2100093050008239EF404CD47A38EF400EF204D
:10F22000705C238E0400E1BD9757FE1F83C7C7F5AE
:10F23000AA85A5E723A601AE9757FE1F23A00722A4
:10F24000835765081756FE1F0356C6F303270509A3
:10F25000B387C70237460F009306F623130606242A
:10F26000B697B3D7C7021756FE1F0346B6EA3E96B7
:10F27000636EC7003306C74003A7C508938695028F
:10F28000171500001305E53D6F501EC99757FE1F67
:10F290009387C7EEDC433E97F1BF8280938781AEB0
:10F2A0009843011126CA06CE22CC4AC84EC6AA846B
:10F2B00051C7BE891757FE1F0357471B8547631F5A
:10F2C000F70603D464089757FE1F83D7A7EB0325DF
:10F2D00005093304F402B7470F001387F723938718
:10F2E00007241759FE1F130969E93A943354F402AD
:10F2F000636F85069387C1969C433304854082974C
:10F30000636BA406B307A4401754FE1F034494E0A4
:10F31000058083A9090001456371F40237450F0098
:10F320003384874013050524B335A40203568900AE
:10F3300081463305A402EF207EEA8299930700FB01
:10F340002387F4009757FE1F83C707E495EF83C711
:10F35000940262448545F240D2444249B249B39591
:10F36000F500C205C181014505616F509EC8832724
:10F3700049003E9541B7330785408147E35607F87A
:10F38000832749003E94BDBFF2406244D2444249C3
:10F39000B24905618280411106C6EF10404319C988
:10F3A00083278511014581E7B240410182809C435A
:10F3B0000505D5BF7D55CDBF9757FE1F9387070025
:10F3C00083A7470A411122C426C206C62A84AE84F6
:10F3D0006396A7009757FE1F23A4070883270412EC
:10F3E00081CB03558400014693050008EF20903F30
:10F3F0008357440481CB035584004D469305100880
:10F40000EF20503E03558400154693051008EF2069
:10F41000703DB240230A940423050400230804002D
:10F42000224492440145410182808347A5006388BC
:10F43000073883570508411122C406C626C285072E
:10F440002310F5088347F500230C05002A8413F7E1
:10F45000270005E703570504954763E4E7000145E6
:10F4600001A89305E003EFF03FF5A305A4020945C9
:10F47000B240224492444101828013F7070239CFFF
:10F4800093F7F7FDA307F5008327050A0347B500A7
:10F49000A305050293E747002320F50A8547631F6C
:10F4A000F7028357A5031306204E03274509B387A8
:10F4B000C7029756FE1F83C6E6C593860605B3D7D7
:10F4C000E702034775033307C702B697C207C18334
:10F4D0002312F5088607BA972311F508834714010C
:10F4E000858BF5CB8357E40503570404639CE72819
:10F4F0008357C4038355C405034584022310F406CF
:10F5000083475405231FB4029205A30BF4028357CB
:10F510006405F915231CF4028357A405231EF40285
:10F52000EF50BEB28346B40023100408835784030F
:10F530001757FE1F035707C56395061EB387E702DB
:10F54000130700321756FE1F130646C35042938717
:10F550000719B3D7E70203270409D1073E97BA86F4
:10F560006364F7006364C700B306C740835784052C
:10F570002328D408231DF4028347D40181C72285A0
:10F58000EFF07F938357A4031757FE1F035787BFDE
:10F5900093060032B387E7022311040233D6D70261
:10F5A000B3F7D7029306204E2326C408B387D702A9
:10F5B000B3C7E7022310F402835704042312F402B2
:10F5C0008347F40093E70702A307F400834714017D
:10F5D000F99BA308F40083471401898BB9C703572B
:10F5E000E41283570404B306F74013960601634000
:10F5F000061A631CF7028147014893048413232CE5
:10F60000F412232E041315469305841226859710B1
:10F61000FE1FE78000422685EF10E06B8347140150
:10F62000A306A412F59BA308F4008347140113F763
:10F63000070125CB8356C414035704043386E640E0
:10F640009315060163C50514639DE604BD9BA308DD
:10F65000F4008347A41481CB13F727006303071436
:10F6600085472303F4148347B41481CB13F7270091
:10F67000630007148547A303F4142285EFF02FD409
:10F680008347C40799C78327040A93E707102320F9
:10F69000F40A8327040AA305040293E70720232022
:10F6A000F40A8347140113F7070221C31757FE1FFB
:10F6B0001307C7D0384B13068005834647001857F9
:10F6C000B386C60236978356C701035704043387AF
:10F6D000E64013160701634A06000357C414631675
:10F6E000D70093F7F7FDA308F4008347A40293F72C
:10F6F0000704E38607D60357640483570404E31022
:10F70000F7D6034704019307A0046315F700854764
:10F710002308F4008327440A93E707402322F40ACE
:10F720003DBB8346441783558405A18A99CE035671
:10F730000404835664170355A403918EB386A6026E
:10F74000B3C6B602B296231BD41695CBB307F70205
:10F75000130700321756FE1F130646A25042938726
:10F760000719B3D7E702032704093E97BA866364F3
:10F77000F7006364C700B306C7402328D408231DDD
:10F78000B40209B5998F13970701E35607E493056F
:10F7900080022285EFF05FC2A305A4021305800258
:10F7A000C1B9918B99C389476DBD2303041465BD0D
:10F7B000918B99C38947C1B5A30304147DBD054549
:10F7C000828005C541119305200222C406C62A8401
:10F7D000EFF09FBEFD57A305A40223080400A30376
:10F7E000F402B24022444101828082800DC941115D
:10F7F00022C406C68347F5002A849305E003898B5B
:10F8000091C3A145EFF05FBBFD57A305A4022308F8
:10F8100004002304F402B240224441018280828029
:10F820008327050A797122D406D626D24AD04ECE35
:10F8300052CC56CA2A846387073613F7270019CBA0
:10F84000F59B2320F50A035585001946930500080A
:10F85000EF2040798327040A13F747004DC3ED9B3F
:10F860002320F40A8347A40293F7070491CB83274C
:10F87000440A228593E707402322F40AEFF0AFC041
:10F880000347B40085470346440183562406631AA0
:10F89000F76C8357A4031307204EB387E7020327AF
:10F8A0004409B3D7E7021757FE1F0347A78613077C
:10F8B0000705BA97C207C1830347B4022312F408AD
:10F8C00086072311F4089307000819C3930700045F
:10F8D000230EF40019E68347A40293E717002305DB
:10F8E000F40281EA035584000D4693050008EF20D9
:10F8F000606F23110406230A0400A30E040083276B
:10F90000040A13F787000DC303558400DD9B2320F1
:10F91000F40A154693050008EF20C06C8347A40243
:10F9200093E747002305F4028327040A13F707012E
:10F9300039C7BD9B2320F40A8347D40403558400B0
:10F94000214689C7A3060404130600039305100883
:10F95000EF2040698347C40489CF83278410C18B7B
:10F9600089CB8355A40422859205C205C181EFE0AD
:10F970007FF18347A40293E717002305F40283274E
:10F98000040A13F7070415CB0347F40493F7F7FBB6
:10F990002320F40AA14763FBE7008347B40099E7FB
:10F9A0008327440A93E707012322F40A03558400BE
:10F9B000314693051008EF20E0628327040A13F70D
:10F9C000070245CB8346B40093F7F7FD2320F40AE2
:10F9D0000327C4108327841099EA1377070801CB03
:10F9E0000327440A37064000518F2322E40A93F785
:10F9F00007026383075AADE28357641B0357641CF5
:10FA00006304F7028346741409476391E658056757
:10FA1000130707A9637AF7008327440A05671307CA
:10FA20000780D98F2322F40A8357A41B0357A41CF1
:10FA30006304F702834664140947639CE654056730
:10FA4000130707A9637AF7008327440A056713079A
:10FA50000780D98F2322F40A0355840011469305A9
:10FA60000008EF2020588347A40293E717002305DE
:10FA7000F4028327040A13F7071005C7035584000F
:10FA800093F7F7EF2320F40A230E04061D4693058F
:10FA90000008EF2020558347A40293E717002305B1
:10FAA000F4028327040A13F7070809CF03558400DB
:10FAB00093F7F7F72320F40A13067005930510084F
:10FAC000EF2040528327040A13F7072031C393F72E
:10FAD000F7DF2320F40A83476414230F0400A2975E
:10FAE00003856716A301A414EF50AFD12301A4141A
:10FAF0002285EFE01FF2035584003146930500088C
:10FB0000EF20404E8347A40293E717002305F40239
:10FB10008327040A139727016357070079777D1716
:10FB2000F98F2320F40A8327040A13970701635AE5
:10FB30000704834504031755FE1F03455588EF50FE
:10FB40003ECA8357A4031307204E232AA408B38771
:10FB5000E70261777D17B3D7A7021745FE1F03455C
:10FB6000655B13050505AA972312F4088347A402D1
:10FB700093E717002305F4028327040AF98F232053
:10FB8000F40A8327040A858B91CF8347A402834517
:10FB90004405228593E717002305F402EFF0DF8187
:10FBA000A305A4028307141685C7030744039946D7
:10FBB0003306F74063D9C63E8327440AB7061000D0
:10FBC000D58F2322F40AED57A302F416A300E416FE
:10FBD0008347A41613F7270045C38306440303078E
:10FBE000241663DCE6000327440A37061000518F11
:10FBF0002322E40A1147A302E41603073416635CC8
:10FC0000D7000327440A37061000518F2322E40A45
:10FC10007157A302E416030704161306F007630CDA
:10FC2000C7020346D4160345E416158F62076187A1
:10FC3000B306A6406355D73893F60701639106389B
:10FC400093F7F7F893E707012305F4168357041792
:10FC500085072319F4168357241799CFFD17C20778
:10FC6000C1832319F41689EB03558400130600029F
:10FC700093050008EF2000378347A400B9C383270A
:10FC8000041299CF8347A40181EF035584000146F4
:10FC900093050008EF20003501E58547230DF400AA
:10FCA0008357440499CF8347140381EF035584009D
:10FCB0004D4693051008EF20E03201E58547A30883
:10FCC000F4028347441713F7070169CBBD9B230A4E
:10FCD000F4168327440A898BF1E303470401D547CF
:10FCE000630EF70A83471401898BCDEB8144814968
:10FCF00001498D4A130A5002139784016187937753
:10FD00003700098722970347D7178607B397FA006A
:10FD10007D8F638BE700268605458145EF20EEC683
:10FD2000B3E9A9003369B9008504E39744FD0325CD
:10FD300084138325C413337535012AC4B3F5250113
:10FD400028002EC6EF0030798347541363E0A702E2
:10FD5000034544037D578547591562052C0061858D
:10FD60003AC43EC69710FE1FE78000640327841341
:10FD7000A2476317F7000327C413B2476300F702D3
:10FD800015462C00130584129710FE1FE78060CAE9
:10FD90008327440A93E727002322F40A8346441763
:10FDA000A54713F796006316F70403570404835717
:10FDB00064176360F704B307F74013960701634ABB
:10FDC0000602834754171306000A0507B387C702C4
:10FDD0000356A403DD9A230AD416B3C7C702BA9701
:10FDE000231BF4168327440A37078000D98F232268
:10FDF000F40A8347A402E1CB918B91CF034604011F
:10FE0000C165938505A02285EFE03FAD8347A4023D
:10FE1000ED9B2305F4028347A402858B8DC3034524
:10FE200074029307F00F6307F500EF504ED9FD57AA
:10FE3000A303F4028347A402F99B2305F40283473A
:10FE4000A402898B91CF8355E40303458402920574
:10FE5000F915EF508E9F8347A402F59B2305F4020A
:10FE60008347A402A18B85C38355E4030D462285F5
:10FE70009205F915C205C181EFE03FA68347A402B0
:10FE8000DD9B2305F4028347A40213F7070101CF8A
:10FE90000345640293F7F7F82305F402EF502ED2DE
:10FEA000FD572303F4028347A40213F7070201CF8F
:10FEB0008355A4040345640293F7F7FD2305F40278
:10FEC0009205EF508E988347C40193F7070C89CBB6
:10FED0000347B400854722856313F712EFF02F988C
:10FEE00083570404B5C713074006B3F7E702ADE331
:10FEF000938741AE9C43898BA1C79744FE1F93848F
:10FF0000E41F985815CF9747FE1F83D7274CC20789
:10FF10009745FE1F83D5A54BDD8D254502979C583F
:10FF20009745FE1F83D5654A294582979C588315BE
:10FF300024032D4582979C588305440331458297BD
:10FF40009747FE1F239307489747FE1F23A00748A4
:10FF5000B250225492540259F249624AD24A45613F
:10FF6000828093070004230EF40019E68347A4025D
:10FF700093E717002305F402E39F069603558400D8
:10FF80000D4693050008EF20E005B5B21307801475
:10FF900051B4130780147DB48327440A7D77130777
:10FFA000F77FF98F45BC998FE3D4F6C28327440AC3
:10FFB000B7061000D58F2322F40A954731B1834646
:10FFC000B4168345C4163388B600635BE80013F8A3
:10FFD00007046317080093F7F7F893E70704ADB138
:10FFE0002A96E34AC7C68D8EE3C7E6C613F7070213
:10FFF000E31307C693F7F7F893E70702B1B1EFE011
:020000022000DC
:100000007FF6F9BD01119747FE1F9387273B22CC4E
:1000100003A4070A26CA9747FE1F83D7A71683544F
:100020006408032504094AC8B384F402B7470F00E3
:100030001387F7239387072406CE4EC652C456C2B1
:100040001749FE1F13098913BA94B3D4F402636FDE
:1000500095029389C19683A70900B30495408297BE
:1000600063EAA402898C63CB040283570404A30FC0
:10007000040085072310F4048347041463950712D2
:1000800022859720FE1FE78080BB1DA283274900A1
:100090003E95C1B783274900BE94E9B783A70900FD
:1000A000829703278408636AE50A198D8357E4035E
:1000B0001747FE1F0357070D8E07B387E702130785
:1000C000003293870719B3D7E70263EDA708374AD1
:1000D0000F00930AFA23130A0A248357040485079E
:1000E0002310F4048347041491E722859720FE1F10
:1000F000E780E0B42285EFF04FB3631A052683262C
:1001000004098327C40803274900B6973E8563E4A2
:10011000D70063E4E7003385E7408347F401835465
:1001200064082328A4088507A30FF4009747FE1F3F
:1001300083D74705B384F402D694B3D44403636CE5
:100140009504B304954083A70900829763E9A4044A
:100150003385A440E34305F809BF83274900998FFD
:100160003E95A9B7A1452285EFF00FA5A305A402EE
:100170009747FE1F938787F803A307036309031EAE
:100180006244F240D2444249B249224A924A8945E5
:10019000154505610283B3049740AA946DB7832780
:1001A0004900BE9475B722859720FE1FE78080B373
:1001B0002285EFF08FA7631C051A83576408174543
:1001C000FE1F035525FCB7460F00B387A702138611
:1001D000F6239386062403270409230B0402032A2B
:1001E0004900B297B3D7D702636CF718B307F7404B
:1001F0008326C4082324F408814AB387E600BE841A
:1002000063E4D70063E44701B384474183570402A2
:1002100023289408B1CB835604040357440237467D
:100220000F002312D4023387E640B387E702035757
:1002300024021306062481468145BA97C207C1836A
:100240003385A7022311F402EF105EF911CD269534
:10025000B3349500AE94AA8763949A006364450111
:10026000B30745412328F40883A709008297AA848D
:1002700083A709008297E30D95FE83A709008324D5
:100280008408829763E3A4103385A440630C0510AF
:10029000835764089749FE1F83D9C9EEB7440F00FE
:1002A000B38737031387F42393840424BA97B3D70F
:1002B00097021747FE1F0347F7E5BA9763E4A70EB7
:1002C000B3359502035924024E86814633059502C3
:1002D000EF10DEF0330AA9003305390337460F006B
:1002E0001306062481468145EF105EEF05C1B33742
:1002F00095024E868146B385B4023385A402BE952D
:10030000EF10DEED3305A9402311A4023545EF506F
:100310000F929747FE1F23A387148346B400054717
:100320009747FE1F83C747E66395E606130700FD60
:100330002307E40099E78145938701AF8843EF5095
:10034000EE94938641A4904295471747FE1FA30859
:10035000F7FA5846F977FD17F98F5CC60F100000C1
:100360009C428966060A94C723A24707D8C7F24071
:100370006244D2444249B249224A924A056182808B
:10038000B3064701B387F640A5B583274900BE945D
:10039000E5BD130710FC2307E400C5F781459387EB
:1003A00001A369BF9747FE1F23AA070A9747FE1FAD
:1003B00083C787DDCDFF8347940285456244F240C1
:1003C000D2444249B249224A924AB395F500C20545
:1003D000C181014505616F40DEC1011122CC4AC8CF
:1003E0004EC606CE26CA52C456C25AC00347B500EE
:1003F00085472A842E8983290509631DF71E8357A3
:100400000508035BC503974AFE1F83DAAAD7174A7C
:10041000FE1F130AAAD663F7671B83460501639381
:10042000E61A03278511631F07180327450A631B74
:1004300007188346F5001D476396E6180355A50384
:10044000330BFB409307204E330565038324440997
:1004500037460F008146130606243305F5029747F9
:10046000FE1F83C727CBB3549502B3B5AA02BE942F
:10047000C204C180231394083385AA02EF101ED64C
:10048000B307350133B5A7002E953E8783264A0072
:1004900019E163E4D7003387D740B3845403B746E8
:1004A0000F009387F623938606242320E900A6975E
:1004B000B3D7D702DA976361F7101D8F2320E900C5
:1004C0009389C19683A7090083240900829763E674
:1004D000A4123385A4406355050C83A709008297B5
:1004E000032709006362E512198D8357E403174758
:1004F000FE1F035727C98E07B387E7021307003291
:1005000093870719B3D7E70263E8A710374A0F00AC
:10051000130BFA23974AFE1F938A4AC6130A0A242A
:100520008357040485072310F4048347041491E7D8
:1005300022859710FE1FE78080702285EFE0FFEE96
:1005400065E9832604098327C40803A74A00B697F0
:100550003E8563E4D70063E4E7003385E7408347E3
:10056000F401835464082328A4088507A30FF4002A
:100570009747FE1F83D707C1B384F402DA94B3D43C
:1005800044036366950CB304954083A709002320B8
:100590009900829763E1A40C3385A440E34205F8F7
:1005A0009747FE1F83C717B763E5A7089747FE1F46
:1005B00023A687EA0145B5A883264A00B387F640FB
:1005C0003E97EDBD8354640837470F009307F72328
:1005D000B3845403BE9493070724B3D7F40263E7AC
:1005E000F900B387F9402320F900D9BD03274A0059
:1005F000BA99C5BF23A03501E1B59747FE1F938780
:10060000E7B7DC43BE94F1B59747FE1F938707B762
:10061000DC43998F3E95D1BDA1452285EFE0DFD91E
:10062000A305A4029747FE1F938747AD9C5B81EF0C
:100630007D55F2406244D2444249B249224A924A2C
:10064000024B05618280894515458297D5B7B30471
:100650009740AA941DBF83A74A00BE9435BF25C109
:1006600001116C0022CC06CE2A84EFF01FD729C5D9
:10067000FD576308F5029746FE1F938626A8D452BD
:1006800032479747FE1F83C7F7A891C28583636EE1
:10069000F700B307F7403EC6B24503459402EF406A
:1006A0007EA6F2406244056182809746FE1F9386D3
:1006B000E6ACD4423697F1BFEFF0DF94DDB782802D
:1006C000411122C406C62A8483278411CDEF8327D3
:1006D0000412E1EF0325041109C59710FE1FE780FE
:1006E000E01A034574029307F00F6304F500EF402E
:1006F0001ECD034564029307F00F6304F500EF403D
:100700001ECC034584029307F00F6304F500EF400D
:100710001ECB034594029307F00F6307F500EF40EB
:100720001ECAFD57A304F4020355840055249747BD
:10073000FE1F83D7A7D3A1E723A601AE9747FE1FCD
:100740009387C7A3DC431747FE1F232FF7D0974794
:10075000FE1F9387A79A9C479DC39747FE1F9387C9
:10076000A79D885309CD9710FE1FE7802012974759
:10077000FE1F23A3079E9747FE1F23A1079EB2409B
:10078000224441018280C84309C59710FE1FE780BB
:10079000E00F8327841103D7A700136707F0239581
:1007A000E7009C43232CF41005B7C84309C59710F4
:1007B000FE1FE780A00D8327041203D7A70013674D
:1007C00007F02395E7009C432320F41209B79747CD
:1007D000FE1F9387A7BE83A7870999E33E85828082
:1007E00003D78700E30CA7FE9C43C5BF9747FE1FB6
:1007F0009387C7BC83A7870A1747FE1F0347F79055
:100800004166050781467D1683D5A7006389A5004B
:100810006387C5008506C107E3E8E6FE81473E859C
:1008200082809747FE1F938767B983A7870AC9EF1E
:10083000411122C41744FE1F035424BB13041402A5
:1008400015844AC016041749FE1F0349198C05096F
:10085000420426C2418093144900330594004205A6
:1008600041819305402406C69710FE1FE780A0F53E
:1008700005C59747FE1F23A7A7BE9746FE1F83C641
:10088000D68833079500B306D9408147130640F553
:10089000930520F563E82701B240224492440249BF
:1008A0004101828063FDD70058C12315B50022970E
:1008B0008507C207A3040500C1834105E1BF2315D5
:1008C000C50023220500EDB7828041119305302633
:1008D0001305001D06C622C426C29710FE1FE7801E
:1008E00080EE1306001D81452A849700FE1FE780D5
:1008F000C017014515C89744FE1F938424AC83A6F6
:10090000840995CA3687854703568700630EF60625
:1009100018437DFB2314F400A9EB22859710FE1FDA
:10092000E780C0F603558400B2402244924441015E
:1009300082803687D1BF85472314F4001747FE1FF6
:10094000232A87B01747FE1F232887B01747FE1FAB
:10095000231EF7B0EFF0FFEC83A7C40923A0070024
:10096000230504002307040075BF83A7C40980C3BF
:100970009747FE1F23A287AE83D7040B850717472F
:10098000FE1F2315F7AEC9BF138717009317070182
:1009900013160701C183E35E06F88147A5BF974799
:1009A000FE1F9387A7A103A5870A11CD411106C693
:1009B0009710FE1FE78080EDB2409747FE1F23A3EC
:1009C00007AA410182809747FE1F23AD07A88280B6
:1009D000411122C41744FE1F1304449E8326840938
:1009E00006C60147B687A5C703D687006317A606C4
:1009F00015EF98429746FE1F23AEE6A43E8597105A
:100A0000FE1FE780A0E88327C40923A007009747BB
:100A1000FE1F83D7A7A59DE7EFF07FF89747FE1F3E
:100A200023AA07A2B2402244410182808326C4093E
:100A30006397F6009746FE1F23A0E6A2C1B7944332
:100A400014C36DBFFD171747FE1F2311F7A2974769
:100A5000FE1F83D7A7A1F9F7C1B73E879C4361B7B3
:100A6000714681451745FE1F1305C59E1703FE1FDE
:100A70006700A3FF8327C50803568508797193D6BD
:100A80000701BD8EC206C182358E1357764093573B
:100A90005640898B058B5D8F93573640918B5D8FC8
:100AA00093571640A18B5D8F93171600C18B5D8FF6
:100AB0009317360093F707025D8F931756009355EF
:100AC000860093F707041E065D8F1376F60F518F8D
:100AD00093D7554013D63540118A898BD18F13D6C1
:100AE0007540D18F13D61540218AD18F13961500EA
:100AF000418AD18F1396350013760602D18F139653
:100B00005500137606049E05D18F93F5F50FCD8F12
:100B1000A20745465D8F3307C70222D42A8426D216
:100B200052CC56CA032A040A832A440A5AC806D653
:100B300036974207418393577740135557400989A9
:100B4000858BC98F135537401189C98F13551740AD
:100B50002189C98F131517004189C98F13153700D3
:100B600013750502C98F1315570093558700137528
:100B700005041E07C98F1377F70FD98F13D535409A
:100B800013D755401189098B498F13D57540498F6B
:100B900013D515402189498F139515004189498F37
:100BA0001395350013750502498F1395550013757C
:100BB00005049E05498F93F5F50F4D8F2207D98FB8
:100BC000B387C7024AD04ECE5EC662C4B697C2078C
:100BD000C18313D7774013D557400989058B498FB7
:100BE00013D537401189498F13D517402189498F73
:100BF000139517004189498F139537001375050226
:100C0000498F1395570093D58700137505049E07E8
:100C1000498F93F7F70FD98F13D5354013D7554028
:100C20001189098B498F13D57540498F13D515400C
:100C30002189498F139515004189498F13953500F6
:100C400013750502498F13955500137505049E050C
:100C5000498F93F5F50F4D8F2207D98FB387C702C0
:100C6000130650025285D685B697BD8E9394060121
:100C7000C18033F6C402137BF60FEF108ECE0589C8
:100C80001DE98347140801498149B3849702130C75
:100C90005002C1804A865285D685EF108ECC0589D8
:100CA000937BF90F11C563863403850993F9F90F16
:100CB0000509E31189FF230F6407B25022549254AF
:100CC0000259F249624AD24A424BB24B224C456128
:100CD00082805E8BCDB7834715000347250083468E
:100CE0004500A2074207BA9703470500FD8A054859
:100CF000BA97034735009305000201456207BA978A
:100D000001473316E8007D8E01C605051375F50F02
:100D10000507E318B7FE8147214633D7F640058B18
:100D200001C705051375F50F8507E398C7FE828097
:100D3000011152C656C4032A8513832AC51322CC37
:100D400026CA4AC806CE2A84A30B0512A30605129A
:100D500081441309500226865285D685EF106EC055
:100D6000058911C58347D4128507A306F4128504AB
:100D7000E39324FFF2406244D2444249324AA24AF9
:100D8000056182801737FE1F034777579547630B2E
:100D9000F7009737FE1F9387275683C777000D47C5
:100DA000631FF7009737FE1F83C79755639B071094
:100DB000930770101737FE1F2314F75482804111D8
:100DC0009737FE1F9387875F0D4522C426C203A471
:100DD000070906C64AC0EF408FE5938781A3944375
:100DE00037C7898E130767ED98C637575500130725
:100DF0005755D8C20347A4039306F00FBE84630778
:100E0000D700FD57A30CE402230DF402034594031D
:100E100089476306F5008547A30CF4020145138951
:100E200041A4032709000146930550025C4393E760
:100E300017005CC3930720FB2303F4009D4717377B
:100E4000FE1FA30EF74A9737FE1F2387074A9737DF
:100E5000FE1F2385074AEF400FB603260900973788
:100E6000FE1FA38D07489737FE1FA38707488547B6
:100E70001CC29C40B705330098431377F7E798C32B
:100E800098431377F7E71367071098C31387C1A434
:100E900018431447CD8E14C79306900D34CA545787
:100EA000F59A54D7034754009376F707984313777E
:100EB00007F8558F98C3B240224492440249410139
:100EC00082808280411126C29734FE1F9384C426FB
:100ED00022C42A8403C53400C14506C6EF408EC92A
:100EE00003C5340093050002EF40CEC89737FE1FBC
:100EF000A38707402302040023130400B2402244C6
:100F000092444101828041119737FE1F9387074B1E
:100F100022C406C61737FE1F0347973E03A40709DE
:100F20009737FE1F9387473D01CF9736FE1F83C635
:100F3000263D0D476396E6001737FE1FA302073CC8
:100F400003C77700A1466387E60003C77700994689
:100F5000639DE60083C777001737FE1F2302F73A29
:100F600085471737FE1FA30DF738EF40EFC42285E2
:100F7000EFF05FF513063002930500080145EF100E
:100F80006006034504049307F00F6307F500EF4084
:100F90000EC3FD572300F404B24022444101828075
:100FA0005D71CAC0138941A483260900A2C452DC22
:100FB00056DA86C6A6C24EDE5AD85ED662D466D24D
:100FC0006AD06ECE9307000A138A81A3FCD28327CE
:100FD0000A00938AC1A4B7053300D8572A84719BAD
:100FE00013671700D8D798431377F7E798C3984348
:100FF0001377F7E71367071098C303A70A00104792
:101000004D8E10C71306A00DB0CA5057759A50D711
:101010000347E5071376F7079843137707F8518FCF
:1010200098C3D842370600827D16799BD8C2034701
:1010300085061377F70393169701D857718F558F4D
:10104000D8D737170040930770052300F70493079C
:1010500080FA2300F70483068506B54763DAD72EA6
:101060008357270293E707012311F70283270A001A
:101070000327C40893053002054598C703270409D0
:10108000D8C39737FE1FA38A0726EF40CEFD6444DE
:101090009D472308F400230FA4062380F40085470E
:1010A000A38104002381F4007C4893F707209DCBA3
:1010B0009147A381F4008347E40A8346D40A784425
:1010C0009A07D58F2302F70083C72400814685073E
:1010D0002381F4000346040B8345D40A0345E40A44
:1010E000EF402F9E7C4893F70740B1C303C73400FD
:1010F0007C4483C6240013678700A381E400035760
:10110000A408B697A381E70083C7240078448346E8
:10111000F4073E978357A4089206A183BD8BD58F11
:101120002302F70083C7240089072381F40003C644
:101130002400035744089307D00F918F9739FE1F5F
:101140009389C92763D2E7220347040889476309C3
:10115000F7208546930780426305D700856793870C
:10116000878479479387771BB3C7E70283C68907CC
:1011700093E606019735FE1F238ED52A83260900A4
:1011800085658CC63387E7020607B8D283C634006C
:1011900093E60601A381D40078448346E40732979E
:1011A000A301D70083C62400784436972302F700B2
:1011B00003C724007444A187BA960347040816079E
:1011C000D98FA382F60083C724008D072381F40002
:1011D0008347040693F7070485C703C734007C449C
:1011E00083C6240013670704A381E4000347540166
:1011F000B697A381E70083C7240085072381F40005
:101200008347C4070547C11793F7F70F6366F706CF
:1012100003CB240015469735FE1F9385852A930737
:101220003B00032BC4043E9BA1472300FB00930714
:101230008002A300FB0013052B0097F0FD1FE78041
:10124000407F0347C407C1476319F71283578408D7
:10125000A1072311F408C547230EF4068347240889
:10126000A303FB0083572408A1832304FB0083C747
:101270002400A5072381F40003564408014B31C222
:1012800003C7240068448325840A930737003E95EA
:1012900083C73400C18B638C070E795B330BEB4043
:1012A000137BFB0F5A8697F0FD1FE780807883271A
:1012B000840ADA973CDC83574408B38767412319D3
:1012C000F40603C72400814517D5FFFF130585CD1C
:1012D0009377F70385073E9B137BFB0FA3086401FD
:1012E0002381E4007C44856B9164A38067019307AC
:1012F00070F97844A305F40083270900B70C330084
:10130000130DA00DB8DBEF406E9803461401834522
:10131000040801451D4B9700FE1FE78060F9938488
:101320000429EF406F89938D8B8483C78907C18B14
:10133000B5E7B640264496440649F259625AD25A55
:10134000425BB25B225C925C025DF24D6161828025
:1013500083572702C207C183BD9BC207C18329B33C
:10136000916793870729F5BB83C7890793F7F70E22
:101370001737FE1F2300F70CA1BD035784088357BE
:101380002408998F0947E34BF7ECC947F1B597F06B
:10139000FD1FE780006A034B440825B783C7890710
:1013A00093F70702E5DF83C789070326090093F750
:1013B000F70C1737FE1F230FF7069307000A7CD29E
:1013C00083270A00D857719B13671700D8D7984313
:1013D0001377F7E798C398431377F7E71367071076
:1013E00098C303A70A001447B3E6960114C723283D
:1013F000A6055457F59A54D70347E4079376F707A1
:101400009843137707F8558F98C3032CC404230817
:101410006401054723006C01A3010C002301EC00CB
:1014200078481377074005CF2147A301EC007844A3
:101430008356A4082302D70003472C0074440346B4
:10144000F407BA960357A408120621833D8B518FE7
:101450002382E60003472C0009072301EC008345A3
:101460002C00835624071307E00F0D8F6355D70810
:1014700083460408094626876388C6000546130785
:1014800080426383C6006E87F9461307771B334794
:10149000D70203C68907136606019737FE1F238B01
:1014A000C7F80326090023247601B306D70286066F
:1014B00034D203463C0013660601A301CC007444F9
:1014C0000346E407AE96A381C60003462C0074448D
:1014D000B2962382E60083462C007044218736961C
:1014E000834604089606558FA302E60003472C00A6
:1014F0000D072301EC0003562407014721C20348CE
:101500002C0083463C00684413073800C18A3A9592
:101510002C5CB5C67957330707411377F70F3A8626
:101520003AC697F0FD1FE780C050345C3247BA9648
:1015300034DC83562407998E2319D40603462C00E5
:1015400001459376F603850636971377F70FA308C0
:10155000E4002301CC007C44A380E700034614018F
:1015600083450408930770F9A305F4009737FE1F1D
:10157000A38507D89700FE1FE78080D37DB397F03F
:10158000FD1FE780004B03472407231904067DB79E
:101590008347C507638A0722411122C406C626C2B3
:1015A0004AC049472A84639CE702035725088357AA
:1015B00085086316F7029304050A15469735FE1F42
:1015C000938525F0268597F0FD1FE78080462685C8
:1015D000EFF06FF09147A300A408230EF4062285D4
:1015E000EFF04FC90945EF309FE40347C4078D472B
:1015F0006314F70A9147230EF4067C481737FE1F41
:101600001307C7DB93E787007CC883479707898B5D
:10161000EDDF8347970793F7C70F1737FE1FA30B1D
:10162000F7E09387C1969C438297035764089737E6
:10163000FE1F83D727B5232AA4083307F702930791
:101640000032130707193357F7029737FE1F9387A6
:10165000E7B2DC43B306E500368663E4A60063E444
:10166000F6003386F640232CC4089736FE1F83C647
:1016700076AA6360D602158E9306D407A285170555
:101680000000130525F1EF303E892285EFF05F91D0
:10169000B5A8958F3E96CDB71389C19683270900CB
:1016A0008297AA84832709008297E38DA4FE83276B
:1016B000090083248409829763E5A4063385A44046
:1016C0009737FE1F83C717A59734FE1F83D484ABBB
:1016D00063E3A70031ED8357640813070032173620
:1016E000FE1F1306A6A9B3879702504293870719D6
:1016F000B3D7E702032784093E97BA866364F700ED
:101700006364C700B306C740232CD40883578408FA
:10171000B240924485072314F4082244024941014F
:1017200082809737FE1F938767A5DC43BE9479B705
:101730009737FE1F83C717D093E717001737FE1F91
:10174000A30AF7CE37470F0013070724B335E50286
:10175000938741A403A90700A16726862324F900E3
:1017600081463305E502EF007EA706052326A9067C
:101770001737FE1F130787C483479707898BEDDF51
:10178000834797071736FE1F1306469F504293F76D
:10179000C70F1737FE1FA30FF7C883576408130737
:1017A0000032B387970293870719B3D7E70203275D
:1017B00084093E97BA866364F7006364C700B30682
:1017C000C740232CD408D1B58280970700009387A7
:1017D00067DC1737FE1F232DF7C482800145828006
:1017E000411106C6EFE0BFFEB240133515000605F5
:1017F000410182806FF0DFFE411106C6EFE03FFD40
:101800000DC10357C5058356A505035665078355C6
:10181000450703558500EF708FBC0145B24041017B
:1018200082800945E5BF011106CE22CCEFE03FFAE8
:1018300059C10346B50005472A849737FE1F938791
:10184000E7B76316E604B853094515CF034604030A
:10185000834657048358E4030358C4038357A403FF
:10186000835584000345B4021307670432C005465C
:10187000EF704FB58347F400A3050402014593E7D9
:101880001700A307F400F24062440561828003A7B9
:10189000070909456DDB834657078358E40303585E
:1018A000C4038357A403835584000345B40213077C
:1018B000670702C075BF0945F9B7011122CC06CEF2
:1018C0002A84EFE0DFF02DCD8347B5020347A5154D
:1018D00023138100A302F10083479515A304E100BF
:1018E0002304F100A9E38347D5150307F515230663
:1018F000F100830735142305F100631DF7008947C4
:10190000A305F1004800EF704FB10145F240624479
:10191000056182800307E5156314F7008547CDB79D
:10192000A3050100C5B7834705162305F1008347CA
:10193000B515A305F100834755162306F100D9B765
:101940000945E9B7011122CC06CE2A84EFE03FE831
:1019500029CD83070516A30481002180230581007A
:101960001307F007638FE70203474503998FA30529
:10197000F1008347A51613F7070101C723060100ED
:1019800039A093F7070281CF85472306F10028008D
:10199000EF708FA80145F24062440561828089475B
:1019A000EDB7FD57A305F100D1BF0945EDB74111D2
:1019B00006C6EFE0DFE119C983450514035585002C
:1019C000EF704FA50145B240410182800945E5BF56
:1019D0009375F50F01112E8506CE22CC2EC6EFC0D1
:1019E0006FA00DC12A8483460507B24503457501E2
:1019F0000546EF70AFA10145A30B0400F24062441D
:101A0000056182800945DDBF411106C6EF70CF9F99
:101A1000B24001454101828041119737FE1F9387F3
:101A2000E79922C4E05F06C6094511C80355A40B17
:101A3000EF704F9D9307F00F231DF40A0145B2404C
:101A40002244410182809737FE1F93872797FC5FCE
:101A500099CB41111385870B06C6EF706F9AB24080
:101A600001454101828009458280411106C622C498
:101A7000EFE0FFD50DC983467514034665142A842B
:101A8000835585000345B5028506050693F6F60FD6
:101A90001376F60FEF708F960145A3050402B2404E
:101AA0002244410182800945DDBF397106DE22DC16
:101AB00026DA4AD8EFE0BFD1630A05168346B5009F
:101AC00005472A849737FE1F9387478F6391E60C5B
:101AD000A4530945D9C483C744041946898BC1CB93
:101AE0008C5883C7A500C1C7B105280897F0FD1F12
:101AF000E78020F483C75404138964041946898B52
:101B0000B5CFCA85081097F0FD1FE78080F28C588A
:101B100019469105281097F0FD1FE78080F1834753
:101B200004038358A40383C654040346B4008355B6
:101B300084000345B4023EC48357E4031308010242
:101B400038103EC28357C4033EC03C08EF70AF89D3
:101B50008347F400A3050402014593E71700A30798
:101B6000F400F2506254D25442592161828081457E
:101B7000280897F0FD1FE78040EFADBF81450810B2
:101B800097F0FD1FE78060EE1946CA8561B783A410
:101B900007090945F9D483C744061946898BB5C39B
:101BA00093856406280897F0FD1FE78080E883C7C7
:101BB0004407138964071946898BB9CBCA85081075
:101BC00097F0FD1FE780E0E683A54408194628103A
:101BD000910597F0FD1FE780C0E583A7440883C700
:101BE000370093E72700A38AF4068358A40383C62B
:101BF00054070346B400835584000345B40202C46D
:101C000025BF8145280897F0FD1FE78000E645B70E
:101C10000810814597F0FD1FE78020E51946CA8529
:101C2000281097F0FD1FE780C0E0C1B7094515BF38
:101C3000411106C6EFE0BFB90DC10357651C8356BD
:101C4000451C0356A51C8355851C03558500EF6074
:101C50005FF90145B240410182800945E5BF41116C
:101C600006C622C4EFE0BFB60DC92A840357C505D6
:101C70008356A5050356650783554507035585001B
:101C8000EF60BFF583471401014593E74700A308C0
:101C9000F400B2402244410182800945DDBF411178
:101CA00006C6EFE0DFB20DC18347851903467519FB
:101CB0009305F51803558500A2075D8EEF60BFF10F
:101CC0000145B240410182800945E5BF411106C688
:101CD00022C4EFE0DFAF0DC12A841306051083553F
:101CE00085000345B502EF60DFEE0145A305040260
:101CF000B2402244410182800945DDBF411106C640
:101D000022C4EFE0DFAC05CD0347B50285472A8446
:101D10006314F700A30505020345B4020357C40585
:101D20008356A4050356840583558400EF603FEA7B
:101D30000145A3050402B2402244410182800945C5
:101D4000DDBF01111375F50F06CEEFB0BFE939C93C
:101D50009727FE1F9387876683A7070E93F70720B1
:101D60009DC302C402C202C08148014881470147A5
:101D70008146054681451305C003EF60DFE6014556
:101D8000F240056182808346D5031307E50302C054
:101D9000814801488147054681451305C003EF602E
:101DA0007FE2F1BF0945E9BF9727FE1F93870761CF
:101DB00003A70709094529CB83A7070E011106CE02
:101DC00093F707208DC302C402C202C081480148B4
:101DD00081470147814601468145EF60DFE0F240DF
:101DE000014505618280835807020358A701835784
:101DF000070583465707014602C013076707814559
:101E00000945EF603FDCE1BF8280014582800145EA
:101E100082800145828001458280014582800145A2
:101E20008280014582800145828001458280014592
:101E30008280014582800145828001458280014582
:101E400082800145828001458280411106C622C4FC
:101E500003470500930700086315F70203471500C1
:101E600093065002854763E4E60697470000938790
:101E700067D80A073E971C43035525008297814780
:101E8000B9A09306100885476313D70403471500CC
:101E9000CD466308D70E63E3E602A146630DD7087B
:101EA000B146630DD70A95466313D7020355250043
:101EB000EFE0FF912A8415E9894711A893060003F2
:101EC000630FD70E63EAE600E946630FD70CB24012
:101ED00022443E854101828093077005630FF70E0F
:101EE000930717F0B337F000DDB78327851195C747
:101EF000035645040506420641829C43130716001B
:101F0000420741839DE72312C40401CA835584001C
:101F10000545EF601FCA231204040345B4020346BB
:101F2000440583558400EF609FC72285EFE04FF999
:101F3000B9B73A86D9B703552500EFE05F892A84FF
:101F400025DD0346C504835585000345B5023336B8
:101F5000C000EF601FC5A305040215B70355250097
:101F6000EFE0FF862A8429D9035725058356050506
:101F70000346F504835585000345B502EF60BFC2F3
:101F8000D9BF03552500EFE09F842A8415D5035659
:101F9000450401CA835585000545EF609FC12312A2
:101FA0000404A3080402E1BD03552500EFE03F82CD
:101FB000E30405F00345B502EF60FFBFC9B5035563
:101FC0002500EFE0DF802A84E30805EE83558500D5
:101FD0000345B502EF607FBEBDBF03552500EF602E
:101FE0001FBE71BD011122CC2A84114506CE2EC61A
:101FF00032C4EF20BECA1DC1B2452246231185005E
:102000002300B500A300C5006244F240AA8517254D
:10201000FE1F0345951205616F203ED3F2406244D6
:10202000114505618280411106C622C4EFE02FFAF6
:1020300041C183270512230D05002A84A5C3034748
:10204000F500058B19EB0355840001469305000844
:10205000EFF05FF939C5014581A8D44303C6C70035
:1020600083C58700035585008906EF607FB505E5C8
:102070008327041203D7A700A3840700136707F080
:102080002395E7009C432320F4128357240481C73F
:10209000FD172311F40483270412D5F72311040438
:1020A0005DBF8547230DF400B24022444101828088
:1020B0000945DDBF9727FE1F9387473083A7870C0D
:1020C00091E382806384A700DC5FDDBF411122C4FD
:1020D00006C68347A5002A8491C79305C5006905F4
:1020E000EF10C0598347240191CB93054401130598
:1020F000A4022244B24041016F104058B240224431
:1021000041018280AA862E86AA8517050000130544
:10211000C5006F306E979727FE1F9387272A03A766
:10212000870C411126C206C622C4BE8411E7B24004
:1021300022449244410182806304A700585FFDB7A6
:102140008347A5002A8491C79305C5006905EF1050
:10215000E0528347240199C7930544011305A40263
:10216000EF10C05122852244CC58B2409244410124
:102170006FF05FF901114AC81729FE1F13090924DE
:1021800022CC0324890C26CA4EC652C456C206CE9F
:10219000AA84014A93094500854A631D040E9305EC
:1021A00020251305000497F0FD1FE780C0612A84F5
:1021B0001D4561C883C73400194693854400130543
:1021C0004400A301F40097F0FD1FE7808086938A06
:1021D000A40141468145568597F0FD1FE780009395
:1021E00079ED9309A401D68541464E8597F0FD1FF0
:1021F000E780009085472305F4008347340093056A
:10220000C4004E8593E72700A305F400EF100047B4
:102210009384A40241468145268597F0FD1FE780FF
:10222000E08E4DE19307A402A6853E854146BE841B
:1022300097F0FD1FE780C08B85472309F400834793
:10224000340093054401268593E72700A309F40091
:10225000EF10C042A3000400832549032285EFF05C
:102260007FEA63140A069727FE1F23AD8720232EDB
:1022700004028347490C014585071727FE1F2301E8
:10228000F720F2406244D2444249B249224A924A7B
:10229000056182800347340083C734006305F7007B
:1022A000228A405CDDBD4146CE851305440097F08F
:1022B000FD1FE7800081E31555FF4945D9B7230588
:1022C0000400B9B72309040071B7232E8A0245B769
:1022D00041119727FE1F9387670E22C403A4870C22
:1022E00026C206C64AC0FD5419ECB24022449727C4
:1022F000FE1F23A907189727FE1F23830718924460
:1023000002494101828003450400EF304E8B0329CE
:10231000C40323009400228597F0FD1FE780005737
:102320004A84D9B79727FE1F938747092382070C52
:1023300023A4070C6F10403E411126C206C622C4DA
:10234000EFE0AFD8AA843DC5EFE06FC82A84630AE6
:102350000512930710112315F500930700FB2307BF
:10236000F50085472308F5009727FE1F83D707DA76
:10237000A5073E85C207C183130740106374F700A9
:10238000130540101317050141839307000463747C
:10239000F70013050004420593053025418197F0AD
:1023A000FD1FE78040422328A41019E9035584004B
:1023B000EFE00FE2B2402244268592444101828040
:1023C0009727FE1F938747F39C4F228523130414FE
:1023D000232AF4109727FE1F938747FE03A6870D35
:1023E00083A6C70D03D7A70383C7A704232CC40E56
:1023F000232ED40EA307F414FD572310F404231343
:10240000F4022314F4028347E4022324C410232695
:10241000D41093E707FC2307F4028567938787BBF3
:102420002315F4042312E414EFC01F8C1725FE1F9C
:10243000034505CE2301A414EF20FFB5D147A30621
:10244000F41693078002A305F4169307006F231F69
:10245000F4149307F0072300F416F5779387A7EB9E
:102460002311F416A301A4142303A416A303A41692
:102470002304A416A304A4169727FE1F239407F48D
:1024800015BF854405BF411122C42A848345040336
:102490001725FE1F0345B5F2A307A40206C626C2F0
:1024A000EF300EB48357A4031728FE1F035888CDBE
:1024B000930600323307F8029724FE1F83C484C5B5
:1024C000232AA4083356D7023377D7029306204E27
:1024D0002326C40837460F0013060624B387D70205
:1024E000B3D7A7023307D702BE94835784039384DC
:1024F000C417C2048507C180231294083347070319
:10250000B387D7022310E4028146858FB3B5070352
:1025100033850703EFF09DCC832784089726FE1FA1
:102520009386C6C5D442AA9733B5A7002E9501E578
:102530003E8763E4D7003387D7408347740323285B
:10254000E4081307204EB387E70286042285BE9471
:1025500023119408EFC0EFBF2285EFC0CFF283555F
:10256000E40322859205F915C205C181EFC0AFBA17
:102570002285EFE0EFFB9727FE1F23A387EE9387CB
:1025800041AE9C43898B85C39724FE1F938404B777
:102590009C5891CB83258409354582979C58832587
:1025A000C4093945829722852244B2409244972734
:1025B000FE1F239C07E09727FE1F23A907E0410188
:1025C0006FC09FC60357050889468357450863F3C4
:1025D000E6000947B397E7002313F5086F302EAFE5
:1025E000011122CC26CA4AC806CE4EC652C4834721
:1025F00065032A84138941A48507230BF5028347C9
:102600003501938481A3639C075A8347C500130750
:102610000004A309E50003471501BD9B93E73700BC
:102620002306F50093178701A30D0500E18763D901
:1026300007001377F707A308E500EF200FC139A8BB
:102640008327850A93F62700BDC6F59B2324F50A48
:1026500083270510918BA9CFEF00CFDD0347B4018D
:1026600085476310F706832784110347C400DC43C2
:102670002380E7008327841103475401DC43A380B0
:10268000E70003278411832709005843B8DB9C40E7
:10269000B70680009843558F98C3D857719BD8D7F9
:1026A000F2406244D2444249B249224A05618280E2
:1026B000EF00EFD565B793F617008DC6F99B23247D
:1026C000F50A832704110347C4002380E70083270A
:1026D000041103475401A380E7008327090003275F
:1026E00004116DB783490501054A6398491DF9C76F
:1026F00013F7070119C7BD9B2324F50AEF001F93A9
:10270000B1BF13F7070201CB93F7F7FD2324F50AB6
:10271000EF009FA6A1B713F7070401CB93F7F7FBD0
:102720002324F50AEF008FD615BF13F7070809CB4E
:1027300093F7F7F72324F50A2285EF10DFA739BFB7
:1027400013F7072009CB93F7F7DF2324F50A228537
:10275000EF000FDE21B713F7074001CB93F7F7BF68
:102760002324F50AEF00DFBDD5BD13974701635C55
:1027700007007D771307F77FF98F2324F50A228559
:10278000EF006FEBE1BD13973701635A07007D77C8
:102790007D17F98F2324F50AEF00CFECC1B513970D
:1027A0002701635A070079777D17F98F2324F50AEB
:1027B000EF00AFFB65B52324050A21B78327450A3F
:1027C000638E071A93F6070481CA93F7F7FB232257
:1027D000F50AEF006FBB59B593F6071081CA93F75E
:1027E000F7EF2322F50AEF007F898DBD93F60720CE
:1027F00099CA4D8B631F070E93F7F7DF2322F50A63
:10280000EF00DF8CA1BD93F6074081CA93F7F7BFB5
:102810002322F50AEF00AFC491B59396470163DB1D
:1028200006007D771307F77FF98F2322F50AEF1053
:102830007F8B2DB59396370163DC06004D8B55EBEE
:102840007D777D17F98F2322F50AEF00CFC539B5C3
:1028500013971701635A070071777D17F98F2322A9
:10286000F50AEF000FD6DDBB1397E700635A0700A8
:1028700001777D17F98F2322F50AEF000FD9F9BBF5
:102880001397B700635B07003707F0FF7D17F98FD9
:102890002322F50AEF004FE5D1B313978700635B5E
:1028A0000700370780FF7D17F98F2322F50AEF0015
:1028B000BF966DB32322050A29B5638C09029306DE
:1028C000600463EF36071307500463F9E914130734
:1028D000A002638AE91C63673703930710026380D1
:1028E000F91A63EA3701ED476387F914F547638AFC
:1028F000F914228599B393075002638FF91C93074B
:102900007002F5B7130760036389E914636B37013D
:102910009307E0026384F91E93071003E380F9DE56
:10292000C9BF13070004638CE90893071004638789
:10293000F90A93078003E39EF9FAEF200F9119AA91
:102940009307A0056387F91E63E1370593075005D8
:102950006385F90263EB37019307B0046388F91CC0
:1029600093071005E38AF9DC69B793076005E380F4
:10297000F9DE93078005E39EF9F6228597F0FD1FA7
:10298000E78040FEE30C05CCADB79307B00663EDDE
:1029900037019307A00663FBF92093076006E39ACB
:1029A000F9F4EF00FF9999A093076007E389F9DC38
:1029B00093076008E39FF9F2EF002FDB05A8139758
:1029C0004701E35807F27D771307F77FF98F232438
:1029D000F50AEF004FC62308340149B18347B50219
:1029E0008DC705476398E700EF000FF98547230877
:1029F000F400ADB183270510918BD5C3BD472306E5
:102A0000F4022285EF000FA3D5B7EF200F848327B0
:102A1000040A93E727002320F40AC9BFEF20EF82BE
:102A20008327040A230844012311040693E747007F
:102A30002320F40A25B1EF004F89D947230AF40473
:102A400031B92285EF206F808327040A93E71700AE
:102A50002320F40A2308040011B197F0FD1FE7803A
:102A600060F0E30D05BE8547A306F4042285EF0060
:102A70008F8F8347C404F99B2306F404C5B68327CC
:102A80008510858B81C7EF00EFD4C9BEE947A30548
:102A9000F50283270510918B99C38D478DB7228549
:102AA000EF00EF96A1B7EF006F858347D40491CB79
:102AB00041469305C40A1305C40C97E0FD1FE78047
:102AC00040F78347C4042326040E2328040E93E70B
:102AD00017002306F40459B683270510918B81CF84
:102AE0008D472306F502EF00EF9483471401DD9B29
:102AF000A308F400E5BDEF008F91C5BF8347C5046F
:102B00002322050E2324050E93E727002306F50450
:102B1000EF00EF8083471401A3050402DD9BA308A7
:102B2000F4008327040A93E70701F5B5EF000F9639
:102B300075BD8347A51499CB83466514331ADA0013
:102B40006306FA0013670701A308E5000347B414FE
:102B500011CF834674148547B397D7006388E70085
:102B60008347140193E70701A308F4008347E401B6
:102B700099CF83471401C18B99EB8327040A93E70C
:102B800007202320F40A2285EF103FEC85B5830748
:102B90001416F5DB83274410898BF5D78327440A65
:102BA00037071000D98F2322F40AF1BFEF10FFE995
:102BB0008327040A056713070780D98FA9BD9727C4
:102BC000FE1F83D7A78085071727FE1F2310F780D6
:102BD00071B483474517858B63820710834765135C
:102BE00093D63700AA9683C5061313F7770033D61A
:102BF000E540058A69CE397122DC06DE26DA4AD83C
:102C00004ED652D456D25AD05ECE62CC66CA2A84F0
:102C1000034545037D57FD47591562052C00618525
:102C20003AC43EC697E0FD1FE78000780326841370
:102C300022478326C413B247718FF58F6314E600D1
:102C40006387F6062800EFE00F89894763F1A7063E
:102C5000294681451305D41797E0FD1FE780E0E082
:102C6000224AB24A81490D4C854C930B50029394F1
:102C70008901E1844E865285D68513DB2440EFF02E
:102C80004DCE8D88229B058986040309DB170DCD67
:102C9000B3949C00B3649900A30E9B168509E39836
:102CA00079FD8347441793E78700230AF416F2500F
:102CB0006254D2544259B259225A925A025BF24B90
:102CC000624CD24C21618280B3149C00E1B78547ED
:102CD000B397E700CD8F2388F612828082807971C6
:102CE0004ECE9719FE1F9389696D22D403A4090A59
:102CF00052CC56CA5AC8797AA16A370B008226D2BA
:102D00004AD006D65EC662C466C21719FE1F1309F2
:102D1000A95E938441A47D1AFD1A7D1B8347E400BC
:102D20001307000D639FE7209C4098430D8B05C35C
:102D3000B84B619BB8CB98431367870098C39C43FB
:102D40008D83858B89C7010001000100010097F088
:102D5000FD1FE78000EE8347C404858B89C7A285E9
:102D60000545EF20AF8F83472414938B81A383A65F
:102D70000B0093F7F70313979701DC56B3F767013E
:102D8000D98FDCD637170040930770052300F7046E
:102D9000930780FA2300F70483462414B54763FBA6
:102DA000D7108357270293E707012311F70203A7E0
:102DB0000B008327840994401CC78327C4095CC384
:102DC000DC4293E71700DCC25C57F19B93E71700E6
:102DD0005CD78355441C95470356641C91050345F5
:102DE00074141717FE1FA30CF750C205930710FDAC
:102DF0002307F400C181930700FC1717FE1F230D62
:102E0000F74EEF204FBB03467414854683572408C2
:102E1000035764086318D60A060793875703BA97BF
:102E20009840544733F6460150C7010001009840CE
:102E30000966860710C7130600F89715FE1F238F33
:102E4000C54A7CD354C79717FE1FA389074A9040F1
:102E50009717FE1FA382074A85471CC28346C404F6
:102E60001387C1A483A70B00858A1843CDCA944356
:102E7000B705330093F6F6E794C3944393F6F6E769
:102E800093E6061094C31447CD8E14C79306900F93
:102E900034CA5457F59A54D7034764139376F70707
:102EA0009843137707F8558F98C397E0FD1FE78085
:102EB000A032ADB583572702C207C183BD9BC207AD
:102EC000C183E5B58945060794406318B602D0462C
:102ED000B3754601CCC60100010094408965938713
:102EE00097188CC6930500F81715FE1F2308B540E8
:102EF000BA978607FCD2D0C6B9B7D046B37546019B
:102F0000CCC60100010094408965938797048CC664
:102F1000930500F81715FE1F2302B53ED1BF944359
:102F2000B705330093F6F6E794C3944393F6F6E7B8
:102F300093E6061094C31447CD8E14C79306900DE4
:102F400081BF1307100D639BE75883470900858BEA
:102F50006382074C83470900E207E18763D4070ACD
:102F60008347F40093F7070285C78357A403130729
:102F7000204EB387E70203274409B3D7E7021717A8
:102F8000FE1F0347271913070705BA972312F408F2
:102F9000938781A39C439716FE1F9386261E83ACBE
:102FA00046009843032C0901894631830D8B832BFE
:102FB000C408835744081715FE1F0355A51C631D3D
:102FC000D71693879718B3A5A70237460F001306A5
:102FD000062481463305F502EFF04DA03385AB4062
:102FE000B30785013E8763E4A70063E49701338755
:102FF0009741835764082328E40823100408858335
:103000002313F4088345C4040325441193062403C1
:1030100013064403858997E0FD1FE780801F9717FB
:10302000FE1F238EA72C03C7690483474403998F8F
:10303000230AF4028327441183C7070013F7070C00
:1030400019E38D8B91E785471717FE1F2309F72A90
:1030500083476900858B6397072C8347A40293E716
:1030600027002305F40283470900E207E18763D3C1
:1030700007028347641313D7370093F6770022972C
:103080008547B397D7008346071393C7F7FFF58F9C
:103090002308F7128347F400898BDDCF2285EFB038
:1030A0007FC55DE98347F400A309040093E7470067
:1030B000A307F400832784118DCF0347B40115CBF8
:1030C00003C79700058B15E703D7A700C84313670D
:1030D00007F02395E70097E0FD1FE780207B8357EB
:1030E000440485072312F404832784119C43232C72
:1030F000F4108347540181CB8347C404898B81C773
:103100002285EFB03FC48347040113072002639870
:10311000E7028327040AA305040293E7870023201C
:10312000F40A8347140193E78700A308F400930788
:1031300040022308F4000DA09387970469B5130794
:103140000006639AE70C85472308F4008347A4022E
:1031500093E717002305F40283476900898B638492
:1031600007108347C404858B638F070E8347940140
:103170008507A30CF4008347F40013F7270029E721
:1031800093E72700A307F400930700F8230EF40049
:103190008357A4031307204EB387E702032744098C
:1031A000B3D7E7021717FE1F0347C7F61307070534
:1031B000BA97C207C1832312F40886072311F408C3
:1031C0009717FE1F23AE072822859717FE1F23851A
:1031D0000712EFF0EFC0034564148947834554019B
:1031E000631FF51403458414910513652500EF1042
:1031F000BFE7834754016386071E8347C404898B56
:103200006381071EA2850145EF107FBD630B051288
:10321000EF208F9A6DA413077006639CE7029387D3
:1032200081A398437C53ED9B7CD39717FE1F238A81
:10323000070C3717004083578701B3F7FA00231CA8
:10324000F7008347C40093F7F7FD2306F400854792
:10325000CDB57147E392E7F08327040A93E717009F
:103260002320F40AD5BD2285EFB05FABE31505F04E
:10327000A30C04002285EFB0FFA383471401A18BA8
:1032800085CF834764018DCB83477401094793F74A
:10329000B70F6383E7029307D003230AF40493076D
:1032A00070022308F4008347C404858BE38507EC90
:1032B0002285EFB03FAEC1B50347D4008D476317F9
:1032C000F70483477401130780026373F70283478F
:1032D00074011D476388E702A306F4028327840A6A
:1032E000228593E717002324F40AEFF07E8519A8BE
:1032F0008A07172700001307A754BA979C43228513
:10330000829771F583476401D9FFB5B5834764019E
:10331000E38307E6228597E0FD1FE7806077E31CE3
:1033200005E4CDB7834784018507230CF40083D7D8
:10333000E90085071717FE1F2319F7082DBD910512
:103340007DB5938781A39843B70633001C4393F759
:10335000F7E71CC31C4393F7F7E793E707101CC379
:103360009387C1A498431C47D58F1CC79C40130763
:10337000A00FB8CB938781A39C43B70680009843E6
:10338000558F98C3D857719BD8D7930720FD230733
:10339000F40083270412E38A07B00347F400058B87
:1033A000E30507B0D44303C6C70083C587000355B0
:1033B00084008906EF50DF80E31905AE83270412ED
:1033C00003D7A700136707F02395E7009C4323204A
:1033D000F41283572404E38A07ACFD172311F40485
:1033E000E9B4938781A39843B70633001C4393F74E
:1033F000F7E71CC31C4393F7F7E793E707101CC3D9
:103400009387C1A498431C47D58F1CC79C401307C2
:10341000A00D85B79C40FC53E39207909717FE1FC1
:10342000238E07ECEF105FF9834709002285E2073E
:10343000E18763DA071EEFF0EF9883D72901228531
:1034400085071717FE1F2314F7F8EFF08FF883573F
:103450000404B5C713074006B3F7E702ADE393874B
:1034600041AE9C43898BA1C79714FE1F938404C966
:10347000985815CF9717FE1F83D747F5C2079715A2
:10348000FE1F83D5C5F4DD8D254502979C58971501
:10349000FE1F83D585F3294582979C588315240305
:1034A0002D4582979C588305440331458297971791
:1034B000FE1F239C07F09717FE1F23A907F0228504
:1034C0002254B25092540259F249624AD24A424BB3
:1034D000B24B224C924C45616FB05FDC1307200D5C
:1034E000E398E7D283471900858B63810714971708
:1034F000FE1FA38307E08327040A13972701634A6B
:10350000070E228597E0FD1FE7804066854763121E
:10351000F50E8355441C0356641C03457414910531
:10352000C205C181EF103FC98347C404938B81A3B7
:10353000138CC1A4858BBDCBA2850545EF101F92CE
:1035400003A70B00B70633001C4393F7F7E71CC330
:103550001C4393F7F7E793E707101CC303270C00FE
:103560001C47D58F1CC79C401307900FB8CB9307FF
:1035700010FD2307F4009C40D44733F74601D8C719
:103580000F1000009C40096798C7130700F8171632
:10359000FE1F2305E6D603A60B00184231830D8BD0
:1035A0000DEF13076019F8D3D4C701B203A70B00BE
:1035B000B70633001C4393F7F7E71CC31C4393F78C
:1035C000F7E793E707101CC303270C001C47D58FB0
:1035D0001CC79C401307900D51BF18420946318308
:1035E0000D8B6315C7001307E04375BF1307E01B7E
:1035F0005DBFEF107FDC834794018DC793F7070F02
:1036000081CB9305D0032285EFB01FDBA305A40275
:103610009717FE1F938787AE9C5B89C79545130557
:10362000500882972285EFC0AF9F51BD9C40FC534C
:10363000639607EE9717FE1F238207CCEF10DFD7A4
:10364000D5B7411106C6EFB0EF999717FE1F9387C4
:10365000E7D617F7FFFF130767CE23AAE70AB240A2
:1036600017F7FFFF130767E223ACE70A97F7FFFF9F
:103670009387276723A8F1AE41018280397122DC4C
:103680003704400026DA4ED6AE84AA899305E4FFBB
:10369000054506DE4AD8EF208EA1498C1317040198
:1036A000418321839317840013590401D98F231672
:1036B00001001379F90F10088A854E852317F10050
:1036C000A306210102C002C202C402C802CA02CC7F
:1036D00002CEEF108FEC8347E1010347D101A381B4
:1036E0008400A2074207BA970347F1012180238291
:1036F0008400BA97F25062542380F40013D78700F5
:10370000C183A3822401A380E4002381F4004259F1
:10371000D254B25921618280011119469715FE1FBA
:103720009385659F1715FE1F1305C5D706CE22CCBE
:1037300026CA4AC891644EC697D0FD1FE780602F05
:103740009385F4FF0145EF204E942A84FD550145F1
:10375000EF20EE95A287FD147D5933F79700B366ED
:10376000E500F9C6631425016304970C1717FE1FC3
:103770002302F7D4A18393E707FC916941641717EB
:10378000FE1F2327A7D21717FE1FA305F7D2FD1987
:103790001719FE1F130989C27D14CE850145EF203C
:1037A000CE8EAA84FD550145EF206E90B36795003B
:1037B000EDD7FD576314F500E38134FF9717FE1F23
:1037C000239BA7CE935705011717FE1F2306F7CE9D
:1037D000935785011717FE1FA300F7CE9717FE1FFB
:1037E000238D97CCA18093F4F4039717FE1FA38633
:1037F00097CC8317890E42054185618DE18F631255
:10380000F5020317C90F8317A90E618FE18F631AA1
:10381000F7000317E90F8317C90E618FE18FE30EDD
:10382000F7F6F2406244D2444249B24905618280CF
:10383000A6850145EF206E852A84FD550145EF20C0
:103840000E87A28719BF2A8309CA83830500230034
:1038500073007D16050385056DFA828039713EDAA5
:103860002ED2AA8503A5818F32D4501006CE36D62B
:103870003AD842DC46DE32C60524F240216182801D
:1038800083A5818F6F10A066EFF2AD8003A4818FB6
:1038900083474400898B85CB03298400AA8403C510
:1038A00004008504A28519E52945029963470500AE
:1038B000014519A80299E35405FE8347440093E7A4
:1038C00047002302F4007D556FE0FDFEEFE2FDF9B5
:1038D000930A7003B38ADA402A89AE8993FAFA0F01
:1038E00093F4F601328A014BA54C2686DA864A8586
:1038F000CE85EFE09DC4CE851374F50F26864A85EC
:10390000DA86EFE0BD8D4A8CCE8B2A89AE8963F5CD
:103910008C0056941374F40F050A13040403A30FC8
:103920008AFE63E66B01E3127BFDE3709CFC52852B
:103930006FE03DF7EFE25DF40543130F5002AA86F6
:103940006344C3006FE09DF6B687BE8603C70700D9
:1039500085076DDBE31BE7FF03C707008906E30567
:10396000E7FFCD6E0148014E8147FD42930FC0062F
:1039700093034007130480069304A0062549930986
:103980004002130AA002930AF007414B938E9E88CF
:1039900063ECF202930807FE63681B01B3D81E01B3
:1039A00093F81800639C080A930807FD63611907E0
:1039B000A947B307F802338817019307000203C72A
:1039C0000600850671F739A8E3F0FAFE6305F707EC
:1039D00063ECEF0463098706630F97069308C0043E
:1039E000630B1707E3000EF6E31C6EF4136807027F
:1039F000130EB8F98948944163F6C801930810067C
:103A0000631518079D06E19A13878600ADA0631819
:103A1000370163070E046307680401484DB79378C4
:103A2000B7FFE39548FBD5BFE30B77F89308A007F2
:103A3000E30717F945BF13F7070819C393E70720F2
:103A400093E70708ADBF13F7071019C393E70720E3
:103A500093E70710ADB793E7072895B7814785B778
:103A6000428E65BF1307300651B71308300663173F
:103A700007011387460098C10503D1B51308300725
:103A8000E30907FF13F8070813874600E30508FE5C
:103A900093F70720EDD3BDB7EFE2BDDC83474500C8
:103AA00039712AC62EC832CA898B032A8500B1C350
:103AB00032D2AE87014403C507000DCD1307500273
:103AC000138D1700631AE50083C91700138D2700B3
:103AD000930750026394F902B2450504029A635CAD
:103AE000057CB247324783C7470093E7470023026C
:103AF000F7007D54228521616FE07DDAB75A02001C
:103B00008144814D014B01497D4C930BC006930CC0
:103B10004007130780069306A0062543938ACA032D
:103B2000636E2C03938709FE4146636DF6028A0794
:103B3000D6979C4382871369190083490D00050DB0
:103B4000E39009FEC5A81369290013694900F5B778
:103B500013698900DDB713690901C5B79307F00739
:103B600063EE270B938709FD6363F3021376090461
:103B700019C629463386CD02B30DF6007DBF29460E
:103B80003306CB0213690902330BF6007DB79307A6
:103B9000A0026398F902D5F0925793750904138631
:103BA00047009C4332D299C1BE8D41BF63C6070016
:103BB000136909023E8B51B7330BF0401369890238
:103BC000ADBF9307E0026398F900937709049DF372
:103BD000136909049DB7930740026391F904638751
:103BE000041AD247937909045A863ED263830900A6
:103BF0006E8642454C10EFF0FFD3925713078006B4
:103C00009306A0061386470032D225436385090038
:103C100083AD07001DB703AB070005B763857915B2
:103C200063EC3B136389E914638FD9149307C004D1
:103C3000638BF91481C8D247424526864C103ED288
:103C4000EFF05FCF63D90D001378F9FB131908016A
:103C500013590901814D93EB09021387BBF9894779
:103C600063F6E700930710066391FB4A925793C9E6
:103C7000F9FF93F909029D07E19B138787008843A9
:103C8000CC433AD293071006137709046395FB10CF
:103C90008967938707803369F90011E3FD5DEE863C
:103CA0004E873010EF10000FA25A130C1500AA8D8A
:103CB000137CFC0F854C930B000793879A004947B0
:103CC0006370F70293873A061307600C894C637997
:103CD000F700938C7A3E9307E07CB3BC97018D0C80
:103CE0008347C1021307D00293F6170091EA937637
:103CF00029001307B00289E613173900137707026A
:103D0000B18B63840712B334E0008D0463D4640381
:103D100013788900B3049B40631F0800A294B24546
:103D2000130500023ACC0504029AE34C05DA624717
:103D3000E39784FE814419C7B2453A850504029A87
:103D4000E34105DA8347C102A18BF9EBB75A0200C0
:103D5000938A0A62A28B65A8E38199DF9307A00783
:103D6000E38DF9DCC1BD9377090899C31369092074
:103D700013690908D9B39377091099C31369092006
:103D8000136909105DBB1369092845BBDA84814DAD
:103D9000014B01495DB311E3994D930750066399B7
:103DA000FB02856713861D003369F9001376F60F51
:103DB0000147814745439376F60F6373C300C546B9
:103DC0003010EF00F007137CF50FA25A894CF5B5BF
:103DD000930760066399FB0089673369F90005471B
:103DE000EE874546C1BF93F7FD0F13F6FD0F91E334
:103DF000054601478147930B50066DBFB245330519
:103E000035411375F50F850B029AE34C05CCB3874A
:103E10008B40D69703C5070075F15E84DE9401A53B
:103E2000B75A0200938A4A6235B79357C9008D8BFF
:103E3000B1E7638F0D103C10E2979306000321A0B9
:103E40007D1C137CFC0F63070C0003C64700FD17A5
:103E5000E308D6FE93760901EE8791E2E287F156F8
:103E600063CADA0E63D8BA0F89663369D900814D07
:103E700063D6FA0093881A00B38D17418967B37728
:103E8000F9003ECCF9CBD68763D30A00814785077A
:103E900011C38507638B0D0C93861D00B697814473
:103EA00063D46701B304FB409377990089E7A29438
:103EB0006312940C814419C7B2453A850504029AED
:103EC000E34105C29317490163D30702B2451305C5
:103ED0000003029AE34705C013058007B245330586
:103EE00035411375850F0904029AE34C05BE93779B
:103EF000890089E7A294631994088144E247F5C3D5
:103F0000D68C63D30A00814CB3899A41B30DB0417A
:103F10007D5B1305000363F789013C10338737018C
:103F200003455700FD1C930B140063C7BC07B24543
:103F30008509029AE34705BA639A6C01B2451305F5
:103F4000E002029AE34F05B8930B24005E84D1B7D8
:103F5000854DD5B5938DF7FF15B793164901954754
:103F600063C306008D47E69725B79376090185DA86
:103F7000850735B7B245130500023ACE029A72475B
:103F80000504E35705F2B1BEB2451305000305046D
:103F9000029AE35205F6B1B6639E9A010347D10235
:103FA0009307500363ECE7026316F7008347C102EF
:103FB000C18B8DC7B245029AE34505B2137809015A
:103FC000E30D08E4FD57E39AFCE4B245930B2400AB
:103FD0001305E002029AE35205E421B6130510032B
:103FE000D1BF0345D102930710036307F500834750
:103FF000C102BD9B2306F102B245029AE34305AE1E
:104000006358B00DB2451305E002029AE34B05ACCC
:10401000130B81020549130500036354890103450D
:104020006B00B245029AE34E05AA13071900050B6F
:1040300063DEED0809044A94B24533853B411375AC
:10404000F50F029AE34F05A863CA0A001305B002F0
:10405000639A0A008347C102C18B89C7B30A5041E2
:104060001305D002B245029AE34D05A69147639F1E
:10407000FC069309803E33C53A03B2450D0413058F
:1040800005031375F50F029AE34D05A4B3EA3A034D
:1040900093094006B245050433C53A0313050503E9
:1040A0001375F50F029AE34E05A2B3EA3A03A94944
:1040B000B245050433C53A03130505031375F50F1F
:1040C000029AE34005A2B3EA3A0305A83A89A1B7E8
:1040D00013780901631408000504B9BFB24513053C
:1040E000E0020904029AE35905F4E5BA8D47090490
:1040F000E380FCFA8547E39CFCFA13850A03B2458A
:10410000930B14001375F50FF1B59387D9F949474F
:10411000636EF716375702008A0713070708BA9726
:104120009C43828792578544930A810213874700F4
:104130009C433AD22304F10213788900630E0804E9
:104140008149639D3405B30B9400B3049B40F1B1E6
:104150009257138747003AD283AA070063960A0052
:10416000B75A0200938A8A6293770904FD5591C376
:10417000EE855685EF009040AA847DBFB2451305B9
:104180000002029AE34F0594FD19E3E934FF5A94C3
:10419000330434414E8B6DB7DA89C5BFB3873A011A
:1041A000B24503C507008509029AE35C05F815BA14
:1041B0001377090892572DC71377092039CB9D072C
:1041C000E19B8843CC43138787003AD263DB050029
:1041D000B337A000B305B0409D8D3305A0401369EF
:1041E0000940937BF9FEC20BB367B50093DB0B016B
:1041F00081EB1378090463050800814A63850D107B
:10420000930A8102A9465686EFF04FECB30A554156
:10421000DDA88843138747003AD29355F5417DB70F
:104220001387470088433AD293770910FDD79377D5
:10423000092081C762056185CDB742054185F1BF7F
:104240001378F9FE1319080113590901A9461377C8
:10425000090892572DCF1377092025C79D07E19BA9
:104260008843CC43138787003AD2B367B500C1C3F4
:10427000937B99FFC20B93DB0B01930A810261B719
:1042800013690901C14693098007D1B793078007D5
:104290006397FB00B38B3B4193E60B014DBFB245E7
:1042A00013055002029AE34E0582B2454E85029AEA
:1042B000E34905820904EA876FF0EFFFA1468149CF
:1042C00079B78843138747003AD2814579BF13876E
:1042D000470088433AD293770910E5DB93770920AA
:1042E00081C71375F50FD5B742054181F9BF937B9F
:1042F00099FEC20B1378090493DB0B01E30F08F658
:10430000814AE39C0DF693F70B049DCB93F7EBFFEB
:10431000139C0701135C0C01D68463DBBA01EE84A5
:104320006398090093F7EBFE139C0701135C0C01E3
:10433000937C0C01638A0C0263970900850429A011
:10434000D6845E8CF5B7890493778C00A1E39377CC
:104350001C0089CBD68D63D76401B3049B40B38D19
:104360005401DA84A68B21A893776C40F1DFF9B76A
:10437000B24513050002029A634505F6850BE3C9B1
:104380006BFFB304944033847401DE8463840C02B5
:10439000B24513050003029A634505F4638D0904D1
:1043A000B24509044E85029A634D05F2A28BB3090A
:1043B000B40115A893776C40F5DB13772C00130537
:1043C000B00219E31305000293770C4099C313055B
:1043D000D002B2450504C1BFB24513050003850BE9
:1043E000029A634005F0B3877941E3C7FAFE568429
:1043F00009E4D69B99BB050455BF7D143C10A297D8
:10440000B24503C50700029AE35405FE6FF06FED55
:10441000B245130500020504029A634405ECB38714
:104420008440E347F0FE41BDEFE22DC4B28413990E
:1044300015001042B68ABE89D4409357F501411148
:1044400033E92701131415002285CA85BA8B0A8720
:10445000428BEF00F00AD44490443800AA8C2E8C92
:104460002285CA85EF00D009824612478547330965
:10447000D5003335A900BA953304B5006367E4006D
:10448000631487006363D9008147224632473E9612
:10449000B337F600B386E7009840DC4032C4669735
:1044A000E297B3359701BE9536C6854763E7850128
:1044B0006314BC006363970181479844C844138A1E
:1044C000FAFB4A972295B3352701AA953385E70071
:1044D000B337F500BE95854763E785006314B400E4
:1044E0006363250181473E96B337F6005287BE9637
:1044F000EF00D00523A0AB0023A2BB008547A24854
:104500003248CC408844D8446317FB06B306A94020
:104510003336D900B307E440918F05456368BC008A
:1045200063958501984063E3EC0001453385A6401F
:10453000B3B6A600B385D74005466367B40063945D
:1045400085006363A90001463386C840B3B6C8003E
:104550005287B306D840EF00607F2246B24623A0C0
:10456000A90023A2B90052874A85A285EF00007EE8
:1045700041016FE00DB393D7FC0113161C005D8E53
:104580009356F90193171400939E1C00D58F1313B3
:104590001900054E636786016314CC0063E39E0136
:1045A000014E1A9E33336E003E9385476368B60012
:1045B0006395C500944063E3DE008147B307FE4086
:1045C000B335FE00B305B3403385A740B3B7A700AA
:1045D000998D93D6F8019D8D93171800D58F138769
:1045E0000AFC86088546636783006314640063637E
:1045F0002E018146C696B3B81601BE98054663677C
:10460000B300639465006363AE0001463386C64021
:10461000B3B6C600B386D8403DBFEFE28DA703A670
:10462000018783A6418741113800D92DB245A247A1
:104630001395D5018D835D8D8D8141016FE0ADA70F
:10464000EFE22DA25D71B68BB70610003EC69384D3
:10465000F6FF93D745013AC4ED8C13F4F77FB28A85
:1046600093D9F50133E7A40015E06313070E930710
:10467000000393E92900A302F60023023601232058
:1046800006000544228561616FE06DA11306F07F8D
:10469000631BC40093E7490019C393E78900238291
:1046A000FA000144C5B71304B4BC2A89D58C9376AB
:1046B000190036C2939D24009356E901B3EDB6016B
:1046C000931C2900054D09E793F7E77F13BD1700F9
:1046D0006340040E22855D2E9327440093B7170094
:1046E000330AF5405285D1269306C50733048A4024
:1046F000A2968C00528536C0192382461C18A685C6
:104700006A88381090004A85EFF01FD2D5472A8476
:10471000AE8463ED470983A6418703A60187381855
:104720006685EE85F12BE257F256225B8983FA0605
:10473000D58F9546B386F6023259639F9601EE8572
:104740006685AD2E33374501934D1700014D05A801
:104750002A891304C0BCA1BF92479DE79387FCFF41
:104760003385A74193B51C00B3B7A700B385BD40FF
:104770009D8DA92633394501134D1900814DA2475E
:10478000639607165E8BEDA013852C00B33595015B
:10479000EE952D2633354501133515003305AB4015
:1047A0003337AB00B307E9402AD43ED6814D79BFF9
:1047B000330C80406285D5241327F4FF330BE5408A
:1047C000330A640133046C412285C524930635F80D
:1047D000B306DB4022858C0036C0152682461C18A5
:1047E000A6856A88381090004A85EFF0FFC3854798
:1047F0002A84AE8463E167039247854DC9D3A257EB
:104800003257854D9386F7FF93B71700B307F740EC
:1048100036D43ED625BF9307E003E3E967F95A860D
:104820007D55FD55EFD07D961345F5FF93C5F5FFFA
:10483000B3F5B501337595013367B500933D1700A6
:1048400031B73308D5028507B336B502B305B502D3
:10485000C29663E6D400E39696FEE374B4FE324754
:10486000D297BA976343F00085473E8BE3CCFBF0C9
:10487000014C014902C02255B255EFF01FDAC25770
:10488000AE8CD2552AC83E853ECAEFF01FD92A8386
:10489000AE88A94E63E795016397BC08C24763746D
:1048A000F5082285A68546CE1ACCEFF01FD76243C5
:1048B000A94E93361C0033886E02B3FDDD00D2474B
:1048C000F24866D61AD846DA0509AE84B386AE0237
:1048D0003308F840C24713381800337D0D013ED429
:1048E000B306D44013FCF60F2A8471B7A94581465C
:1048F00085472945B9BF338F0E03050533B8BE027E
:10490000B385BE027A9863E60401E31698FEE37469
:10491000B4FE635EAB0063150B00B365940081C900
:1049200085473EC0BDBFA94501480545E9BF6301B4
:104930000D06A94C4253D2551A851AC8EFF0FFCD87
:104940002ECEB385AC0242432A8842CC63926504E2
:104950002255B2550509EFF05FCC2ACA2EC8228530
:10496000A685EFF09FCB93361C00B3FDDD00B38628
:10497000AC02524E42436248F24872D41AD642D830
:1049800046DAAE84B306D44013FCF60F2A845DB732
:1049900063890D0015476316EC0093761400138CA1
:1049A00046008247529981EF4257631A8700525757
:1049B000631797009247054599E763060D00933604
:1049C0005C0013B516002A94B335A400A6952E8A70
:1049D000A284A9460147854C294663E6E500631A8F
:1049E000B7066378D4061DCD635E9B03A24791CFC3
:1049F0003247B3079901330BF70063530B00014BA8
:104A000063D36B015E8B635F9B01130554003334EA
:104A1000850029468146A295EFD04DFCAA842E8AB6
:104A20000509FD1CDA8763D36C01E687139407013F
:104A3000420941841359094122997D19B38B8A0097
:104A4000014BFD1B63408B0223A02A0123823A0104
:104A500015B93308E602850C3337D602B306D60201
:104A60004297A5BF294681462685D285EFD0FDAC69
:104A700013050503A382AB00D2852685294681460E
:104A8000EFD0CDF5AA842E8A050B65BFCD6793873D
:104A900017443305F50249818280B7370B009387AD
:104AA000B7EF3305F50251818280B79712009387E3
:104AB000F7343305F5024D810505828037D7CCCC1C
:104AC00037D6CCCCB7363333AA871307D7CC0145BA
:104AD0001306C6CC93863633B385E5023388C70206
:104AE0002E98B3B5E702C295B387E70263E8B60034
:104AF0006394D50063E4F5000505F9BF8280EFD229
:104B0000DDD6E947335BF502B7590200938B090DF7
:104B100001112E89B377F50213174B00BA9B95E369
:104B200003A70B0083A74B0098C1DCC103A58B0032
:104B300083A5CB002324A9002326B90005616FD0EB
:104B40005DD69389090D8E07CE9703AA070D83AA18
:104B5000470D03A68B0083A6CB001808D6852A84B0
:104B60005285792A03A60B0083A64B00AA842E8CBB
:104B700038085285D6856922E2477247AA8ABE94D0
:104B800033BAF4003A9C629A6366EA00631D4701F7
:104B900063FBF400C247D24613871700B337F70010
:104BA000B6973AC83ECA22852EC6EFF01FF0AA8BF0
:104BB00069453305AB02EFF05FEFB2453387AB4099
:104BC0002686D28656853AC45122935744008A07D6
:104BD000BE9983A7091A06047988B3D787008D8BFD
:104BE0003E95B337F50022474246D246AE97232082
:104BF000A9002322F9002685D285892A25BFEFD274
:104C0000DDC6694B93079501B3D76703B75A020016
:104C100093840A0D9384841F01112E8A338B6703BA
:104C20009207BE943307AB40631FAB009840DC4053
:104C300098C1DCC18844CC442324AA002326BA00AE
:104C400005616FD01DC6938A0A0D0E07569703297A
:104C5000070D8329470D9044D4441808CE852A8433
:104C60004A8579289040D4402A8C93371600AE8B21
:104C700038089D8E4A85CE857D165920E2477247B9
:104C8000AA893E9C3339FC00BA9B5E996366E900B1
:104C9000631D2701637BFC00C247D24613871700C0
:104CA000B337F700B6973AC83ECA5A852EC6EFF01A
:104CB000DFDF2A8B2285EFF05FDFB2453307AB40A1
:104CC0006286CA864E853AC45120935744008A07AB
:104CD000BE9A83A78A2E06047988B3D787008D8B66
:104CE00085073E95B337F50022474246D246AE9738
:104CF0002320AA002322FA006285CA8581282DBFBD
:104D0000B337C5022E83B385C5023338C302BE95BF
:104D1000B3B7F500C2973388A602B3B8A602C2950E
:104D200033B80501C2983308D3023333D3023E9817
:104D3000B3061801B337F80033B8060114C39A97C5
:104D40003E983305C502232207018280EFD2DDB2EF
:104D50002A8A328513060004198EAE89B6853A84F4
:104D6000EFD0ADC22A89AE8422865285CE85EFD09F
:104D70004DBF3365A900C58D6FD05DB3AA95AA87D5
:104D80006385B70003C7070001E73385A74082802A
:104D90008507FDB7EFD2FDAC93D745413A8B93F72A
:104DA000F77F1397C50036841359C700B3E6A700F1
:104DB00033E7260141112A8DB289AA8469EF93074E
:104DC0000003A302F600814C13DAF50123824901A6
:104DD000634E040CB14763CD870C354C330C8C40CB
:104DE0000A0C1306FCFF05458145EFD00DBA135799
:104DF000F50193971500D98F131715003336E0008E
:104E0000B30DF040B306E040B38DCD401306F7FF7D
:104E100013371700998FB3F72701AA8AAE8B337720
:104E2000A60163CFF5006394B700636BE50062866B
:104E30006A85CA8536C6EFD0CDB70589B2460DC1A1
:104E4000EA9A33B5AA01CA9B33097501B707100066
:104E5000D6846347F90083C759008507A382F90008
:104E6000F58C3379B90113070040B5476384EC042E
:104E700093067005A545B38666411316C90113F75D
:104E8000F4009180D18C1359494021E76357F40411
:104E9000FD17E5F70DA81307100381E713070003BB
:104EA0008547A382E900938C17C039BF014465BFD1
:104EB000354455BFB3E4240193674A0099C0936712
:104EC0008A002382F90023A09901228541016FD035
:104ED0001D9D3386E60063C4E50013060703338790
:104EE000F900A302C700E355F4FA3E8455B7EFD2A8
:104EF0005D9A83C74500898B8DC39C452A841375B1
:104F0000F50FAE8482971374F40F6359050083C7BD
:104F1000440093E747002382F4007D5422856FD03C
:104F20009D9982807D55828001458280F401FA003E
:104F3000960064004B0032001E00140000010202C3
:104F40000303030304040404040404040505050521
:104F500005050505050505050505050506060606FD
:104F600006060606060606060606060606060606E1
:104F700006060606060606060606060607070707CD
:104F800007070707070707070707070707070707B1
:104F900007070707070707070707070707070707A1
:104FA0000707070707070707070707070707070791
:104FB000070707070707070707070707080808087D
:104FC0000808080808080808080808080808080861
:104FD0000808080808080808080808080808080851
:104FE0000808080808080808080808080808080841
:104FF0000808080808080808080808080808080831
:105000000808080808080808080808080808080820
:105010000808080808080808080808080808080810
:105020000808080808080808080808080808080800
:105030000808080808080808080808084A3B020089
:10504000643B0200643B0200563B0200643B0200EA
:10505000643B0200643B02003A3B0200643B0200F6
:10506000643B0200643B0200463B0200643B0200DA
:10507000503B0200643B0200643B0200363B0200EE
:1050800024410200B04102008C4202008C42020026
:105090008C4202008C420200B04102008C420200AD
:1050A0008C4202008C4202008C4202008C420200C0
:1050B000BC420200804202008C4202008C4202008C
:1050C000504102008C4202004042020000000000F9
:1050D00000000000000000000000000000000010C0
:1050E0000000000000000000B9340332B7F4AD1432
:1050F00010DB1AB30892540E0D307D951447BA1A7E
:1051000066088F4D26ADC66DF598BF85E2B745118F
:10511000CA96853D92BD1DEBFCA11860DCEF5216CE
:105120003C92AE220BB8C1B4839D2D5B0562DA1CA4
:10513000304C7E8F4E8BB25B16F4529F8B56A5126D
:10514000FBD4827643ED8AF08FE7F93115651918A3
:1051500050F19BD94A13EEB4284CF0A686C1251F06
:10516000035FC270CB9E4916E642889C44EB201434
:10517000B0650836AD6EA58585F0CA14E2FD031A48
:105180000B899979D5B13D09D8DA973A35EBCF102B
:10519000AC363F5E73BB38CF3E6752FA44AFBA15A8
:1051A00001000000000000000500000000000000F9
:1051B00019000000000000007D0000000000000059
:1051C0007102000000000000350C0000000000002B
:1051D000093D0000000000002D310100000000002A
:1051E000E1F505000000000065CD1D000000000095
:1051F000F902950000000000DD0EE9020000000049
:10520000514A8D0E000000009573C2480000000056
:10521000E941CC6B010000008D49FD1A0700000038
:10522000C16FF28623000000C52EBCA2B1000000B1
:10523000D9E9AC2D780300003D9160E458110000DD
:1052400031D6E275BC560000F52E6E4DAEB10100B0
:10525000C9EA268367780800ED95C28F055A2A00AF
:10526000A1EDCCCE1BC2D30025A4000A8BCA220418
:10527000000000000000000000000000000000002E
:1052800000000040955969595555545515555556C6
:10529000040515411054554045515544404550446E
:1052A00050555545004000404004449665555655BC
:1052B000454045545141154055915555555540511E
:1052C00005010000000000000100000000000000D7
:1052D0000000000000000020345065C05FC9A652E5
:1052E000BB13CBAEC440C21806C8DF7100D5A87C82
:1052F000F56F0FDA58FC27136E4756357D2420656D
:1053000002C7E768E48CA41DE9E60268D7CD3961DD
:105310007977FCC2405BEF16798CDE43FFA751F929
:1053200091F3B278F5BDBE11E857E9D6E8BEE87B47
:10533000B054AC8F848D751BEA23A499E9F9D38B03
:10534000B7A3714061DA3E15CEE33ECB73F948084E
:105350008C97B427D51B7010A2BFEFB9EB8532151F
:105360004DB44DB49BBB6F1996B6076CF8E7EEAD24
:1053700036D9B4F59135AE13222218AF4E6A684D76
:1053800091DAAA3D4F40741E9FBD9EE006A1C098D1
:1053900057C2A7FDA40E90170E7D497173E3208FAD
:1053A000B220D87605143B12853D7434811343B086
:1053B000AD297A5F27F4351C5445545445550504EE
:1053C0000010041014044000000001405555154120
:1053D000540400004400010000000040410000446B
:1053E00050444550540055555455655100400040B7
:1053F000010000010005010011545151545555059B
:105400000000000000000000000000000AE1FDFFB5
:1054100032E1FDFF5AE1FDFF70E1FDFF88E1FDFF94
:10542000F4E5FDFF14E6FDFF34E6FDFF54E6FDFF65
:1054300074E6FDFF94E6FDFFB4E6FDFFFE0065782F
:10544000706572696D656E74616C00004D616E759A
:105450006661637475726572204E616D650000004F
:10546000536F667477617265205265766973696FF0
:105470006E00000048617264776172652052657643
:105480006973696F6E0000004669726D77617265BD
:10549000205265766973696F6E000000536572690A
:1054A000616C204E756D6265720000004D6F646521
:1054B0006C204E756D62657200000000557064616D
:1054C0007465202564202D20496E7420307825785D
:1054D000202D204C6174656E63792025640A0000DC
:1054E00072656376207363616E205265712061641A
:1054F0006472200025303278200000005068792046
:105500007570646174652052783A25782054783A31
:105510002578202E2E0A00002A2000004348353826
:10552000785F424C455F4C49425F56322E31000055
:10553000686561642066696C65206572726F722EA1
:105540002E2E00004C494220696E697420657272EB
:105550006F7220636F64653A202578202E2E2E0A04
:1055600000000000496E697469616C697A65642E97
:105570002E0000004164766572746973696E672E4F
:105580002E000000436F6E6E65637465642E2E00FE
:10559000436F6E6E656374656420416476657274F2
:1055A0006973696E672E2E0057616974696E672092
:1055B000666F72206164766572746973696E672EB6
:1055C0002E000000446973636F6E6E6563746564DA
:1055D0002E2E20526561736F6E3A25780A00000006
:1055E0004164766572746973696E672074696D656C
:1055F0006F75742E2E0000004572726F7220257830
:10560000202E2E0A0000000053656E642050687939
:10561000205570646174652025782E2E2E0A0000B6
:10562000696E66006E616E00286E756C6C290000F4
:1056300005010906A101050719E029E71500250163
:10564000750195088102950175088101950575011F
:105650000508190129059102950175039101950627
:105660007508150025650507190029658100C0002A
:1056700076F2FDFF9AF2FDFFF4F2FDFFB4F2FDFFBA
:10568000E0F2FDFF44F3FDFF484944204B65796299
:105690006F61726400000000000000000000000064
:1056A000BA48FEFF2E49FEFFA249FEFFA249FEFFB7
:1056B0003E49FEFFA249FEFF5649FEFF7849FEFF24
:1056C000A249FEFF9249FEFFE649FEFF064AFEFFA1
:1056D000824AFEFF184AFEFF824AFEFF824AFEFF10
:1056E000824AFEFF3A4AFEFF824AFEFF824AFEFFDE
:1056F000824AFEFF5E4AFEFFACB80100C2A600006F
:10570000E8B8010044B4000064B9010010B400001E
:105710001EBA0100DCB30000BABA01005ABF000093
:1057200008BB01005ABF000062BB0100ACBE000014
:105730001EBA01007CB30000F6BB0100C8B6000031
:10574000000000000000000040BC010054B7000051
:10575000B2BC010046A700002C9CFEFF2C9CFEFF63
:10576000529CFEFF6A9CFEFF729CFEFF7A9CFEFF2D
:10577000829CFEFF8A9CFEFF929CFEFF9A9CFEFF8D
:10578000A29CFEFFDA9CFEFFE29CFEFFAA9CFEFFAD
:1057900001010201020101020102040406010401E7
:1057A00001010101040402010400000001010201E1
:1057B00002010102010104040601040101010101C9
:1057C0000401020101000000B8A9FEFFC4A9FEFF08
:1057D00006AAFEFF2CABFEFF36ABFEFF7AABFEFF48
:1057E000BCABFEFFFAABFEFF32ACFEFFCAAAFEFF67
:1057F00066ACFEFFF0ACFEFF12B9FEFFEEB8FEFF96
:1058000012BCFEFF6EBCFEFF76BFFEFF90BDFEFF2A
:10581000D6BDFEFF1ABEFEFF52BEFEFF96BEFEFFC5
:10582000EEB8FEFFDABEFEFF50BFFEFF0000000034
:10583000000000000000000000000087203401008C
:105840005E460100F6340100C04601001A35010031
:10585000BA350100E83501002C360100CA450100C7
:105860003A4501005837010084370100F63701003E
:105870009C380100AA440100BC430100CA42010057
:10588000AC2901004E390100A2390100D4490100C0
:105890006C490100D43901007C3B0100D03C01007F
:1058A0005A3D0100863D01002A4A01002E4A0100AE
:1058B0001C3E01005E3E0100324A0100364A0100F2
:1058C0003A4A01003E4A01002C480100A83E01006E
:1058D000863F0100424A0100464A01003240010071
:1058E0009042010043483538785F424C455F4C494F
:1058F000425F56322E313300783FFFFF863FFFFF75
:105900008E3FFFFF943FFFFF9A3FFFFFBA3FFFFF2D
:10591000C23FFFFFC83FFFFFD23FFFFFD83FFFFF5F
:10592000DE3FFFFFE43FFFFFEA3FFFFFF63FFFFFE1
:10593000FC3FFFFF0240FFFF4440FFFF0840FFFF26
:105940000E40FFFF1440FFFF1A40FFFF2640FFFFFD
:105950004440FFFF4440FFFF4440FFFF4440FFFF3F
:105960004440FFFF4440FFFF4440FFFF4440FFFF2F
:105970003040FFFF2040FFFF4440FFFF3640FFFF65
:105980003E40FFFF8645FFFFB245FFFFD445FFFFC6
:10599000EA45FFFFFE45FFFF1A46FFFF3846FFFFBF
:1059A0004846FFFF6246FFFF7846FFFF9A46FFFF2B
:1059B000B046FFFFC446FFFFD846FFFFF646FFFF95
:1059C0000647FFFF2047FFFFB248FFFFC648FFFF23
:1059D000DC48FFFFFA48FFFF6C4AFFFF4249FFFF28
:1059E0004047FFFF5849FFFF6849FFFF9247FFFF0D
:1059F0009247FFFF5248FFFF5C48FFFF7049FFFFDF
:105A00001C49FFFF8049FFFFF249FFFF344AFFFFB7
:105A1000CE4CFFFF484AFFFF484AFFFF1C4CFFFFE8
:105A2000DC4AFFFF2A4AFFFFC44CFFFF484AFFFF42
:105A3000BE4BFFFF544CFFFF484AFFFF484AFFFFA1
:105A4000484AFFFF484AFFFF484AFFFF484AFFFF16
:105A5000484AFFFF484AFFFF484AFFFF484AFFFF06
:105A60009E4AFFFF684EFFFF4A4FFFFF1C4FFFFF9C
:105A7000824FFFFF824FFFFFFA4FFFFF3E50FFFFB5
:105A80004A4FFFFF4A4FFFFF4A4FFFFF4A4FFFFFBA
:105A90004A4FFFFF4A4FFFFF4A4FFFFF4A4FFFFFAA
:105AA0004A4FFFFF4A4FFFFF4A4FFFFF4A4FFFFF9A
:105AB0005E50FFFF5E50FFFF4A4FFFFF4A4FFFFF60
:105AC0004A4FFFFF4A4FFFFF4A4FFFFF4A4FFFFF7A
:105AD000B850FFFFB850FFFF2455FFFF2E55FFFFC2
:105AE0004455FFFF5055FFFF6455FFFF6C55FFFF06
:105AF0007255FFFF7A55FFFF8255FFFF8855FFFF64
:105B00008E55FFFF9655FFFF9C55FFFFA255FFFFE7
:105B1000AA55FFFFE455FFFFE455FFFFB055FFFF17
:105B2000BA55FFFFC055FFFFC655FFFFCC55FFFF1D
:105B3000D455FFFFDE55FFFFC455FFFFE055FFFFC3
:105B4000F455FFFF0C58FFFF0C56FFFF6656FFFF92
:105B50007A56FFFF8E56FFFFA656FFFFBE56FFFF89
:105B6000CE56FFFFE656FFFF0C58FFFFFE56FFFF25
:105B70000C58FFFF0C58FFFF1057FFFF3457FFFF73
:105B80005857FFFF6C57FFFF7A57FFFF8C57FFFFF7
:105B9000CE57FFFFFB349B5F8000008000100000A9
:105BA00000000000070B0D1113171D1F25292B2FB7
:105BB000353B3D4347494F535961FF00BA84FFFFCE
:105BC000F684FFFF2286FFFFC686FFFFD686FFFF13
:105BD000C287FFFF5A87FFFF3088FFFFDE88FFFF85
:105BE0004684FFFFCC85FFFF6E85FFFFAA87FFFF7E
:105BF0002620020026180200DC170200FC1C02000E
:105C0000CC1C02009E1C02005E1C0200301C020024
:105C1000121E0200161E0200AA1A02001A1E02001C
:105C20006A1A02001E1E0200461A0200221E02000C
:105C3000181A0200081A0200D0190200261E0200DB
:105C4000AE1902002A1E02002E1E0200321E0200A1
:105C5000361E0200E0170200F41702003A1E02008E
:105C60003E1E0200421E0200461E02000A1E0200E4
:105C700044190200BA1802000E1E0200A81D0200FC
:105C8000421D0200F817020002000000A85C02009A
:105C9000012A0000A62A00000328000002290000B3
:105CA000002A000007290000001800000118000069
:105CB00002280000042A0000002800000829000033
:085CC00001280000052A000084
:105CC800411122C426C217E4FD1F1304A44A97E415
:105CD800FD1F9384E445944858409387C19606C6AF
:105CE8009C43639FE60682975440B74736FE9387E6
:105CF80007C8B6973387A7003A856364F7006364DB
:105D0800D7003305D74097E4FD1F9384645E9C4C0D
:105D180091CB9387C1A494433707CDFF7D179C4649
:105D2800F98F9CC611E1484097E7FD1F9387873C90
:105D3800DC53829719E59C4C99CFEFF07EB0EFF0D9
:105D48000E9A9C4C89CB9387C1A49843B70633001D
:105D58001C47D58F1CC7B24022449244410182801F
:105D68008297984897E7FD1F83C7173A54401D8FBD
:105D7800B307A7003E8563E4E700E3E6D7F8338579
:045D8800D74051B7F8
:105D8C00FA36000076370000000000000200000028
:105D9C00B85C020001000000002600200200000098
:105DAC00985C0200010000008B250020020000001E
:105DBC0008260020010000008A25002002000000B7
:105DCC009C5C020003000000802800200200000000
:105DDC00BC5C020001000000882500207E39000018
:105DEC00000000000000000002000000B85C02008F
:105DFC00010000001026002002000000985C020048
:105E0C00010000009F250020020000003826002021
:105E1C0001000000A026002002000000985C020097
:105E2C00010000009E250020020000003426002006
:105E3C0001000000AC54020002000000985C02005B
:105E4C00010000009D2500200200000030260020EB
:105E5C00010000009C54020002000000985C02004B
:105E6C00010000009C250020020000002C260020D0
:105E7C00010000008854020002000000985C02003F
:105E8C00010000009B2500200200000028260020B5
:105E9C00010000007454020002000000985C020033
:105EAC00010000009A25002002000000242600209A
:105EBC00010000006054020002000000985C020027
:105ECC00010000009925002002000000202600207F
:105EDC00010000004C54020002000000985C02001B
:105EEC000100000098250020020000001C26002064
:105EFC00010000003C54020002000000985C02000B
:105F0C000100000097250020020000001826002048
:105F1C000100000090250020FA3B0000D23B00005D
:105F2C0000000000163D0000000000005C3B00007B
:105F3C00DC3F0000F4400000000000000200000004
:105F4C00B85C0200010000004026002002000000A6
:105F5C00B05C020001000000CC2600200200000012
:105F6C00985C020001000000B72500200200000030
:105F7C005C260020400000004826002002000000A3
:105F8C00985C020001000000B12500200200000016
:105F9C005426002080000000CA26002002000000C9
:105FAC00985C020001000000B025002002000000F7
:105FBC004C260020C0000000AF250020020000008D
:105FCC00985C020001000000B625002002000000D1
:105FDC00582600204000000030560200020000004D
:105FEC00A45C020001000000B425002002000000A7
:105FFC00985C020001000000AE25002002000000A9
:10600C005026002040000000C9260020020000009D
:10601C009C5C020081000000A0280020020000000F
:10602C00BC5C020001000000AC2500200200000056
:10603C00985C020001000000AA250020020000006C
:10604C0050260020C0000000C826002002000000DE
:10605C00BC5C020001000000A8250020020000002A
:10606C00985C020001000000A42500200200000042
:10607C006426002040000000C7260020020000001B
:10608C009C5C0200810000009028002002000000AF
:10609C00985C020001000000A32500200200000013
:1060AC0060260020C0000000C62600200200000070
:1060BC00985C020001000000A225002002000000F4
:1060CC0050260020C0000000C52600200200000061
:1060DC00BC5C020001000000A0250020DA43000097
:1060EC00DE4300000000000002000000B85C02006B
:1060FC00010000006C26002002000000985C0200E9
:10610C0001000000BB2500200200000078260020C2
:10611C0080000000D426002002000000985C0200E1
:10612C0001000000BA2500200200000074260020A7
:10613C0000000000D0260020020000009C5C020041
:10614C0081000000E8280020CA490000C448000073
:10615C0000000000C64800000201050319C1030D30
:10616C0009484944204B657962726F6164000000F4
:10617C00051208000800050212180F18020A000088
:10618C0002000000B85C020001000000885C020004
:10619C0002000000985C020001000000D3250020E2
:1061AC0002000000A05C02000100000000000000E2
:1061BC0002000000985C020001000000D0250020C5
:1061CC0002000000905C0200010000005C2700202F
:1061DC0002000000985C020001000000D4250020A1
:1061EC0002000000B45C020001000000D825002071
:1061FC0002000000985C020001000000D225002083
:10620C0002000000945C020001000000D125002077
:10621C00209B0000769C00000000000002000000A3
:10622C00B85C020001000000E42500200200000020
:10623C00985C020001000000EF2500200200000025
:10624C00C45C02000000000000000000020000001E
:10625C009C5C020003000000000000000000000035
:10626C00D4A80000000000000000000003000000A3
:10627C00224F0200244F0200284F020000000000B1
:10628C00040164129901110101D7070000100102E9
:10629C00020202020202020200030A0E12000000B5
:1062AC0000020E000001120106040000192A02026D
:1062BC003F0010040400FEFF60EA00000100000033
:1062CC00FF000000C3812F01020102020200000046
:1062DC005000A0000000E803FFFF000002000000D7
:1062EC00AC5C02000100FF2001050201011001015C
:1062FC00CDCCCCCCCCCCCCCC020000000C260020DD
:10630C00192A00000F180000020000003C26002093
:10631C00502A00002A2A0000292A0000282A0000FE
:10632C00272A0000262A0000252A0000242A000023
:10633C00232A00000A180000020000006826002032
:10634C00110100014E2A00004D2A00004C2A0000C9
:10635C004B2A00004A2A0000322A0000222A0000A0
:10636C0012180000020000007C260020312A0000D8
:0C637C004F2A00001318000070250020BC
:00000001FF
